timestamp,rain_intensity_1h,rain_accum_6h,rain_accum_24h,is_flooded
2024-01-01 00:00:00,0.0,0.0,0.0,0
2024-01-01 01:00:00,0.0,0.0,0.0,0
2024-01-01 02:00:00,0.0,0.0,0.0,0
2024-01-01 03:00:00,0.0,0.0,0.0,0
2024-01-01 04:00:00,0.0,0.0,0.0,0
2024-01-01 05:00:00,0.0,0.0,0.0,0
2024-01-01 06:00:00,0.0,0.0,0.0,0
2024-01-01 07:00:00,0.0,0.0,0.0,0
2024-01-01 08:00:00,0.0,0.0,0.0,0
2024-01-01 09:00:00,0.0,0.0,0.0,0
2024-01-01 10:00:00,0.0,0.0,0.0,0
2024-01-01 11:00:00,0.0,0.0,0.0,0
2024-01-01 12:00:00,0.0,0.0,0.0,0
2024-01-01 13:00:00,0.3,0.3,0.3,0
2024-01-01 14:00:00,2.8,3.0999999999999996,3.0999999999999996,0
2024-01-01 15:00:00,0.5,3.5999999999999996,3.5999999999999996,0
2024-01-01 16:00:00,0.1,3.6999999999999997,3.6999999999999997,0
2024-01-01 17:00:00,0.0,3.6999999999999997,3.6999999999999997,0
2024-01-01 18:00:00,0.0,3.6999999999999997,3.6999999999999997,0
2024-01-01 19:00:00,0.0,3.4,3.6999999999999997,0
2024-01-01 20:00:00,0.0,0.6,3.6999999999999997,0
2024-01-01 21:00:00,0.0,0.1,3.6999999999999997,0
2024-01-01 22:00:00,0.0,0.0,3.6999999999999997,0
2024-01-01 23:00:00,0.0,0.0,3.6999999999999997,0
2024-01-02 00:00:00,0.0,0.0,3.6999999999999997,0
2024-01-02 01:00:00,0.0,0.0,3.6999999999999997,0
2024-01-02 02:00:00,0.0,0.0,3.6999999999999997,0
2024-01-02 03:00:00,0.0,0.0,3.6999999999999997,0
2024-01-02 04:00:00,0.0,0.0,3.6999999999999997,0
2024-01-02 05:00:00,0.0,0.0,3.6999999999999997,0
2024-01-02 06:00:00,0.0,0.0,3.6999999999999997,0
2024-01-02 07:00:00,0.0,0.0,3.6999999999999997,0
2024-01-02 08:00:00,0.0,0.0,3.6999999999999997,0
2024-01-02 09:00:00,0.0,0.0,3.6999999999999997,0
2024-01-02 10:00:00,0.2,0.2,3.8999999999999995,0
2024-01-02 11:00:00,3.9,4.1,7.799999999999999,0
2024-01-02 12:00:00,1.0,5.1,8.799999999999999,0
2024-01-02 13:00:00,1.1,6.2,9.599999999999998,0
2024-01-02 14:00:00,1.4,7.6,8.2,0
2024-01-02 15:00:00,0.5,8.1,8.2,0
2024-01-02 16:00:00,0.9,8.8,9.0,0
2024-01-02 17:00:00,0.6,5.5,9.6,0
2024-01-02 18:00:00,0.0,4.5,9.6,0
2024-01-02 19:00:00,0.0,3.4,9.6,0
2024-01-02 20:00:00,0.0,2.0,9.6,0
2024-01-02 21:00:00,0.0,1.5,9.6,0
2024-01-02 22:00:00,0.0,0.6,9.6,0
2024-01-02 23:00:00,0.0,0.0,9.6,0
2024-01-03 00:00:00,0.0,0.0,9.6,0
2024-01-03 01:00:00,0.0,0.0,9.6,0
2024-01-03 02:00:00,0.0,0.0,9.6,0
2024-01-03 03:00:00,0.0,0.0,9.6,0
2024-01-03 04:00:00,0.0,0.0,9.6,0
2024-01-03 05:00:00,0.0,0.0,9.6,0
2024-01-03 06:00:00,0.0,0.0,9.6,0
2024-01-03 07:00:00,0.0,0.0,9.6,0
2024-01-03 08:00:00,0.0,0.0,9.6,0
2024-01-03 09:00:00,0.0,0.0,9.6,0
2024-01-03 10:00:00,0.2,0.2,9.6,0
2024-01-03 11:00:00,1.0,1.2,6.7,0
2024-01-03 12:00:00,0.0,1.2,5.699999999999999,0
2024-01-03 13:00:00,0.3,1.5,4.8999999999999995,0
2024-01-03 14:00:00,0.3,1.7999999999999998,3.8,0
2024-01-03 15:00:00,0.1,1.9,3.4,0
2024-01-03 16:00:00,0.0,1.7,2.5,0
2024-01-03 17:00:00,0.0,0.7,1.9,0
2024-01-03 18:00:00,0.0,0.7,1.9,0
2024-01-03 19:00:00,0.0,0.4,1.9,0
2024-01-03 20:00:00,0.0,0.1,1.9,0
2024-01-03 21:00:00,0.0,0.0,1.9,0
2024-01-03 22:00:00,0.0,0.0,1.9,0
2024-01-03 23:00:00,0.0,0.0,1.9,0
2024-01-04 00:00:00,0.0,0.0,1.9,0
2024-01-04 01:00:00,0.0,0.0,1.9,0
2024-01-04 02:00:00,0.1,0.1,2.0,0
2024-01-04 03:00:00,0.2,0.30000000000000004,2.2,0
2024-01-04 04:00:00,0.2,0.5,2.4,0
2024-01-04 05:00:00,0.0,0.5,2.4,0
2024-01-04 06:00:00,0.0,0.5,2.4,0
2024-01-04 07:00:00,0.0,0.5,2.4,0
2024-01-04 08:00:00,0.0,0.4,2.4,0
2024-01-04 09:00:00,0.0,0.2,2.4,0
2024-01-04 10:00:00,0.0,0.0,2.1999999999999997,0
2024-01-04 11:00:00,0.0,0.0,1.2,0
2024-01-04 12:00:00,0.3,0.3,1.5,0
2024-01-04 13:00:00,0.1,0.4,1.3,0
2024-01-04 14:00:00,0.2,0.6,1.2,0
2024-01-04 15:00:00,0.2,0.8,1.3,0
2024-01-04 16:00:00,0.1,0.9,1.4000000000000001,0
2024-01-04 17:00:00,0.0,0.9,1.4000000000000001,0
2024-01-04 18:00:00,0.1,0.7000000000000001,1.5,0
2024-01-04 19:00:00,0.0,0.6,1.5,0
2024-01-04 20:00:00,0.0,0.4,1.5,0
2024-01-04 21:00:00,0.0,0.2,1.5,0
2024-01-04 22:00:00,0.0,0.1,1.5,0
2024-01-04 23:00:00,0.0,0.1,1.5,0
2024-01-05 00:00:00,0.0,0.0,1.5,0
2024-01-05 01:00:00,0.0,0.0,1.5,0
2024-01-05 02:00:00,0.0,0.0,1.4,0
2024-01-05 03:00:00,0.3,0.3,1.5,0
2024-01-05 04:00:00,0.1,0.4,1.4000000000000001,0
2024-01-05 05:00:00,0.1,0.5,1.5,0
2024-01-05 06:00:00,0.4,0.9,1.9000000000000001,0
2024-01-05 07:00:00,0.2,1.1,2.1,0
2024-01-05 08:00:00,0.1,1.2,2.2,0
2024-01-05 09:00:00,0.0,0.9,2.2,0
2024-01-05 10:00:00,0.1,0.9,2.3000000000000003,0
2024-01-05 11:00:00,0.1,0.9,2.4,0
2024-01-05 12:00:00,0.2,0.7000000000000001,2.3,0
2024-01-05 13:00:00,0.1,0.6,2.3000000000000003,0
2024-01-05 14:00:00,0.2,0.7,2.3,0
2024-01-05 15:00:00,0.1,0.8,2.1999999999999997,0
2024-01-05 16:00:00,0.2,0.9,2.3000000000000003,0
2024-01-05 17:00:00,0.1,0.9000000000000001,2.4000000000000004,0
2024-01-05 18:00:00,0.1,0.8,2.4000000000000004,0
2024-01-05 19:00:00,0.0,0.7000000000000001,2.4000000000000004,0
2024-01-05 20:00:00,0.0,0.5,2.4000000000000004,0
2024-01-05 21:00:00,0.0,0.4,2.4000000000000004,0
2024-01-05 22:00:00,0.0,0.2,2.4000000000000004,0
2024-01-05 23:00:00,0.0,0.1,2.4000000000000004,0
2024-01-06 00:00:00,0.2,0.2,2.6,0
2024-01-06 01:00:00,0.0,0.2,2.6,0
2024-01-06 02:00:00,0.0,0.2,2.6,0
2024-01-06 03:00:00,0.1,0.30000000000000004,2.4,0
2024-01-06 04:00:00,0.1,0.4,2.4000000000000004,0
2024-01-06 05:00:00,0.0,0.4,2.3000000000000003,0
2024-01-06 06:00:00,0.0,0.2,1.9000000000000001,0
2024-01-06 07:00:00,0.0,0.2,1.7000000000000002,0
2024-01-06 08:00:00,0.0,0.2,1.6,0
2024-01-06 09:00:00,0.0,0.1,1.6,0
2024-01-06 10:00:00,0.1,0.1,1.6,0
2024-01-06 11:00:00,0.3,0.4,1.8,0
2024-01-06 12:00:00,0.5,0.8999999999999999,2.1,0
2024-01-06 13:00:00,0.3,1.2,2.3,0
2024-01-06 14:00:00,0.2,1.4,2.3,0
2024-01-06 15:00:00,0.4,1.8,2.6,0
2024-01-06 16:00:00,0.5,2.1999999999999997,2.9,0
2024-01-06 17:00:00,1.5,3.4000000000000004,4.3,0
2024-01-06 18:00:00,0.1,3.0,4.3,0
2024-01-06 19:00:00,0.1,2.8,4.4,0
2024-01-06 20:00:00,0.0,2.6,4.4,0
2024-01-06 21:00:00,0.1,2.3000000000000003,4.5,0
2024-01-06 22:00:00,0.1,1.9,4.6000000000000005,0
2024-01-06 23:00:00,0.1,0.5,4.7,0
2024-01-07 00:00:00,0.1,0.5,4.6,0
2024-01-07 01:00:00,0.2,0.6000000000000001,4.8,0
2024-01-07 02:00:00,0.1,0.7000000000000001,4.9,0
2024-01-07 03:00:00,0.1,0.7000000000000001,4.9,0
2024-01-07 04:00:00,0.0,0.6000000000000001,4.8,0
2024-01-07 05:00:00,0.1,0.6,4.8999999999999995,0
2024-01-07 06:00:00,0.1,0.6000000000000001,5.0,0
2024-01-07 07:00:00,0.4,0.8,5.4,0
2024-01-07 08:00:00,0.1,0.8,5.5,0
2024-01-07 09:00:00,0.1,0.8,5.6,0
2024-01-07 10:00:00,0.0,0.8,5.5,0
2024-01-07 11:00:00,0.1,0.8,5.3,0
2024-01-07 12:00:00,0.1,0.8,4.9,0
2024-01-07 13:00:00,0.1,0.5,4.7,0
2024-01-07 14:00:00,0.0,0.4,4.5,0
2024-01-07 15:00:00,0.2,0.5,4.3,0
2024-01-07 16:00:00,0.3,0.8,4.1,0
2024-01-07 17:00:00,0.2,0.9000000000000001,2.8000000000000003,0
2024-01-07 18:00:00,0.1,0.9,2.8,0
2024-01-07 19:00:00,0.0,0.8,2.6999999999999997,0
2024-01-07 20:00:00,0.0,0.8,2.6999999999999997,0
2024-01-07 21:00:00,0.4,1.0,3.0000000000000004,0
2024-01-07 22:00:00,0.0,0.7000000000000001,2.9000000000000004,0
2024-01-07 23:00:00,0.0,0.5,2.8000000000000003,0
2024-01-08 00:00:00,0.0,0.4,2.7,0
2024-01-08 01:00:00,0.0,0.4,2.5,0
2024-01-08 02:00:00,0.0,0.4,2.4000000000000004,0
2024-01-08 03:00:00,0.1,0.1,2.4000000000000004,0
2024-01-08 04:00:00,0.4,0.5,2.8000000000000003,0
2024-01-08 05:00:00,7.5,8.0,10.2,0
2024-01-08 06:00:00,0.2,8.2,10.3,0
2024-01-08 07:00:00,0.1,8.3,10.0,0
2024-01-08 08:00:00,0.0,8.3,9.9,0
2024-01-08 09:00:00,0.0,8.200000000000001,9.8,0
2024-01-08 10:00:00,0.1,7.9,9.9,0
2024-01-08 11:00:00,0.4,0.8,10.2,0
2024-01-08 12:00:00,0.5,1.1,10.6,0
2024-01-08 13:00:00,0.2,1.2,10.700000000000001,0
2024-01-08 14:00:00,0.2,1.4,10.9,0
2024-01-08 15:00:00,0.1,1.5,10.8,0
2024-01-08 16:00:00,0.2,1.5999999999999999,10.700000000000001,0
2024-01-08 17:00:00,0.0,1.2,10.500000000000002,0
2024-01-08 18:00:00,0.0,0.7000000000000001,10.4,0
2024-01-08 19:00:00,0.0,0.5,10.4,0
2024-01-08 20:00:00,0.0,0.30000000000000004,10.4,0
2024-01-08 21:00:00,0.0,0.2,10.000000000000002,0
2024-01-08 22:00:00,0.0,0.0,10.000000000000002,0
2024-01-08 23:00:00,0.0,0.0,10.000000000000002,0
2024-01-09 00:00:00,0.0,0.0,10.000000000000002,0
2024-01-09 01:00:00,0.0,0.0,10.000000000000002,0
2024-01-09 02:00:00,0.0,0.0,10.000000000000002,0
2024-01-09 03:00:00,0.0,0.0,9.9,0
2024-01-09 04:00:00,0.0,0.0,9.500000000000002,0
2024-01-09 05:00:00,0.0,0.0,2.0,0
2024-01-09 06:00:00,0.0,0.0,1.8,0
2024-01-09 07:00:00,0.0,0.0,1.7,0
2024-01-09 08:00:00,0.0,0.0,1.7,0
2024-01-09 09:00:00,0.0,0.0,1.7,0
2024-01-09 10:00:00,0.0,0.0,1.6,0
2024-01-09 11:00:00,0.1,0.1,1.3,0
2024-01-09 12:00:00,0.1,0.2,0.9,0
2024-01-09 13:00:00,0.0,0.2,0.7,0
2024-01-09 14:00:00,0.0,0.2,0.5,0
2024-01-09 15:00:00,0.1,0.30000000000000004,0.5,0
2024-01-09 16:00:00,0.1,0.4,0.4,0
2024-01-09 17:00:00,0.0,0.30000000000000004,0.4,0
2024-01-09 18:00:00,0.0,0.2,0.4,0
2024-01-09 19:00:00,0.0,0.2,0.4,0
2024-01-09 20:00:00,0.0,0.2,0.4,0
2024-01-09 21:00:00,0.0,0.1,0.4,0
2024-01-09 22:00:00,0.0,0.0,0.4,0
2024-01-09 23:00:00,0.0,0.0,0.4,0
2024-01-10 00:00:00,0.0,0.0,0.4,0
2024-01-10 01:00:00,0.0,0.0,0.4,0
2024-01-10 02:00:00,0.0,0.0,0.4,0
2024-01-10 03:00:00,0.0,0.0,0.4,0
2024-01-10 04:00:00,0.0,0.0,0.4,0
2024-01-10 05:00:00,0.0,0.0,0.4,0
2024-01-10 06:00:00,0.0,0.0,0.4,0
2024-01-10 07:00:00,0.0,0.0,0.4,0
2024-01-10 08:00:00,0.0,0.0,0.4,0
2024-01-10 09:00:00,0.1,0.1,0.5,0
2024-01-10 10:00:00,0.1,0.2,0.6,0
2024-01-10 11:00:00,0.1,0.30000000000000004,0.6000000000000001,0
2024-01-10 12:00:00,0.0,0.30000000000000004,0.5,0
2024-01-10 13:00:00,0.0,0.30000000000000004,0.5,0
2024-01-10 14:00:00,0.0,0.30000000000000004,0.5,0
2024-01-10 15:00:00,0.0,0.2,0.4,0
2024-01-10 16:00:00,0.0,0.1,0.30000000000000004,0
2024-01-10 17:00:00,0.0,0.0,0.30000000000000004,0
2024-01-10 18:00:00,0.0,0.0,0.30000000000000004,0
2024-01-10 19:00:00,0.1,0.1,0.4,0
2024-01-10 20:00:00,0.0,0.1,0.4,0
2024-01-10 21:00:00,0.0,0.1,0.4,0
2024-01-10 22:00:00,0.0,0.1,0.4,0
2024-01-10 23:00:00,0.0,0.1,0.4,0
2024-01-11 00:00:00,0.0,0.1,0.4,0
2024-01-11 01:00:00,0.0,0.0,0.4,0
2024-01-11 02:00:00,0.0,0.0,0.4,0
2024-01-11 03:00:00,0.0,0.0,0.4,0
2024-01-11 04:00:00,0.0,0.0,0.4,0
2024-01-11 05:00:00,0.0,0.0,0.4,0
2024-01-11 06:00:00,0.0,0.0,0.4,0
2024-01-11 07:00:00,0.0,0.0,0.4,0
2024-01-11 08:00:00,0.0,0.0,0.4,0
2024-01-11 09:00:00,0.1,0.1,0.4,0
2024-01-11 10:00:00,0.2,0.30000000000000004,0.5,0
2024-01-11 11:00:00,0.1,0.4,0.5,0
2024-01-11 12:00:00,0.0,0.4,0.5,0
2024-01-11 13:00:00,0.0,0.4,0.5,0
2024-01-11 14:00:00,0.1,0.5,0.6000000000000001,0
2024-01-11 15:00:00,0.0,0.4,0.6000000000000001,0
2024-01-11 16:00:00,0.0,0.2,0.6000000000000001,0
2024-01-11 17:00:00,0.0,0.1,0.6000000000000001,0
2024-01-11 18:00:00,0.3,0.4,0.9,0
2024-01-11 19:00:00,0.3,0.7,1.1,0
2024-01-11 20:00:00,0.2,0.8,1.3,0
2024-01-11 21:00:00,0.0,0.8,1.3,0
2024-01-11 22:00:00,0.0,0.8,1.3,0
2024-01-11 23:00:00,0.0,0.8,1.3,0
2024-01-12 00:00:00,0.0,0.49999999999999994,1.3,0
2024-01-12 01:00:00,0.0,0.19999999999999996,1.3,0
2024-01-12 02:00:00,0.1,0.09999999999999995,1.4000000000000001,0
2024-01-12 03:00:00,0.1,0.19999999999999996,1.5,0
2024-01-12 04:00:00,0.0,0.19999999999999996,1.5,0
2024-01-12 05:00:00,0.0,0.19999999999999996,1.5,0
2024-01-12 06:00:00,0.0,0.19999999999999996,1.5,0
2024-01-12 07:00:00,0.0,0.19999999999999996,1.5,0
2024-01-12 08:00:00,0.0,0.09999999999999995,1.5,0
2024-01-12 09:00:00,0.0,0.0,1.4,0
2024-01-12 10:00:00,0.0,0.0,1.2,0
2024-01-12 11:00:00,0.0,0.0,1.0999999999999999,0
2024-01-12 12:00:00,0.0,0.0,1.0999999999999999,0
2024-01-12 13:00:00,0.0,0.0,1.0999999999999999,0
2024-01-12 14:00:00,0.0,0.0,1.0,0
2024-01-12 15:00:00,0.0,0.0,1.0,0
2024-01-12 16:00:00,0.0,0.0,1.0,0
2024-01-12 17:00:00,0.0,0.0,1.0,0
2024-01-12 18:00:00,0.0,0.0,0.7,0
2024-01-12 19:00:00,0.0,0.0,0.4,0
2024-01-12 20:00:00,0.0,0.0,0.2,0
2024-01-12 21:00:00,0.0,0.0,0.2,0
2024-01-12 22:00:00,0.0,0.0,0.2,0
2024-01-12 23:00:00,0.0,0.0,0.2,0
2024-01-13 00:00:00,0.0,0.0,0.2,0
2024-01-13 01:00:00,0.0,0.0,0.2,0
2024-01-13 02:00:00,0.0,0.0,0.1,0
2024-01-13 03:00:00,0.0,0.0,0.0,0
2024-01-13 04:00:00,0.0,0.0,0.0,0
2024-01-13 05:00:00,0.0,0.0,0.0,0
2024-01-13 06:00:00,0.0,0.0,0.0,0
2024-01-13 07:00:00,0.0,0.0,0.0,0
2024-01-13 08:00:00,0.0,0.0,0.0,0
2024-01-13 09:00:00,0.0,0.0,0.0,0
2024-01-13 10:00:00,0.0,0.0,0.0,0
2024-01-13 11:00:00,0.0,0.0,0.0,0
2024-01-13 12:00:00,0.0,0.0,0.0,0
2024-01-13 13:00:00,0.0,0.0,0.0,0
2024-01-13 14:00:00,0.0,0.0,0.0,0
2024-01-13 15:00:00,0.0,0.0,0.0,0
2024-01-13 16:00:00,0.0,0.0,0.0,0
2024-01-13 17:00:00,0.0,0.0,0.0,0
2024-01-13 18:00:00,0.0,0.0,0.0,0
2024-01-13 19:00:00,0.0,0.0,0.0,0
2024-01-13 20:00:00,0.0,0.0,0.0,0
2024-01-13 21:00:00,0.0,0.0,0.0,0
2024-01-13 22:00:00,0.0,0.0,0.0,0
2024-01-13 23:00:00,0.0,0.0,0.0,0
2024-01-14 00:00:00,0.0,0.0,0.0,0
2024-01-14 01:00:00,0.0,0.0,0.0,0
2024-01-14 02:00:00,0.0,0.0,0.0,0
2024-01-14 03:00:00,0.0,0.0,0.0,0
2024-01-14 04:00:00,0.0,0.0,0.0,0
2024-01-14 05:00:00,0.1,0.09999999999999995,0.1,0
2024-01-14 06:00:00,0.1,0.19999999999999996,0.2,0
2024-01-14 07:00:00,0.0,0.19999999999999996,0.2,0
2024-01-14 08:00:00,0.0,0.19999999999999996,0.2,0
2024-01-14 09:00:00,0.0,0.19999999999999996,0.2,0
2024-01-14 10:00:00,0.0,0.19999999999999996,0.2,0
2024-01-14 11:00:00,0.1,0.19999999999999996,0.30000000000000004,0
2024-01-14 12:00:00,0.0,0.09999999999999995,0.30000000000000004,0
2024-01-14 13:00:00,0.1,0.19999999999999996,0.4,0
2024-01-14 14:00:00,0.1,0.29999999999999993,0.5,0
2024-01-14 15:00:00,0.0,0.29999999999999993,0.5,0
2024-01-14 16:00:00,0.1,0.39999999999999997,0.6000000000000001,0
2024-01-14 17:00:00,0.0,0.29999999999999993,0.6000000000000001,0
2024-01-14 18:00:00,0.0,0.29999999999999993,0.6000000000000001,0
2024-01-14 19:00:00,0.0,0.19999999999999996,0.6000000000000001,0
2024-01-14 20:00:00,0.0,0.09999999999999995,0.6000000000000001,0
2024-01-14 21:00:00,0.0,0.09999999999999995,0.6000000000000001,0
2024-01-14 22:00:00,0.0,0.0,0.6000000000000001,0
2024-01-14 23:00:00,0.0,0.0,0.6000000000000001,0
2024-01-15 00:00:00,0.0,0.0,0.6000000000000001,0
2024-01-15 01:00:00,0.0,0.0,0.6000000000000001,0
2024-01-15 02:00:00,0.0,0.0,0.6000000000000001,0
2024-01-15 03:00:00,0.0,0.0,0.6000000000000001,0
2024-01-15 04:00:00,0.0,0.0,0.6000000000000001,0
2024-01-15 05:00:00,0.0,0.0,0.5,0
2024-01-15 06:00:00,0.0,0.0,0.4,0
2024-01-15 07:00:00,0.0,0.0,0.4,0
2024-01-15 08:00:00,0.0,0.0,0.4,0
2024-01-15 09:00:00,0.0,0.0,0.4,0
2024-01-15 10:00:00,0.0,0.0,0.4,0
2024-01-15 11:00:00,0.0,0.0,0.30000000000000004,0
2024-01-15 12:00:00,0.0,0.0,0.30000000000000004,0
2024-01-15 13:00:00,0.0,0.0,0.2,0
2024-01-15 14:00:00,0.0,0.0,0.1,0
2024-01-15 15:00:00,0.0,0.0,0.1,0
2024-01-15 16:00:00,0.0,0.0,0.0,0
2024-01-15 17:00:00,0.0,0.0,0.0,0
2024-01-15 18:00:00,0.0,0.0,0.0,0
2024-01-15 19:00:00,0.1,0.09999999999999995,0.1,0
2024-01-15 20:00:00,0.0,0.09999999999999995,0.1,0
2024-01-15 21:00:00,0.0,0.09999999999999995,0.1,0
2024-01-15 22:00:00,0.0,0.09999999999999995,0.1,0
2024-01-15 23:00:00,0.0,0.09999999999999995,0.1,0
2024-01-16 00:00:00,0.0,0.09999999999999995,0.1,0
2024-01-16 01:00:00,0.0,0.0,0.1,0
2024-01-16 02:00:00,0.0,0.0,0.1,0
2024-01-16 03:00:00,0.0,0.0,0.1,0
2024-01-16 04:00:00,0.0,0.0,0.1,0
2024-01-16 05:00:00,0.0,0.0,0.1,0
2024-01-16 06:00:00,0.0,0.0,0.1,0
2024-01-16 07:00:00,0.0,0.0,0.1,0
2024-01-16 08:00:00,0.0,0.0,0.1,0
2024-01-16 09:00:00,0.0,0.0,0.1,0
2024-01-16 10:00:00,0.0,0.0,0.1,0
2024-01-16 11:00:00,0.2,0.19999999999999996,0.30000000000000004,0
2024-01-16 12:00:00,0.2,0.39999999999999997,0.5,0
2024-01-16 13:00:00,0.2,0.6,0.7000000000000001,0
2024-01-16 14:00:00,0.6,1.2,1.3,0
2024-01-16 15:00:00,0.1,1.3,1.4000000000000001,0
2024-01-16 16:00:00,0.1,1.4,1.5,0
2024-01-16 17:00:00,0.0,1.2,1.5,0
2024-01-16 18:00:00,0.0,1.0,1.5,0
2024-01-16 19:00:00,0.0,0.8,1.4,0
2024-01-16 20:00:00,0.0,0.1999999999999999,1.4,0
2024-01-16 21:00:00,0.0,0.0999999999999999,1.4,0
2024-01-16 22:00:00,0.0,0.0,1.4,0
2024-01-16 23:00:00,0.0,0.0,1.4,0
2024-01-17 00:00:00,0.0,0.0,1.4,0
2024-01-17 01:00:00,0.0,0.0,1.4,0
2024-01-17 02:00:00,0.0,0.0,1.4,0
2024-01-17 03:00:00,0.0,0.0,1.4,0
2024-01-17 04:00:00,0.0,0.0,1.4,0
2024-01-17 05:00:00,0.0,0.0,1.4,0
2024-01-17 06:00:00,0.0,0.0,1.4,0
2024-01-17 07:00:00,0.0,0.0,1.4,0
2024-01-17 08:00:00,0.0,0.0,1.4,0
2024-01-17 09:00:00,0.0,0.0,1.4,0
2024-01-17 10:00:00,0.0,0.0,1.4,0
2024-01-17 11:00:00,0.0,0.0,1.2,0
2024-01-17 12:00:00,0.0,0.0,1.0,0
2024-01-17 13:00:00,0.0,0.0,0.8,0
2024-01-17 14:00:00,0.0,0.0,0.2,0
2024-01-17 15:00:00,0.0,0.0,0.1,0
2024-01-17 16:00:00,0.0,0.0,0.0,0
2024-01-17 17:00:00,0.0,0.0,0.0,0
2024-01-17 18:00:00,0.0,0.0,0.0,0
2024-01-17 19:00:00,0.0,0.0,0.0,0
2024-01-17 20:00:00,0.0,0.0,0.0,0
2024-01-17 21:00:00,0.0,0.0,0.0,0
2024-01-17 22:00:00,0.0,0.0,0.0,0
2024-01-17 23:00:00,0.0,0.0,0.0,0
2024-01-18 00:00:00,0.0,0.0,0.0,0
2024-01-18 01:00:00,0.0,0.0,0.0,0
2024-01-18 02:00:00,0.0,0.0,0.0,0
2024-01-18 03:00:00,0.0,0.0,0.0,0
2024-01-18 04:00:00,0.0,0.0,0.0,0
2024-01-18 05:00:00,0.0,0.0,0.0,0
2024-01-18 06:00:00,0.0,0.0,0.0,0
2024-01-18 07:00:00,0.0,0.0,0.0,0
2024-01-18 08:00:00,0.0,0.0,0.0,0
2024-01-18 09:00:00,0.0,0.0,0.0,0
2024-01-18 10:00:00,0.0,0.0,0.0,0
2024-01-18 11:00:00,0.0,0.0,0.0,0
2024-01-18 12:00:00,0.1,0.0999999999999999,0.1,0
2024-01-18 13:00:00,0.2,0.29999999999999993,0.30000000000000004,0
2024-01-18 14:00:00,0.1,0.3999999999999999,0.4,0
2024-01-18 15:00:00,0.0,0.3999999999999999,0.4,0
2024-01-18 16:00:00,0.0,0.3999999999999999,0.4,0
2024-01-18 17:00:00,0.0,0.3999999999999999,0.4,0
2024-01-18 18:00:00,0.0,0.29999999999999993,0.4,0
2024-01-18 19:00:00,0.0,0.0999999999999999,0.4,0
2024-01-18 20:00:00,0.0,0.0,0.4,0
2024-01-18 21:00:00,0.0,0.0,0.4,0
2024-01-18 22:00:00,0.0,0.0,0.4,0
2024-01-18 23:00:00,0.0,0.0,0.4,0
2024-01-19 00:00:00,0.0,0.0,0.4,0
2024-01-19 01:00:00,0.0,0.0,0.4,0
2024-01-19 02:00:00,0.0,0.0,0.4,0
2024-01-19 03:00:00,0.0,0.0,0.4,0
2024-01-19 04:00:00,0.0,0.0,0.4,0
2024-01-19 05:00:00,0.0,0.0,0.4,0
2024-01-19 06:00:00,0.0,0.0,0.4,0
2024-01-19 07:00:00,0.0,0.0,0.4,0
2024-01-19 08:00:00,0.0,0.0,0.4,0
2024-01-19 09:00:00,0.0,0.0,0.4,0
2024-01-19 10:00:00,0.0,0.0,0.4,0
2024-01-19 11:00:00,0.1,0.0999999999999999,0.5,0
2024-01-19 12:00:00,0.0,0.0999999999999999,0.4,0
2024-01-19 13:00:00,0.1,0.1999999999999999,0.30000000000000004,0
2024-01-19 14:00:00,0.0,0.1999999999999999,0.2,0
2024-01-19 15:00:00,0.1,0.29999999999999993,0.30000000000000004,0
2024-01-19 16:00:00,0.0,0.29999999999999993,0.30000000000000004,0
2024-01-19 17:00:00,0.0,0.1999999999999999,0.30000000000000004,0
2024-01-19 18:00:00,0.0,0.1999999999999999,0.30000000000000004,0
2024-01-19 19:00:00,0.0,0.0999999999999999,0.30000000000000004,0
2024-01-19 20:00:00,0.0,0.0999999999999999,0.30000000000000004,0
2024-01-19 21:00:00,0.0,0.0,0.30000000000000004,0
2024-01-19 22:00:00,0.0,0.0,0.30000000000000004,0
2024-01-19 23:00:00,0.0,0.0,0.30000000000000004,0
2024-01-20 00:00:00,0.0,0.0,0.30000000000000004,0
2024-01-20 01:00:00,0.0,0.0,0.30000000000000004,0
2024-01-20 02:00:00,0.0,0.0,0.30000000000000004,0
2024-01-20 03:00:00,0.0,0.0,0.30000000000000004,0
2024-01-20 04:00:00,0.0,0.0,0.30000000000000004,0
2024-01-20 05:00:00,0.0,0.0,0.30000000000000004,0
2024-01-20 06:00:00,0.0,0.0,0.30000000000000004,0
2024-01-20 07:00:00,0.0,0.0,0.30000000000000004,0
2024-01-20 08:00:00,0.0,0.0,0.30000000000000004,0
2024-01-20 09:00:00,0.0,0.0,0.30000000000000004,0
2024-01-20 10:00:00,0.2,0.1999999999999999,0.5,0
2024-01-20 11:00:00,0.1,0.29999999999999993,0.5,0
2024-01-20 12:00:00,0.0,0.29999999999999993,0.5,0
2024-01-20 13:00:00,0.1,0.3999999999999999,0.5,0
2024-01-20 14:00:00,0.1,0.4999999999999999,0.6000000000000001,0
2024-01-20 15:00:00,0.0,0.4999999999999999,0.5,0
2024-01-20 16:00:00,0.1,0.3999999999999999,0.6000000000000001,0
2024-01-20 17:00:00,0.1,0.3999999999999999,0.7000000000000001,0
2024-01-20 18:00:00,0.0,0.3999999999999999,0.7000000000000001,0
2024-01-20 19:00:00,0.0,0.29999999999999993,0.7000000000000001,0
2024-01-20 20:00:00,0.0,0.1999999999999999,0.7000000000000001,0
2024-01-20 21:00:00,0.0,0.1999999999999999,0.7000000000000001,0
2024-01-20 22:00:00,0.0,0.0999999999999999,0.7000000000000001,0
2024-01-20 23:00:00,0.0,0.0,0.7000000000000001,0
2024-01-21 00:00:00,0.0,0.0,0.7000000000000001,0
2024-01-21 01:00:00,0.0,0.0,0.7000000000000001,0
2024-01-21 02:00:00,0.0,0.0,0.7000000000000001,0
2024-01-21 03:00:00,0.0,0.0,0.7000000000000001,0
2024-01-21 04:00:00,0.0,0.0,0.7000000000000001,0
2024-01-21 05:00:00,0.0,0.0,0.7000000000000001,0
2024-01-21 06:00:00,0.0,0.0,0.7000000000000001,0
2024-01-21 07:00:00,0.0,0.0,0.7000000000000001,0
2024-01-21 08:00:00,0.0,0.0,0.7000000000000001,0
2024-01-21 09:00:00,0.0,0.0,0.7000000000000001,0
2024-01-21 10:00:00,0.0,0.0,0.5,0
2024-01-21 11:00:00,0.1,0.0999999999999999,0.5,0
2024-01-21 12:00:00,0.5,0.5999999999999999,1.0,0
2024-01-21 13:00:00,0.1,0.6999999999999998,1.0,0
2024-01-21 14:00:00,1.1,1.7999999999999998,2.0,0
2024-01-21 15:00:00,0.1,1.9,2.1,0
2024-01-21 16:00:00,0.9,2.8,2.9,0
2024-01-21 17:00:00,0.0,2.6999999999999997,2.8,0
2024-01-21 18:00:00,0.0,2.1999999999999997,2.8,0
2024-01-21 19:00:00,0.0,2.0999999999999996,2.8,0
2024-01-21 20:00:00,0.0,0.9999999999999998,2.8,0
2024-01-21 21:00:00,0.0,0.8999999999999998,2.8,0
2024-01-21 22:00:00,0.0,0.0,2.8,0
2024-01-21 23:00:00,0.0,0.0,2.8,0
2024-01-22 00:00:00,0.0,0.0,2.8,0
2024-01-22 01:00:00,0.0,0.0,2.8,0
2024-01-22 02:00:00,0.0,0.0,2.8,0
2024-01-22 03:00:00,0.0,0.0,2.8,0
2024-01-22 04:00:00,0.0,0.0,2.8,0
2024-01-22 05:00:00,0.0,0.0,2.8,0
2024-01-22 06:00:00,0.0,0.0,2.8,0
2024-01-22 07:00:00,0.0,0.0,2.8,0
2024-01-22 08:00:00,0.0,0.0,2.8,0
2024-01-22 09:00:00,0.0,0.0,2.8,0
2024-01-22 10:00:00,0.0,0.0,2.8,0
2024-01-22 11:00:00,0.2,0.1999999999999998,2.9000000000000004,0
2024-01-22 12:00:00,0.0,0.1999999999999998,2.4000000000000004,0
2024-01-22 13:00:00,0.1,0.2999999999999998,2.4,0
2024-01-22 14:00:00,0.1,0.3999999999999998,1.4,0
2024-01-22 15:00:00,0.0,0.3999999999999998,1.2999999999999998,0
2024-01-22 16:00:00,0.0,0.3999999999999998,0.4,0
2024-01-22 17:00:00,0.0,0.1999999999999998,0.4,0
2024-01-22 18:00:00,0.0,0.1999999999999998,0.4,0
2024-01-22 19:00:00,0.0,0.09999999999999978,0.4,0
2024-01-22 20:00:00,0.0,0.0,0.4,0
2024-01-22 21:00:00,0.0,0.0,0.4,0
2024-01-22 22:00:00,0.0,0.0,0.4,0
2024-01-22 23:00:00,0.0,0.0,0.4,0
2024-01-23 00:00:00,0.0,0.0,0.4,0
2024-01-23 01:00:00,0.0,0.0,0.4,0
2024-01-23 02:00:00,0.0,0.0,0.4,0
2024-01-23 03:00:00,0.0,0.0,0.4,0
2024-01-23 04:00:00,0.0,0.0,0.4,0
2024-01-23 05:00:00,0.0,0.0,0.4,0
2024-01-23 06:00:00,0.0,0.0,0.4,0
2024-01-23 07:00:00,0.0,0.0,0.4,0
2024-01-23 08:00:00,0.0,0.0,0.4,0
2024-01-23 09:00:00,0.0,0.0,0.4,0
2024-01-23 10:00:00,0.1,0.09999999999999978,0.5,0
2024-01-23 11:00:00,0.1,0.1999999999999998,0.4,0
2024-01-23 12:00:00,0.3,0.4999999999999998,0.7,0
2024-01-23 13:00:00,0.7,1.1999999999999997,1.2999999999999998,0
2024-01-23 14:00:00,0.6,1.7999999999999998,1.7999999999999998,0
2024-01-23 15:00:00,0.2,1.9999999999999998,1.9999999999999998,0
2024-01-23 16:00:00,0.0,1.8999999999999997,1.9999999999999998,0
2024-01-23 17:00:00,0.0,1.7999999999999998,1.9999999999999998,0
2024-01-23 18:00:00,0.0,1.4999999999999998,1.9999999999999998,0
2024-01-23 19:00:00,0.0,0.7999999999999998,1.9999999999999998,0
2024-01-23 20:00:00,0.0,0.1999999999999998,1.9999999999999998,0
2024-01-23 21:00:00,0.0,0.0,1.9999999999999998,0
2024-01-23 22:00:00,0.0,0.0,1.9999999999999998,0
2024-01-23 23:00:00,0.1,0.09999999999999978,2.0999999999999996,0
2024-01-24 00:00:00,0.1,0.1999999999999998,2.1999999999999997,0
2024-01-24 01:00:00,0.0,0.1999999999999998,2.1999999999999997,0
2024-01-24 02:00:00,0.0,0.1999999999999998,2.1999999999999997,0
2024-01-24 03:00:00,0.0,0.1999999999999998,2.1999999999999997,0
2024-01-24 04:00:00,0.0,0.1999999999999998,2.1999999999999997,0
2024-01-24 05:00:00,0.0,0.09999999999999978,2.1999999999999997,0
2024-01-24 06:00:00,0.0,0.0,2.1999999999999997,0
2024-01-24 07:00:00,0.0,0.0,2.1999999999999997,0
2024-01-24 08:00:00,0.0,0.0,2.1999999999999997,0
2024-01-24 09:00:00,0.0,0.0,2.1999999999999997,0
2024-01-24 10:00:00,0.2,0.1999999999999998,2.3,0
2024-01-24 11:00:00,0.2,0.3999999999999998,2.4000000000000004,0
2024-01-24 12:00:00,0.9,1.2999999999999998,3.0,0
2024-01-24 13:00:00,0.4,1.6999999999999997,2.6999999999999997,0
2024-01-24 14:00:00,0.3,1.9999999999999998,2.4,0
2024-01-24 15:00:00,1.0,3.0,3.2,0
2024-01-24 16:00:00,0.8,3.5999999999999996,4.0,0
2024-01-24 17:00:00,0.6,4.0,4.6,0
2024-01-24 18:00:00,0.3,3.3999999999999995,4.9,0
2024-01-24 19:00:00,0.1,3.0999999999999996,5.0,0
2024-01-24 20:00:00,0.3,3.0999999999999996,5.3,0
2024-01-24 21:00:00,1.0,3.0999999999999996,6.3,0
2024-01-24 22:00:00,0.4,2.6999999999999997,6.7,0
2024-01-24 23:00:00,0.7,2.8,7.3,0
2024-01-25 00:00:00,0.8,3.2999999999999994,8.0,0
2024-01-25 01:00:00,0.6,3.8,8.6,0
2024-01-25 02:00:00,0.4,3.8999999999999995,9.0,0
2024-01-25 03:00:00,0.2,3.0999999999999996,9.2,0
2024-01-25 04:00:00,0.2,2.8999999999999995,9.4,0
2024-01-25 05:00:00,0.1,2.2999999999999994,9.5,0
2024-01-25 06:00:00,0.0,1.4999999999999998,9.5,0
2024-01-25 07:00:00,0.0,0.8999999999999997,9.5,0
2024-01-25 08:00:00,0.0,0.49999999999999967,9.5,0
2024-01-25 09:00:00,0.3,0.5999999999999996,9.799999999999999,0
2024-01-25 10:00:00,0.5,0.8999999999999997,10.1,0
2024-01-25 11:00:00,1.5,2.3,11.399999999999999,0
2024-01-25 12:00:00,0.3,2.5999999999999996,10.8,0
2024-01-25 13:00:00,0.4,3.0,10.8,0
2024-01-25 14:00:00,0.4,3.4,10.9,0
2024-01-25 15:00:00,0.1,3.1999999999999997,10.0,0
2024-01-25 16:00:00,0.1,2.8,9.299999999999999,0
2024-01-25 17:00:00,0.0,1.2999999999999998,8.7,0
2024-01-25 18:00:00,0.0,0.9999999999999998,8.4,0
2024-01-25 19:00:00,0.0,0.5999999999999999,8.3,0
2024-01-25 20:00:00,0.0,0.1999999999999998,8.0,0
2024-01-25 21:00:00,0.0,0.09999999999999978,7.0,0
2024-01-25 22:00:00,0.0,0.0,6.6,0
2024-01-25 23:00:00,0.0,0.0,5.9,0
2024-01-26 00:00:00,0.0,0.0,5.1,0
2024-01-26 01:00:00,0.0,0.0,4.5,0
2024-01-26 02:00:00,0.0,0.0,4.1,0
2024-01-26 03:00:00,0.0,0.0,3.9000000000000004,0
2024-01-26 04:00:00,0.0,0.0,3.7,0
2024-01-26 05:00:00,0.0,0.0,3.6000000000000005,0
2024-01-26 06:00:00,0.0,0.0,3.6000000000000005,0
2024-01-26 07:00:00,0.0,0.0,3.6000000000000005,0
2024-01-26 08:00:00,0.0,0.0,3.6000000000000005,0
2024-01-26 09:00:00,0.0,0.0,3.3,0
2024-01-26 10:00:00,0.0,0.0,2.8,0
2024-01-26 11:00:00,0.0,0.0,1.3,0
2024-01-26 12:00:00,0.0,0.0,1.0,0
2024-01-26 13:00:00,0.0,0.0,0.6000000000000001,0
2024-01-26 14:00:00,0.0,0.0,0.2,0
2024-01-26 15:00:00,0.0,0.0,0.1,0
2024-01-26 16:00:00,0.0,0.0,0.0,0
2024-01-26 17:00:00,0.0,0.0,0.0,0
2024-01-26 18:00:00,0.0,0.0,0.0,0
2024-01-26 19:00:00,0.0,0.0,0.0,0
2024-01-26 20:00:00,0.0,0.0,0.0,0
2024-01-26 21:00:00,0.0,0.0,0.0,0
2024-01-26 22:00:00,0.0,0.0,0.0,0
2024-01-26 23:00:00,0.0,0.0,0.0,0
2024-01-27 00:00:00,0.0,0.0,0.0,0
2024-01-27 01:00:00,0.0,0.0,0.0,0
2024-01-27 02:00:00,0.0,0.0,0.0,0
2024-01-27 03:00:00,0.0,0.0,0.0,0
2024-01-27 04:00:00,0.0,0.0,0.0,0
2024-01-27 05:00:00,0.0,0.0,0.0,0
2024-01-27 06:00:00,0.0,0.0,0.0,0
2024-01-27 07:00:00,0.0,0.0,0.0,0
2024-01-27 08:00:00,0.0,0.0,0.0,0
2024-01-27 09:00:00,0.0,0.0,0.0,0
2024-01-27 10:00:00,0.0,0.0,0.0,0
2024-01-27 11:00:00,0.0,0.0,0.0,0
2024-01-27 12:00:00,0.0,0.0,0.0,0
2024-01-27 13:00:00,0.0,0.0,0.0,0
2024-01-27 14:00:00,0.0,0.0,0.0,0
2024-01-27 15:00:00,0.0,0.0,0.0,0
2024-01-27 16:00:00,0.0,0.0,0.0,0
2024-01-27 17:00:00,0.0,0.0,0.0,0
2024-01-27 18:00:00,0.0,0.0,0.0,0
2024-01-27 19:00:00,0.0,0.0,0.0,0
2024-01-27 20:00:00,0.0,0.0,0.0,0
2024-01-27 21:00:00,0.0,0.0,0.0,0
2024-01-27 22:00:00,0.0,0.0,0.0,0
2024-01-27 23:00:00,0.0,0.0,0.0,0
2024-01-28 00:00:00,0.0,0.0,0.0,0
2024-01-28 01:00:00,0.0,0.0,0.0,0
2024-01-28 02:00:00,0.0,0.0,0.0,0
2024-01-28 03:00:00,0.0,0.0,0.0,0
2024-01-28 04:00:00,0.0,0.0,0.0,0
2024-01-28 05:00:00,0.0,0.0,0.0,0
2024-01-28 06:00:00,0.0,0.0,0.0,0
2024-01-28 07:00:00,0.0,0.0,0.0,0
2024-01-28 08:00:00,0.0,0.0,0.0,0
2024-01-28 09:00:00,0.0,0.0,0.0,0
2024-01-28 10:00:00,0.0,0.0,0.0,0
2024-01-28 11:00:00,0.0,0.0,0.0,0
2024-01-28 12:00:00,0.0,0.0,0.0,0
2024-01-28 13:00:00,0.0,0.0,0.0,0
2024-01-28 14:00:00,0.0,0.0,0.0,0
2024-01-28 15:00:00,0.0,0.0,0.0,0
2024-01-28 16:00:00,0.0,0.0,0.0,0
2024-01-28 17:00:00,0.0,0.0,0.0,0
2024-01-28 18:00:00,0.0,0.0,0.0,0
2024-01-28 19:00:00,0.0,0.0,0.0,0
2024-01-28 20:00:00,0.0,0.0,0.0,0
2024-01-28 21:00:00,0.0,0.0,0.0,0
2024-01-28 22:00:00,0.0,0.0,0.0,0
2024-01-28 23:00:00,0.0,0.0,0.0,0
2024-01-29 00:00:00,0.0,0.0,0.0,0
2024-01-29 01:00:00,0.0,0.0,0.0,0
2024-01-29 02:00:00,0.0,0.0,0.0,0
2024-01-29 03:00:00,0.0,0.0,0.0,0
2024-01-29 04:00:00,0.0,0.0,0.0,0
2024-01-29 05:00:00,0.0,0.0,0.0,0
2024-01-29 06:00:00,0.0,0.0,0.0,0
2024-01-29 07:00:00,0.0,0.0,0.0,0
2024-01-29 08:00:00,0.0,0.0,0.0,0
2024-01-29 09:00:00,0.0,0.0,0.0,0
2024-01-29 10:00:00,0.0,0.0,0.0,0
2024-01-29 11:00:00,0.0,0.0,0.0,0
2024-01-29 12:00:00,0.0,0.0,0.0,0
2024-01-29 13:00:00,0.0,0.0,0.0,0
2024-01-29 14:00:00,0.0,0.0,0.0,0
2024-01-29 15:00:00,0.0,0.0,0.0,0
2024-01-29 16:00:00,0.0,0.0,0.0,0
2024-01-29 17:00:00,0.0,0.0,0.0,0
2024-01-29 18:00:00,0.0,0.0,0.0,0
2024-01-29 19:00:00,0.0,0.0,0.0,0
2024-01-29 20:00:00,0.0,0.0,0.0,0
2024-01-29 21:00:00,0.0,0.0,0.0,0
2024-01-29 22:00:00,0.0,0.0,0.0,0
2024-01-29 23:00:00,0.0,0.0,0.0,0
2024-01-30 00:00:00,0.0,0.0,0.0,0
2024-01-30 01:00:00,0.0,0.0,0.0,0
2024-01-30 02:00:00,0.0,0.0,0.0,0
2024-01-30 03:00:00,0.0,0.0,0.0,0
2024-01-30 04:00:00,0.0,0.0,0.0,0
2024-01-30 05:00:00,0.0,0.0,0.0,0
2024-01-30 06:00:00,0.0,0.0,0.0,0
2024-01-30 07:00:00,0.0,0.0,0.0,0
2024-01-30 08:00:00,0.0,0.0,0.0,0
2024-01-30 09:00:00,0.0,0.0,0.0,0
2024-01-30 10:00:00,0.0,0.0,0.0,0
2024-01-30 11:00:00,0.1,0.09999999999999978,0.1,0
2024-01-30 12:00:00,0.0,0.09999999999999978,0.1,0
2024-01-30 13:00:00,0.0,0.09999999999999978,0.1,0
2024-01-30 14:00:00,0.0,0.09999999999999978,0.1,0
2024-01-30 15:00:00,0.0,0.09999999999999978,0.1,0
2024-01-30 16:00:00,0.0,0.09999999999999978,0.1,0
2024-01-30 17:00:00,0.0,0.0,0.1,0
2024-01-30 18:00:00,0.0,0.0,0.1,0
2024-01-30 19:00:00,0.0,0.0,0.1,0
2024-01-30 20:00:00,0.0,0.0,0.1,0
2024-01-30 21:00:00,0.0,0.0,0.1,0
2024-01-30 22:00:00,0.0,0.0,0.1,0
2024-01-30 23:00:00,0.1,0.09999999999999978,0.2,0
2024-01-31 00:00:00,0.0,0.09999999999999978,0.2,0
2024-01-31 01:00:00,0.0,0.09999999999999978,0.2,0
2024-01-31 02:00:00,0.0,0.09999999999999978,0.2,0
2024-01-31 03:00:00,0.0,0.09999999999999978,0.2,0
2024-01-31 04:00:00,0.0,0.09999999999999978,0.2,0
2024-01-31 05:00:00,0.0,0.0,0.2,0
2024-01-31 06:00:00,0.0,0.0,0.2,0
2024-01-31 07:00:00,0.0,0.0,0.2,0
2024-01-31 08:00:00,0.0,0.0,0.2,0
2024-01-31 09:00:00,0.0,0.0,0.2,0
2024-01-31 10:00:00,0.0,0.0,0.2,0
2024-01-31 11:00:00,0.0,0.0,0.1,0
2024-01-31 12:00:00,0.0,0.0,0.1,0
2024-01-31 13:00:00,0.0,0.0,0.1,0
2024-01-31 14:00:00,0.0,0.0,0.1,0
2024-01-31 15:00:00,0.0,0.0,0.1,0
2024-01-31 16:00:00,0.0,0.0,0.1,0
2024-01-31 17:00:00,0.0,0.0,0.1,0
2024-01-31 18:00:00,0.0,0.0,0.1,0
2024-01-31 19:00:00,0.0,0.0,0.1,0
2024-01-31 20:00:00,0.0,0.0,0.1,0
2024-01-31 21:00:00,0.0,0.0,0.1,0
2024-01-31 22:00:00,0.0,0.0,0.1,0
2024-01-31 23:00:00,0.0,0.0,0.0,0
2024-02-01 00:00:00,0.0,0.0,0.0,0
2024-02-01 01:00:00,0.0,0.0,0.0,0
2024-02-01 02:00:00,0.0,0.0,0.0,0
2024-02-01 03:00:00,0.0,0.0,0.0,0
2024-02-01 04:00:00,0.0,0.0,0.0,0
2024-02-01 05:00:00,0.0,0.0,0.0,0
2024-02-01 06:00:00,0.0,0.0,0.0,0
2024-02-01 07:00:00,0.0,0.0,0.0,0
2024-02-01 08:00:00,0.0,0.0,0.0,0
2024-02-01 09:00:00,0.0,0.0,0.0,0
2024-02-01 10:00:00,0.0,0.0,0.0,0
2024-02-01 11:00:00,0.0,0.0,0.0,0
2024-02-01 12:00:00,0.1,0.09999999999999978,0.1,0
2024-02-01 13:00:00,0.3,0.3999999999999998,0.4,0
2024-02-01 14:00:00,0.1,0.4999999999999998,0.5,0
2024-02-01 15:00:00,0.1,0.5999999999999998,0.6,0
2024-02-01 16:00:00,0.0,0.5999999999999998,0.6,0
2024-02-01 17:00:00,0.0,0.5999999999999998,0.6,0
2024-02-01 18:00:00,0.0,0.4999999999999998,0.6,0
2024-02-01 19:00:00,0.0,0.19999999999999973,0.6,0
2024-02-01 20:00:00,0.0,0.09999999999999973,0.6,0
2024-02-01 21:00:00,0.0,0.0,0.6,0
2024-02-01 22:00:00,0.0,0.0,0.6,0
2024-02-01 23:00:00,0.0,0.0,0.6,0
2024-02-02 00:00:00,0.0,0.0,0.6,0
2024-02-02 01:00:00,0.0,0.0,0.6,0
2024-02-02 02:00:00,0.0,0.0,0.6,0
2024-02-02 03:00:00,0.0,0.0,0.6,0
2024-02-02 04:00:00,0.0,0.0,0.6,0
2024-02-02 05:00:00,0.0,0.0,0.6,0
2024-02-02 06:00:00,0.0,0.0,0.6,0
2024-02-02 07:00:00,0.0,0.0,0.6,0
2024-02-02 08:00:00,0.0,0.0,0.6,0
2024-02-02 09:00:00,0.0,0.0,0.6,0
2024-02-02 10:00:00,0.1,0.09999999999999973,0.7,0
2024-02-02 11:00:00,0.1,0.19999999999999973,0.8,0
2024-02-02 12:00:00,0.5,0.6999999999999997,1.2,0
2024-02-02 13:00:00,0.1,0.7999999999999997,1.0,0
2024-02-02 14:00:00,0.0,0.7999999999999997,0.9,0
2024-02-02 15:00:00,0.0,0.7999999999999997,0.8,0
2024-02-02 16:00:00,0.0,0.6999999999999997,0.8,0
2024-02-02 17:00:00,0.0,0.5999999999999996,0.8,0
2024-02-02 18:00:00,0.0,0.09999999999999973,0.8,0
2024-02-02 19:00:00,0.0,0.0,0.8,0
2024-02-02 20:00:00,0.0,0.0,0.8,0
2024-02-02 21:00:00,0.0,0.0,0.8,0
2024-02-02 22:00:00,0.0,0.0,0.8,0
2024-02-02 23:00:00,0.0,0.0,0.8,0
2024-02-03 00:00:00,0.0,0.0,0.8,0
2024-02-03 01:00:00,0.0,0.0,0.8,0
2024-02-03 02:00:00,0.0,0.0,0.8,0
2024-02-03 03:00:00,0.0,0.0,0.8,0
2024-02-03 04:00:00,0.0,0.0,0.8,0
2024-02-03 05:00:00,0.0,0.0,0.8,0
2024-02-03 06:00:00,0.0,0.0,0.8,0
2024-02-03 07:00:00,0.0,0.0,0.8,0
2024-02-03 08:00:00,0.0,0.0,0.8,0
2024-02-03 09:00:00,0.1,0.09999999999999973,0.9,0
2024-02-03 10:00:00,0.2,0.2999999999999997,1.0,0
2024-02-03 11:00:00,0.0,0.2999999999999997,0.8999999999999999,0
2024-02-03 12:00:00,0.0,0.2999999999999997,0.39999999999999997,0
2024-02-03 13:00:00,0.0,0.2999999999999997,0.29999999999999993,0
2024-02-03 14:00:00,0.0,0.2999999999999997,0.29999999999999993,0
2024-02-03 15:00:00,0.0,0.19999999999999973,0.29999999999999993,0
2024-02-03 16:00:00,0.0,0.0,0.29999999999999993,0
2024-02-03 17:00:00,0.0,0.0,0.29999999999999993,0
2024-02-03 18:00:00,0.0,0.0,0.29999999999999993,0
2024-02-03 19:00:00,0.0,0.0,0.29999999999999993,0
2024-02-03 20:00:00,0.0,0.0,0.29999999999999993,0
2024-02-03 21:00:00,0.0,0.0,0.29999999999999993,0
2024-02-03 22:00:00,0.0,0.0,0.29999999999999993,0
2024-02-03 23:00:00,0.0,0.0,0.29999999999999993,0
2024-02-04 00:00:00,0.0,0.0,0.29999999999999993,0
2024-02-04 01:00:00,0.0,0.0,0.29999999999999993,0
2024-02-04 02:00:00,0.0,0.0,0.29999999999999993,0
2024-02-04 03:00:00,0.0,0.0,0.29999999999999993,0
2024-02-04 04:00:00,0.0,0.0,0.29999999999999993,0
2024-02-04 05:00:00,0.0,0.0,0.29999999999999993,0
2024-02-04 06:00:00,0.0,0.0,0.29999999999999993,0
2024-02-04 07:00:00,0.0,0.0,0.29999999999999993,0
2024-02-04 08:00:00,0.0,0.0,0.29999999999999993,0
2024-02-04 09:00:00,0.0,0.0,0.19999999999999996,0
2024-02-04 10:00:00,0.0,0.0,0.0,0
2024-02-04 11:00:00,0.0,0.0,0.0,0
2024-02-04 12:00:00,0.0,0.0,0.0,0
2024-02-04 13:00:00,0.0,0.0,0.0,0
2024-02-04 14:00:00,0.3,0.2999999999999997,0.29999999999999993,0
2024-02-04 15:00:00,0.3,0.5999999999999996,0.5999999999999999,0
2024-02-04 16:00:00,0.1,0.6999999999999997,0.7,0
2024-02-04 17:00:00,0.0,0.6999999999999997,0.7,0
2024-02-04 18:00:00,0.0,0.6999999999999997,0.7,0
2024-02-04 19:00:00,0.0,0.6999999999999997,0.7,0
2024-02-04 20:00:00,0.0,0.3999999999999997,0.7,0
2024-02-04 21:00:00,0.0,0.09999999999999973,0.7,0
2024-02-04 22:00:00,0.0,0.0,0.7,0
2024-02-04 23:00:00,0.0,0.0,0.7,0
2024-02-05 00:00:00,0.0,0.0,0.7,0
2024-02-05 01:00:00,0.0,0.0,0.7,0
2024-02-05 02:00:00,0.0,0.0,0.7,0
2024-02-05 03:00:00,0.0,0.0,0.7,0
2024-02-05 04:00:00,0.0,0.0,0.7,0
2024-02-05 05:00:00,0.0,0.0,0.7,0
2024-02-05 06:00:00,0.0,0.0,0.7,0
2024-02-05 07:00:00,0.0,0.0,0.7,0
2024-02-05 08:00:00,0.0,0.0,0.7,0
2024-02-05 09:00:00,0.0,0.0,0.7,0
2024-02-05 10:00:00,0.0,0.0,0.7,0
2024-02-05 11:00:00,0.0,0.0,0.7,0
2024-02-05 12:00:00,0.0,0.0,0.7,0
2024-02-05 13:00:00,0.0,0.0,0.7,0
2024-02-05 14:00:00,0.0,0.0,0.3999999999999999,0
2024-02-05 15:00:00,0.0,0.0,0.09999999999999995,0
2024-02-05 16:00:00,0.0,0.0,0.0,0
2024-02-05 17:00:00,0.0,0.0,0.0,0
2024-02-05 18:00:00,0.0,0.0,0.0,0
2024-02-05 19:00:00,0.0,0.0,0.0,0
2024-02-05 20:00:00,0.0,0.0,0.0,0
2024-02-05 21:00:00,0.0,0.0,0.0,0
2024-02-05 22:00:00,0.0,0.0,0.0,0
2024-02-05 23:00:00,0.0,0.0,0.0,0
2024-02-06 00:00:00,0.0,0.0,0.0,0
2024-02-06 01:00:00,0.0,0.0,0.0,0
2024-02-06 02:00:00,0.0,0.0,0.0,0
2024-02-06 03:00:00,0.0,0.0,0.0,0
2024-02-06 04:00:00,0.0,0.0,0.0,0
2024-02-06 05:00:00,0.0,0.0,0.0,0
2024-02-06 06:00:00,0.0,0.0,0.0,0
2024-02-06 07:00:00,0.0,0.0,0.0,0
2024-02-06 08:00:00,0.0,0.0,0.0,0
2024-02-06 09:00:00,0.0,0.0,0.0,0
2024-02-06 10:00:00,0.1,0.09999999999999973,0.09999999999999995,0
2024-02-06 11:00:00,0.2,0.2999999999999997,0.29999999999999993,0
2024-02-06 12:00:00,0.1,0.39999999999999974,0.39999999999999997,0
2024-02-06 13:00:00,0.0,0.39999999999999974,0.39999999999999997,0
2024-02-06 14:00:00,0.0,0.39999999999999974,0.39999999999999997,0
2024-02-06 15:00:00,0.1,0.4999999999999998,0.5,0
2024-02-06 16:00:00,0.0,0.3999999999999998,0.5,0
2024-02-06 17:00:00,0.0,0.19999999999999973,0.5,0
2024-02-06 18:00:00,0.0,0.09999999999999973,0.5,0
2024-02-06 19:00:00,0.0,0.09999999999999973,0.5,0
2024-02-06 20:00:00,0.0,0.09999999999999973,0.5,0
2024-02-06 21:00:00,0.0,0.0,0.5,0
2024-02-06 22:00:00,0.0,0.0,0.5,0
2024-02-06 23:00:00,0.0,0.0,0.5,0
2024-02-07 00:00:00,0.0,0.0,0.5,0
2024-02-07 01:00:00,0.0,0.0,0.5,0
2024-02-07 02:00:00,0.0,0.0,0.5,0
2024-02-07 03:00:00,0.0,0.0,0.5,0
2024-02-07 04:00:00,0.0,0.0,0.5,0
2024-02-07 05:00:00,0.0,0.0,0.5,0
2024-02-07 06:00:00,0.0,0.0,0.5,0
2024-02-07 07:00:00,0.0,0.0,0.5,0
2024-02-07 08:00:00,0.0,0.0,0.5,0
2024-02-07 09:00:00,0.0,0.0,0.5,0
2024-02-07 10:00:00,0.0,0.0,0.4,0
2024-02-07 11:00:00,0.1,0.09999999999999973,0.29999999999999993,0
2024-02-07 12:00:00,0.9,0.9999999999999998,1.0999999999999999,0
2024-02-07 13:00:00,0.4,1.4,1.5,0
2024-02-07 14:00:00,0.0,1.4,1.5,0
2024-02-07 15:00:00,0.2,1.5999999999999999,1.5999999999999999,0
2024-02-07 16:00:00,0.2,1.7999999999999998,1.7999999999999998,0
2024-02-07 17:00:00,0.0,1.6999999999999997,1.7999999999999998,0
2024-02-07 18:00:00,0.0,0.7999999999999998,1.7999999999999998,0
2024-02-07 19:00:00,0.0,0.3999999999999998,1.7999999999999998,0
2024-02-07 20:00:00,0.0,0.3999999999999998,1.7999999999999998,0
2024-02-07 21:00:00,0.0,0.1999999999999998,1.7999999999999998,0
2024-02-07 22:00:00,0.0,0.0,1.7999999999999998,0
2024-02-07 23:00:00,0.0,0.0,1.7999999999999998,0
2024-02-08 00:00:00,0.0,0.0,1.7999999999999998,0
2024-02-08 01:00:00,0.0,0.0,1.7999999999999998,0
2024-02-08 02:00:00,0.0,0.0,1.7999999999999998,0
2024-02-08 03:00:00,0.0,0.0,1.7999999999999998,0
2024-02-08 04:00:00,0.0,0.0,1.7999999999999998,0
2024-02-08 05:00:00,0.0,0.0,1.7999999999999998,0
2024-02-08 06:00:00,0.0,0.0,1.7999999999999998,0
2024-02-08 07:00:00,0.0,0.0,1.7999999999999998,0
2024-02-08 08:00:00,0.0,0.0,1.7999999999999998,0
2024-02-08 09:00:00,0.3,0.29999999999999977,2.1,0
2024-02-08 10:00:00,0.2,0.4999999999999998,2.3,0
2024-02-08 11:00:00,0.2,0.6999999999999997,2.4,0
2024-02-08 12:00:00,0.1,0.7999999999999998,1.5999999999999999,0
2024-02-08 13:00:00,0.0,0.7999999999999998,1.1999999999999997,0
2024-02-08 14:00:00,0.0,0.7999999999999998,1.1999999999999997,0
2024-02-08 15:00:00,0.0,0.4999999999999998,0.9999999999999999,0
2024-02-08 16:00:00,0.0,0.2999999999999998,0.7999999999999999,0
2024-02-08 17:00:00,0.0,0.09999999999999978,0.7999999999999999,0
2024-02-08 18:00:00,0.0,0.0,0.7999999999999999,0
2024-02-08 19:00:00,0.0,0.0,0.7999999999999999,0
2024-02-08 20:00:00,0.0,0.0,0.7999999999999999,0
2024-02-08 21:00:00,0.0,0.0,0.7999999999999999,0
2024-02-08 22:00:00,0.0,0.0,0.7999999999999999,0
2024-02-08 23:00:00,0.0,0.0,0.7999999999999999,0
2024-02-09 00:00:00,0.0,0.0,0.7999999999999999,0
2024-02-09 01:00:00,0.0,0.0,0.7999999999999999,0
2024-02-09 02:00:00,0.0,0.0,0.7999999999999999,0
2024-02-09 03:00:00,0.0,0.0,0.7999999999999999,0
2024-02-09 04:00:00,0.0,0.0,0.7999999999999999,0
2024-02-09 05:00:00,0.0,0.0,0.7999999999999999,0
2024-02-09 06:00:00,0.0,0.0,0.7999999999999999,0
2024-02-09 07:00:00,0.0,0.0,0.7999999999999999,0
2024-02-09 08:00:00,0.0,0.0,0.7999999999999999,0
2024-02-09 09:00:00,0.1,0.09999999999999978,0.5999999999999999,0
2024-02-09 10:00:00,0.1,0.1999999999999998,0.4999999999999999,0
2024-02-09 11:00:00,0.1,0.2999999999999998,0.3999999999999999,0
2024-02-09 12:00:00,0.1,0.3999999999999998,0.3999999999999999,0
2024-02-09 13:00:00,0.1,0.4999999999999998,0.49999999999999994,0
2024-02-09 14:00:00,0.1,0.6000000000000001,0.5999999999999999,0
2024-02-09 15:00:00,0.1,0.6000000000000001,0.7,0
2024-02-09 16:00:00,0.1,0.6000000000000001,0.7999999999999999,0
2024-02-09 17:00:00,0.0,0.49999999999999983,0.7999999999999999,0
2024-02-09 18:00:00,0.0,0.3999999999999998,0.7999999999999999,0
2024-02-09 19:00:00,0.0,0.2999999999999998,0.7999999999999999,0
2024-02-09 20:00:00,0.0,0.1999999999999998,0.7999999999999999,0
2024-02-09 21:00:00,0.0,0.09999999999999978,0.7999999999999999,0
2024-02-09 22:00:00,0.0,0.0,0.7999999999999999,0
2024-02-09 23:00:00,0.0,0.0,0.7999999999999999,0
2024-02-10 00:00:00,0.0,0.0,0.7999999999999999,0
2024-02-10 01:00:00,0.0,0.0,0.7999999999999999,0
2024-02-10 02:00:00,0.0,0.0,0.7999999999999999,0
2024-02-10 03:00:00,0.0,0.0,0.7999999999999999,0
2024-02-10 04:00:00,0.0,0.0,0.7999999999999999,0
2024-02-10 05:00:00,0.0,0.0,0.7999999999999999,0
2024-02-10 06:00:00,0.0,0.0,0.7999999999999999,0
2024-02-10 07:00:00,0.0,0.0,0.7999999999999999,0
2024-02-10 08:00:00,0.0,0.0,0.7999999999999999,0
2024-02-10 09:00:00,0.0,0.0,0.7,0
2024-02-10 10:00:00,0.1,0.09999999999999978,0.7,0
2024-02-10 11:00:00,0.1,0.1999999999999998,0.6999999999999998,0
2024-02-10 12:00:00,0.3,0.4999999999999998,0.8999999999999999,0
2024-02-10 13:00:00,0.1,0.5999999999999998,0.8999999999999999,0
2024-02-10 14:00:00,0.1,0.6999999999999997,0.8999999999999999,0
2024-02-10 15:00:00,0.0,0.6999999999999997,0.7999999999999998,0
2024-02-10 16:00:00,0.1,0.6999999999999998,0.7999999999999999,0
2024-02-10 17:00:00,0.0,0.5999999999999999,0.7999999999999999,0
2024-02-10 18:00:00,0.1,0.3999999999999998,0.8999999999999999,0
2024-02-10 19:00:00,0.0,0.2999999999999998,0.8999999999999999,0
2024-02-10 20:00:00,0.1,0.2999999999999998,0.9999999999999999,0
2024-02-10 21:00:00,0.1,0.3999999999999998,1.0999999999999999,0
2024-02-10 22:00:00,0.0,0.2999999999999998,1.0999999999999999,0
2024-02-10 23:00:00,0.1,0.3999999999999998,1.2,0
2024-02-11 00:00:00,0.0,0.2999999999999998,1.2,0
2024-02-11 01:00:00,0.0,0.2999999999999998,1.2,0
2024-02-11 02:00:00,0.0,0.1999999999999998,1.2,0
2024-02-11 03:00:00,0.0,0.09999999999999978,1.2,0
2024-02-11 04:00:00,0.0,0.09999999999999978,1.2,0
2024-02-11 05:00:00,0.0,0.0,1.2,0
2024-02-11 06:00:00,0.0,0.0,1.2,0
2024-02-11 07:00:00,0.0,0.0,1.2,0
2024-02-11 08:00:00,0.0,0.0,1.2,0
2024-02-11 09:00:00,0.0,0.0,1.2,0
2024-02-11 10:00:00,0.0,0.0,1.1,0
2024-02-11 11:00:00,0.0,0.0,1.0,0
2024-02-11 12:00:00,0.0,0.0,0.7,0
2024-02-11 13:00:00,0.0,0.0,0.6,0
2024-02-11 14:00:00,0.0,0.0,0.4999999999999999,0
2024-02-11 15:00:00,0.1,0.09999999999999978,0.5999999999999999,0
2024-02-11 16:00:00,0.1,0.1999999999999998,0.6,0
2024-02-11 17:00:00,0.0,0.1999999999999998,0.6,0
2024-02-11 18:00:00,0.0,0.1999999999999998,0.4999999999999999,0
2024-02-11 19:00:00,0.1,0.2999999999999998,0.5999999999999999,0
2024-02-11 20:00:00,0.1,0.3999999999999998,0.6,0
2024-02-11 21:00:00,0.0,0.2999999999999998,0.4999999999999999,0
2024-02-11 22:00:00,0.0,0.1999999999999998,0.4999999999999999,0
2024-02-11 23:00:00,0.0,0.1999999999999998,0.3999999999999999,0
2024-02-12 00:00:00,0.0,0.1999999999999998,0.3999999999999999,0
2024-02-12 01:00:00,0.0,0.09999999999999978,0.3999999999999999,0
2024-02-12 02:00:00,0.0,0.0,0.3999999999999999,0
2024-02-12 03:00:00,0.0,0.0,0.3999999999999999,0
2024-02-12 04:00:00,0.0,0.0,0.3999999999999999,0
2024-02-12 05:00:00,0.0,0.0,0.3999999999999999,0
2024-02-12 06:00:00,0.0,0.0,0.3999999999999999,0
2024-02-12 07:00:00,0.0,0.0,0.3999999999999999,0
2024-02-12 08:00:00,0.0,0.0,0.3999999999999999,0
2024-02-12 09:00:00,0.0,0.0,0.3999999999999999,0
2024-02-12 10:00:00,0.0,0.0,0.3999999999999999,0
2024-02-12 11:00:00,0.0,0.0,0.3999999999999999,0
2024-02-12 12:00:00,0.0,0.0,0.3999999999999999,0
2024-02-12 13:00:00,0.0,0.0,0.3999999999999999,0
2024-02-12 14:00:00,0.0,0.0,0.3999999999999999,0
2024-02-12 15:00:00,0.1,0.09999999999999978,0.3999999999999999,0
2024-02-12 16:00:00,0.0,0.09999999999999978,0.29999999999999993,0
2024-02-12 17:00:00,0.0,0.09999999999999978,0.29999999999999993,0
2024-02-12 18:00:00,0.0,0.09999999999999978,0.29999999999999993,0
2024-02-12 19:00:00,0.0,0.09999999999999978,0.1999999999999999,0
2024-02-12 20:00:00,0.0,0.09999999999999978,0.0999999999999999,0
2024-02-12 21:00:00,0.0,0.0,0.0999999999999999,0
2024-02-12 22:00:00,0.0,0.0,0.0999999999999999,0
2024-02-12 23:00:00,0.0,0.0,0.0999999999999999,0
2024-02-13 00:00:00,0.0,0.0,0.0999999999999999,0
2024-02-13 01:00:00,0.0,0.0,0.0999999999999999,0
2024-02-13 02:00:00,0.0,0.0,0.0999999999999999,0
2024-02-13 03:00:00,0.0,0.0,0.0999999999999999,0
2024-02-13 04:00:00,0.0,0.0,0.0999999999999999,0
2024-02-13 05:00:00,0.0,0.0,0.0999999999999999,0
2024-02-13 06:00:00,0.0,0.0,0.0999999999999999,0
2024-02-13 07:00:00,0.0,0.0,0.0999999999999999,0
2024-02-13 08:00:00,0.0,0.0,0.0999999999999999,0
2024-02-13 09:00:00,0.1,0.09999999999999978,0.1999999999999999,0
2024-02-13 10:00:00,0.6,0.6999999999999997,0.7999999999999998,0
2024-02-13 11:00:00,0.3,0.9999999999999998,1.0999999999999999,0
2024-02-13 12:00:00,0.1,1.0999999999999996,1.2,0
2024-02-13 13:00:00,0.9,1.9999999999999998,2.1,0
2024-02-13 14:00:00,0.1,2.0999999999999996,2.2,0
2024-02-13 15:00:00,0.1,2.0999999999999996,2.1999999999999997,0
2024-02-13 16:00:00,0.1,1.5999999999999999,2.3,0
2024-02-13 17:00:00,0.0,1.2999999999999998,2.3,0
2024-02-13 18:00:00,0.0,1.2,2.3,0
2024-02-13 19:00:00,0.0,0.2999999999999998,2.3,0
2024-02-13 20:00:00,0.0,0.1999999999999998,2.3,0
2024-02-13 21:00:00,0.0,0.09999999999999978,2.3,0
2024-02-13 22:00:00,0.0,0.0,2.3,0
2024-02-13 23:00:00,0.0,0.0,2.3,0
2024-02-14 00:00:00,0.0,0.0,2.3,0
2024-02-14 01:00:00,0.0,0.0,2.3,0
2024-02-14 02:00:00,0.0,0.0,2.3,0
2024-02-14 03:00:00,0.0,0.0,2.3,0
2024-02-14 04:00:00,0.0,0.0,2.3,0
2024-02-14 05:00:00,0.0,0.0,2.3,0
2024-02-14 06:00:00,0.0,0.0,2.3,0
2024-02-14 07:00:00,0.0,0.0,2.3,0
2024-02-14 08:00:00,0.0,0.0,2.3,0
2024-02-14 09:00:00,0.1,0.09999999999999978,2.3,0
2024-02-14 10:00:00,0.1,0.1999999999999998,1.8,0
2024-02-14 11:00:00,0.2,0.3999999999999998,1.7,0
2024-02-14 12:00:00,0.2,0.5999999999999999,1.8,0
2024-02-14 13:00:00,0.3,0.8999999999999998,1.2,0
2024-02-14 14:00:00,0.1,0.9999999999999998,1.2,0
2024-02-14 15:00:00,0.1,0.9999999999999998,1.2,0
2024-02-14 16:00:00,0.1,0.9999999999999998,1.2,0
2024-02-14 17:00:00,0.0,0.7999999999999998,1.2,0
2024-02-14 18:00:00,0.0,0.5999999999999999,1.2,0
2024-02-14 19:00:00,0.0,0.2999999999999998,1.2,0
2024-02-14 20:00:00,0.0,0.1999999999999998,1.2,0
2024-02-14 21:00:00,0.0,0.09999999999999978,1.2,0
2024-02-14 22:00:00,0.0,0.0,1.2,0
2024-02-14 23:00:00,0.0,0.0,1.2,0
2024-02-15 00:00:00,0.0,0.0,1.2,0
2024-02-15 01:00:00,0.0,0.0,1.2,0
2024-02-15 02:00:00,0.0,0.0,1.2,0
2024-02-15 03:00:00,0.0,0.0,1.2,0
2024-02-15 04:00:00,0.0,0.0,1.2,0
2024-02-15 05:00:00,0.0,0.0,1.2,0
2024-02-15 06:00:00,0.0,0.0,1.2,0
2024-02-15 07:00:00,0.0,0.0,1.2,0
2024-02-15 08:00:00,0.0,0.0,1.2,0
2024-02-15 09:00:00,0.0,0.0,1.1,0
2024-02-15 10:00:00,0.0,0.0,1.0,0
2024-02-15 11:00:00,0.1,0.09999999999999978,0.8999999999999999,0
2024-02-15 12:00:00,0.2,0.2999999999999998,0.8999999999999999,0
2024-02-15 13:00:00,0.2,0.4999999999999998,0.7999999999999999,0
2024-02-15 14:00:00,0.4,0.8999999999999998,1.1,0
2024-02-15 15:00:00,0.2,1.0999999999999999,1.2,0
2024-02-15 16:00:00,0.1,1.1999999999999997,1.2,0
2024-02-15 17:00:00,0.1,1.1999999999999997,1.3,0
2024-02-15 18:00:00,0.2,1.1999999999999997,1.5,0
2024-02-15 19:00:00,0.2,1.1999999999999997,1.7000000000000002,0
2024-02-15 20:00:00,0.1,0.8999999999999998,1.8,0
2024-02-15 21:00:00,0.0,0.6999999999999997,1.8,0
2024-02-15 22:00:00,0.0,0.5999999999999998,1.8,0
2024-02-15 23:00:00,0.0,0.4999999999999998,1.8,0
2024-02-16 00:00:00,0.0,0.2999999999999998,1.8,0
2024-02-16 01:00:00,0.0,0.09999999999999978,1.8,0
2024-02-16 02:00:00,0.0,0.0,1.8,0
2024-02-16 03:00:00,0.0,0.0,1.8,0
2024-02-16 04:00:00,0.0,0.0,1.8,0
2024-02-16 05:00:00,0.0,0.0,1.8,0
2024-02-16 06:00:00,0.0,0.0,1.8,0
2024-02-16 07:00:00,0.0,0.0,1.8,0
2024-02-16 08:00:00,0.0,0.0,1.8,0
2024-02-16 09:00:00,0.0,0.0,1.8,0
2024-02-16 10:00:00,0.0,0.0,1.8,0
2024-02-16 11:00:00,0.0,0.0,1.7,0
2024-02-16 12:00:00,0.0,0.0,1.5,0
2024-02-16 13:00:00,0.0,0.0,1.2999999999999998,0
2024-02-16 14:00:00,0.0,0.0,0.8999999999999999,0
2024-02-16 15:00:00,0.0,0.0,0.7,0
2024-02-16 16:00:00,0.0,0.0,0.5999999999999999,0
2024-02-16 17:00:00,0.0,0.0,0.4999999999999999,0
2024-02-16 18:00:00,0.0,0.0,0.29999999999999993,0
2024-02-16 19:00:00,0.0,0.0,0.0999999999999999,0
2024-02-16 20:00:00,0.0,0.0,0.0,0
2024-02-16 21:00:00,0.0,0.0,0.0,0
2024-02-16 22:00:00,0.0,0.0,0.0,0
2024-02-16 23:00:00,0.0,0.0,0.0,0
2024-02-17 00:00:00,0.0,0.0,0.0,0
2024-02-17 01:00:00,0.0,0.0,0.0,0
2024-02-17 02:00:00,0.0,0.0,0.0,0
2024-02-17 03:00:00,0.0,0.0,0.0,0
2024-02-17 04:00:00,0.0,0.0,0.0,0
2024-02-17 05:00:00,0.0,0.0,0.0,0
2024-02-17 06:00:00,0.0,0.0,0.0,0
2024-02-17 07:00:00,0.0,0.0,0.0,0
2024-02-17 08:00:00,0.0,0.0,0.0,0
2024-02-17 09:00:00,0.0,0.0,0.0,0
2024-02-17 10:00:00,0.0,0.0,0.0,0
2024-02-17 11:00:00,0.0,0.0,0.0,0
2024-02-17 12:00:00,0.0,0.0,0.0,0
2024-02-17 13:00:00,0.0,0.0,0.0,0
2024-02-17 14:00:00,0.0,0.0,0.0,0
2024-02-17 15:00:00,0.0,0.0,0.0,0
2024-02-17 16:00:00,0.0,0.0,0.0,0
2024-02-17 17:00:00,0.0,0.0,0.0,0
2024-02-17 18:00:00,0.0,0.0,0.0,0
2024-02-17 19:00:00,0.0,0.0,0.0,0
2024-02-17 20:00:00,0.0,0.0,0.0,0
2024-02-17 21:00:00,0.0,0.0,0.0,0
2024-02-17 22:00:00,0.0,0.0,0.0,0
2024-02-17 23:00:00,0.0,0.0,0.0,0
2024-02-18 00:00:00,0.0,0.0,0.0,0
2024-02-18 01:00:00,0.0,0.0,0.0,0
2024-02-18 02:00:00,0.0,0.0,0.0,0
2024-02-18 03:00:00,0.0,0.0,0.0,0
2024-02-18 04:00:00,0.0,0.0,0.0,0
2024-02-18 05:00:00,0.0,0.0,0.0,0
2024-02-18 06:00:00,0.0,0.0,0.0,0
2024-02-18 07:00:00,0.0,0.0,0.0,0
2024-02-18 08:00:00,0.1,0.09999999999999978,0.0999999999999999,0
2024-02-18 09:00:00,0.0,0.09999999999999978,0.0999999999999999,0
2024-02-18 10:00:00,0.0,0.09999999999999978,0.0999999999999999,0
2024-02-18 11:00:00,0.1,0.1999999999999998,0.1999999999999999,0
2024-02-18 12:00:00,0.2,0.3999999999999998,0.3999999999999999,0
2024-02-18 13:00:00,0.1,0.4999999999999998,0.4999999999999999,0
2024-02-18 14:00:00,0.0,0.3999999999999998,0.4999999999999999,0
2024-02-18 15:00:00,0.1,0.49999999999999983,0.5999999999999999,0
2024-02-18 16:00:00,0.0,0.4999999999999998,0.5999999999999999,0
2024-02-18 17:00:00,0.0,0.3999999999999998,0.5999999999999999,0
2024-02-18 18:00:00,0.0,0.1999999999999998,0.5999999999999999,0
2024-02-18 19:00:00,0.0,0.09999999999999978,0.5999999999999999,0
2024-02-18 20:00:00,0.0,0.09999999999999978,0.5999999999999999,0
2024-02-18 21:00:00,0.0,0.0,0.5999999999999999,0
2024-02-18 22:00:00,0.0,0.0,0.5999999999999999,0
2024-02-18 23:00:00,0.0,0.0,0.5999999999999999,0
2024-02-19 00:00:00,0.0,0.0,0.5999999999999999,0
2024-02-19 01:00:00,0.0,0.0,0.5999999999999999,0
2024-02-19 02:00:00,0.0,0.0,0.5999999999999999,0
2024-02-19 03:00:00,0.0,0.0,0.5999999999999999,0
2024-02-19 04:00:00,0.0,0.0,0.5999999999999999,0
2024-02-19 05:00:00,0.0,0.0,0.5999999999999999,0
2024-02-19 06:00:00,0.0,0.0,0.5999999999999999,0
2024-02-19 07:00:00,0.0,0.0,0.5999999999999999,0
2024-02-19 08:00:00,0.0,0.0,0.49999999999999994,0
2024-02-19 09:00:00,0.1,0.09999999999999978,0.5999999999999999,0
2024-02-19 10:00:00,0.0,0.09999999999999978,0.5999999999999999,0
2024-02-19 11:00:00,0.0,0.09999999999999978,0.4999999999999999,0
2024-02-19 12:00:00,0.0,0.09999999999999978,0.29999999999999993,0
2024-02-19 13:00:00,0.0,0.09999999999999978,0.1999999999999999,0
2024-02-19 14:00:00,0.0,0.09999999999999978,0.1999999999999999,0
2024-02-19 15:00:00,0.0,0.0,0.0999999999999999,0
2024-02-19 16:00:00,0.0,0.0,0.0999999999999999,0
2024-02-19 17:00:00,0.0,0.0,0.0999999999999999,0
2024-02-19 18:00:00,0.0,0.0,0.0999999999999999,0
2024-02-19 19:00:00,0.0,0.0,0.0999999999999999,0
2024-02-19 20:00:00,0.0,0.0,0.0999999999999999,0
2024-02-19 21:00:00,0.0,0.0,0.0999999999999999,0
2024-02-19 22:00:00,0.0,0.0,0.0999999999999999,0
2024-02-19 23:00:00,0.0,0.0,0.0999999999999999,0
2024-02-20 00:00:00,0.0,0.0,0.0999999999999999,0
2024-02-20 01:00:00,0.0,0.0,0.0999999999999999,0
2024-02-20 02:00:00,0.0,0.0,0.0999999999999999,0
2024-02-20 03:00:00,0.0,0.0,0.0999999999999999,0
2024-02-20 04:00:00,0.0,0.0,0.0999999999999999,0
2024-02-20 05:00:00,0.0,0.0,0.0999999999999999,0
2024-02-20 06:00:00,0.0,0.0,0.0999999999999999,0
2024-02-20 07:00:00,0.0,0.0,0.0999999999999999,0
2024-02-20 08:00:00,0.0,0.0,0.0999999999999999,0
2024-02-20 09:00:00,0.0,0.0,0.0,0
2024-02-20 10:00:00,0.0,0.0,0.0,0
2024-02-20 11:00:00,0.0,0.0,0.0,0
2024-02-20 12:00:00,0.0,0.0,0.0,0
2024-02-20 13:00:00,0.0,0.0,0.0,0
2024-02-20 14:00:00,0.0,0.0,0.0,0
2024-02-20 15:00:00,0.0,0.0,0.0,0
2024-02-20 16:00:00,0.0,0.0,0.0,0
2024-02-20 17:00:00,0.0,0.0,0.0,0
2024-02-20 18:00:00,0.0,0.0,0.0,0
2024-02-20 19:00:00,0.0,0.0,0.0,0
2024-02-20 20:00:00,0.0,0.0,0.0,0
2024-02-20 21:00:00,0.0,0.0,0.0,0
2024-02-20 22:00:00,0.0,0.0,0.0,0
2024-02-20 23:00:00,0.0,0.0,0.0,0
2024-02-21 00:00:00,0.0,0.0,0.0,0
2024-02-21 01:00:00,0.0,0.0,0.0,0
2024-02-21 02:00:00,0.0,0.0,0.0,0
2024-02-21 03:00:00,0.0,0.0,0.0,0
2024-02-21 04:00:00,0.0,0.0,0.0,0
2024-02-21 05:00:00,0.0,0.0,0.0,0
2024-02-21 06:00:00,0.0,0.0,0.0,0
2024-02-21 07:00:00,0.0,0.0,0.0,0
2024-02-21 08:00:00,0.0,0.0,0.0,0
2024-02-21 09:00:00,0.0,0.0,0.0,0
2024-02-21 10:00:00,0.0,0.0,0.0,0
2024-02-21 11:00:00,0.0,0.0,0.0,0
2024-02-21 12:00:00,0.0,0.0,0.0,0
2024-02-21 13:00:00,0.3,0.29999999999999977,0.2999999999999999,0
2024-02-21 14:00:00,0.0,0.29999999999999977,0.2999999999999999,0
2024-02-21 15:00:00,0.1,0.3999999999999998,0.3999999999999999,0
2024-02-21 16:00:00,0.0,0.3999999999999998,0.3999999999999999,0
2024-02-21 17:00:00,0.0,0.3999999999999998,0.3999999999999999,0
2024-02-21 18:00:00,0.0,0.3999999999999998,0.3999999999999999,0
2024-02-21 19:00:00,0.0,0.09999999999999978,0.3999999999999999,0
2024-02-21 20:00:00,0.0,0.09999999999999978,0.3999999999999999,0
2024-02-21 21:00:00,0.0,0.0,0.3999999999999999,0
2024-02-21 22:00:00,0.0,0.0,0.3999999999999999,0
2024-02-21 23:00:00,0.0,0.0,0.3999999999999999,0
2024-02-22 00:00:00,0.0,0.0,0.3999999999999999,0
2024-02-22 01:00:00,0.0,0.0,0.3999999999999999,0
2024-02-22 02:00:00,0.0,0.0,0.3999999999999999,0
2024-02-22 03:00:00,0.0,0.0,0.3999999999999999,0
2024-02-22 04:00:00,0.0,0.0,0.3999999999999999,0
2024-02-22 05:00:00,0.0,0.0,0.3999999999999999,0
2024-02-22 06:00:00,0.0,0.0,0.3999999999999999,0
2024-02-22 07:00:00,0.0,0.0,0.3999999999999999,0
2024-02-22 08:00:00,0.0,0.0,0.3999999999999999,0
2024-02-22 09:00:00,0.0,0.0,0.3999999999999999,0
2024-02-22 10:00:00,0.0,0.0,0.3999999999999999,0
2024-02-22 11:00:00,0.0,0.0,0.3999999999999999,0
2024-02-22 12:00:00,0.0,0.0,0.3999999999999999,0
2024-02-22 13:00:00,0.1,0.09999999999999978,0.1999999999999999,0
2024-02-22 14:00:00,0.0,0.09999999999999978,0.1999999999999999,0
2024-02-22 15:00:00,0.0,0.09999999999999978,0.0999999999999999,0
2024-02-22 16:00:00,0.1,0.1999999999999998,0.1999999999999999,0
2024-02-22 17:00:00,0.1,0.2999999999999998,0.29999999999999993,0
2024-02-22 18:00:00,0.0,0.2999999999999998,0.29999999999999993,0
2024-02-22 19:00:00,0.0,0.1999999999999998,0.29999999999999993,0
2024-02-22 20:00:00,0.0,0.1999999999999998,0.29999999999999993,0
2024-02-22 21:00:00,0.0,0.1999999999999998,0.29999999999999993,0
2024-02-22 22:00:00,0.0,0.09999999999999978,0.29999999999999993,0
2024-02-22 23:00:00,0.0,0.0,0.29999999999999993,0
2024-02-23 00:00:00,0.0,0.0,0.29999999999999993,0
2024-02-23 01:00:00,0.0,0.0,0.29999999999999993,0
2024-02-23 02:00:00,0.0,0.0,0.29999999999999993,0
2024-02-23 03:00:00,0.0,0.0,0.29999999999999993,0
2024-02-23 04:00:00,0.0,0.0,0.29999999999999993,0
2024-02-23 05:00:00,0.0,0.0,0.29999999999999993,0
2024-02-23 06:00:00,0.0,0.0,0.29999999999999993,0
2024-02-23 07:00:00,0.0,0.0,0.29999999999999993,0
2024-02-23 08:00:00,0.0,0.0,0.29999999999999993,0
2024-02-23 09:00:00,0.0,0.0,0.29999999999999993,0
2024-02-23 10:00:00,0.1,0.09999999999999978,0.3999999999999999,0
2024-02-23 11:00:00,0.0,0.09999999999999978,0.3999999999999999,0
2024-02-23 12:00:00,0.0,0.09999999999999978,0.3999999999999999,0
2024-02-23 13:00:00,0.0,0.09999999999999978,0.29999999999999993,0
2024-02-23 14:00:00,0.0,0.09999999999999978,0.29999999999999993,0
2024-02-23 15:00:00,0.0,0.09999999999999978,0.29999999999999993,0
2024-02-23 16:00:00,0.0,0.0,0.1999999999999999,0
2024-02-23 17:00:00,0.0,0.0,0.0999999999999999,0
2024-02-23 18:00:00,0.0,0.0,0.0999999999999999,0
2024-02-23 19:00:00,0.1,0.09999999999999978,0.1999999999999999,0
2024-02-23 20:00:00,0.0,0.09999999999999978,0.1999999999999999,0
2024-02-23 21:00:00,0.0,0.09999999999999978,0.1999999999999999,0
2024-02-23 22:00:00,0.0,0.09999999999999978,0.1999999999999999,0
2024-02-23 23:00:00,0.0,0.09999999999999978,0.1999999999999999,0
2024-02-24 00:00:00,0.0,0.09999999999999978,0.1999999999999999,0
2024-02-24 01:00:00,0.0,0.0,0.1999999999999999,0
2024-02-24 02:00:00,0.0,0.0,0.1999999999999999,0
2024-02-24 03:00:00,0.0,0.0,0.1999999999999999,0
2024-02-24 04:00:00,0.0,0.0,0.1999999999999999,0
2024-02-24 05:00:00,0.0,0.0,0.1999999999999999,0
2024-02-24 06:00:00,0.0,0.0,0.1999999999999999,0
2024-02-24 07:00:00,0.0,0.0,0.1999999999999999,0
2024-02-24 08:00:00,0.0,0.0,0.1999999999999999,0
2024-02-24 09:00:00,0.0,0.0,0.1999999999999999,0
2024-02-24 10:00:00,0.1,0.09999999999999978,0.1999999999999999,0
2024-02-24 11:00:00,0.0,0.09999999999999978,0.1999999999999999,0
2024-02-24 12:00:00,0.1,0.1999999999999998,0.29999999999999993,0
2024-02-24 13:00:00,0.4,0.5999999999999999,0.7,0
2024-02-24 14:00:00,2.7,3.3,3.4000000000000004,0
2024-02-24 15:00:00,3.7,7.0,7.1000000000000005,0
2024-02-24 16:00:00,6.6,13.5,13.7,0
2024-02-24 17:00:00,0.1,13.6,13.8,0
2024-02-24 18:00:00,0.0,13.5,13.8,0
2024-02-24 19:00:00,0.0,13.1,13.700000000000001,0
2024-02-24 20:00:00,0.0,10.399999999999999,13.700000000000001,0
2024-02-24 21:00:00,0.0,6.699999999999999,13.700000000000001,0
2024-02-24 22:00:00,0.0,0.1,13.700000000000001,0
2024-02-24 23:00:00,0.0,0.0,13.700000000000001,0
2024-02-25 00:00:00,0.0,0.0,13.700000000000001,0
2024-02-25 01:00:00,0.0,0.0,13.700000000000001,0
2024-02-25 02:00:00,0.0,0.0,13.700000000000001,0
2024-02-25 03:00:00,0.0,0.0,13.700000000000001,0
2024-02-25 04:00:00,0.0,0.0,13.700000000000001,0
2024-02-25 05:00:00,0.0,0.0,13.700000000000001,0
2024-02-25 06:00:00,0.0,0.0,13.700000000000001,0
2024-02-25 07:00:00,0.0,0.0,13.700000000000001,0
2024-02-25 08:00:00,0.0,0.0,13.700000000000001,0
2024-02-25 09:00:00,0.1,0.1,13.8,0
2024-02-25 10:00:00,0.0,0.1,13.700000000000001,0
2024-02-25 11:00:00,0.1,0.2,13.8,0
2024-02-25 12:00:00,0.0,0.2,13.7,0
2024-02-25 13:00:00,0.0,0.2,13.3,0
2024-02-25 14:00:00,0.0,0.2,10.6,0
2024-02-25 15:00:00,0.0,0.1,6.8999999999999995,0
2024-02-25 16:00:00,0.0,0.1,0.30000000000000004,0
2024-02-25 17:00:00,0.0,0.0,0.2,0
2024-02-25 18:00:00,0.0,0.0,0.2,0
2024-02-25 19:00:00,0.0,0.0,0.2,0
2024-02-25 20:00:00,0.0,0.0,0.2,0
2024-02-25 21:00:00,0.0,0.0,0.2,0
2024-02-25 22:00:00,0.0,0.0,0.2,0
2024-02-25 23:00:00,0.0,0.0,0.2,0
2024-02-26 00:00:00,0.0,0.0,0.2,0
2024-02-26 01:00:00,0.0,0.0,0.2,0
2024-02-26 02:00:00,0.0,0.0,0.2,0
2024-02-26 03:00:00,0.0,0.0,0.2,0
2024-02-26 04:00:00,0.0,0.0,0.2,0
2024-02-26 05:00:00,0.0,0.0,0.2,0
2024-02-26 06:00:00,0.0,0.0,0.2,0
2024-02-26 07:00:00,0.0,0.0,0.2,0
2024-02-26 08:00:00,0.0,0.0,0.2,0
2024-02-26 09:00:00,0.0,0.0,0.1,0
2024-02-26 10:00:00,0.0,0.0,0.1,0
2024-02-26 11:00:00,0.0,0.0,0.0,0
2024-02-26 12:00:00,0.0,0.0,0.0,0
2024-02-26 13:00:00,0.0,0.0,0.0,0
2024-02-26 14:00:00,0.0,0.0,0.0,0
2024-02-26 15:00:00,0.0,0.0,0.0,0
2024-02-26 16:00:00,0.0,0.0,0.0,0
2024-02-26 17:00:00,0.0,0.0,0.0,0
2024-02-26 18:00:00,0.0,0.0,0.0,0
2024-02-26 19:00:00,0.0,0.0,0.0,0
2024-02-26 20:00:00,0.0,0.0,0.0,0
2024-02-26 21:00:00,0.0,0.0,0.0,0
2024-02-26 22:00:00,0.0,0.0,0.0,0
2024-02-26 23:00:00,0.0,0.0,0.0,0
2024-02-27 00:00:00,0.0,0.0,0.0,0
2024-02-27 01:00:00,0.0,0.0,0.0,0
2024-02-27 02:00:00,0.0,0.0,0.0,0
2024-02-27 03:00:00,0.0,0.0,0.0,0
2024-02-27 04:00:00,0.0,0.0,0.0,0
2024-02-27 05:00:00,0.0,0.0,0.0,0
2024-02-27 06:00:00,0.0,0.0,0.0,0
2024-02-27 07:00:00,0.0,0.0,0.0,0
2024-02-27 08:00:00,0.0,0.0,0.0,0
2024-02-27 09:00:00,0.0,0.0,0.0,0
2024-02-27 10:00:00,0.0,0.0,0.0,0
2024-02-27 11:00:00,0.0,0.0,0.0,0
2024-02-27 12:00:00,0.0,0.0,0.0,0
2024-02-27 13:00:00,0.0,0.0,0.0,0
2024-02-27 14:00:00,0.0,0.0,0.0,0
2024-02-27 15:00:00,0.0,0.0,0.0,0
2024-02-27 16:00:00,0.0,0.0,0.0,0
2024-02-27 17:00:00,0.0,0.0,0.0,0
2024-02-27 18:00:00,0.0,0.0,0.0,0
2024-02-27 19:00:00,0.0,0.0,0.0,0
2024-02-27 20:00:00,0.0,0.0,0.0,0
2024-02-27 21:00:00,0.0,0.0,0.0,0
2024-02-27 22:00:00,0.0,0.0,0.0,0
2024-02-27 23:00:00,0.0,0.0,0.0,0
2024-02-28 00:00:00,0.0,0.0,0.0,0
2024-02-28 01:00:00,0.0,0.0,0.0,0
2024-02-28 02:00:00,0.0,0.0,0.0,0
2024-02-28 03:00:00,0.0,0.0,0.0,0
2024-02-28 04:00:00,0.0,0.0,0.0,0
2024-02-28 05:00:00,0.0,0.0,0.0,0
2024-02-28 06:00:00,0.0,0.0,0.0,0
2024-02-28 07:00:00,0.0,0.0,0.0,0
2024-02-28 08:00:00,0.0,0.0,0.0,0
2024-02-28 09:00:00,0.0,0.0,0.0,0
2024-02-28 10:00:00,0.0,0.0,0.0,0
2024-02-28 11:00:00,0.0,0.0,0.0,0
2024-02-28 12:00:00,0.0,0.0,0.0,0
2024-02-28 13:00:00,0.0,0.0,0.0,0
2024-02-28 14:00:00,0.0,0.0,0.0,0
2024-02-28 15:00:00,0.0,0.0,0.0,0
2024-02-28 16:00:00,0.0,0.0,0.0,0
2024-02-28 17:00:00,0.0,0.0,0.0,0
2024-02-28 18:00:00,0.0,0.0,0.0,0
2024-02-28 19:00:00,0.0,0.0,0.0,0
2024-02-28 20:00:00,0.0,0.0,0.0,0
2024-02-28 21:00:00,0.0,0.0,0.0,0
2024-02-28 22:00:00,0.0,0.0,0.0,0
2024-02-28 23:00:00,0.0,0.0,0.0,0
2024-02-29 00:00:00,0.0,0.0,0.0,0
2024-02-29 01:00:00,0.0,0.0,0.0,0
2024-02-29 02:00:00,0.0,0.0,0.0,0
2024-02-29 03:00:00,0.0,0.0,0.0,0
2024-02-29 04:00:00,0.0,0.0,0.0,0
2024-02-29 05:00:00,0.0,0.0,0.0,0
2024-02-29 06:00:00,0.0,0.0,0.0,0
2024-02-29 07:00:00,0.0,0.0,0.0,0
2024-02-29 08:00:00,0.0,0.0,0.0,0
2024-02-29 09:00:00,0.0,0.0,0.0,0
2024-02-29 10:00:00,0.0,0.0,0.0,0
2024-02-29 11:00:00,0.0,0.0,0.0,0
2024-02-29 12:00:00,0.0,0.0,0.0,0
2024-02-29 13:00:00,0.0,0.0,0.0,0
2024-02-29 14:00:00,0.0,0.0,0.0,0
2024-02-29 15:00:00,0.0,0.0,0.0,0
2024-02-29 16:00:00,0.0,0.0,0.0,0
2024-02-29 17:00:00,0.0,0.0,0.0,0
2024-02-29 18:00:00,0.0,0.0,0.0,0
2024-02-29 19:00:00,0.0,0.0,0.0,0
2024-02-29 20:00:00,0.0,0.0,0.0,0
2024-02-29 21:00:00,0.0,0.0,0.0,0
2024-02-29 22:00:00,0.0,0.0,0.0,0
2024-02-29 23:00:00,0.0,0.0,0.0,0
2024-03-01 00:00:00,0.0,0.0,0.0,0
2024-03-01 01:00:00,0.0,0.0,0.0,0
2024-03-01 02:00:00,0.0,0.0,0.0,0
2024-03-01 03:00:00,0.0,0.0,0.0,0
2024-03-01 04:00:00,0.0,0.0,0.0,0
2024-03-01 05:00:00,0.0,0.0,0.0,0
2024-03-01 06:00:00,0.0,0.0,0.0,0
2024-03-01 07:00:00,0.0,0.0,0.0,0
2024-03-01 08:00:00,0.0,0.0,0.0,0
2024-03-01 09:00:00,0.3,0.3,0.3,0
2024-03-01 10:00:00,0.1,0.4,0.4,0
2024-03-01 11:00:00,0.1,0.5,0.5,0
2024-03-01 12:00:00,0.0,0.5,0.5,0
2024-03-01 13:00:00,0.0,0.5,0.5,0
2024-03-01 14:00:00,0.1,0.6,0.6,0
2024-03-01 15:00:00,0.0,0.30000000000000004,0.6,0
2024-03-01 16:00:00,0.0,0.2,0.6,0
2024-03-01 17:00:00,0.0,0.1,0.6,0
2024-03-01 18:00:00,0.0,0.1,0.6,0
2024-03-01 19:00:00,0.0,0.1,0.6,0
2024-03-01 20:00:00,0.0,0.0,0.6,0
2024-03-01 21:00:00,0.0,0.0,0.6,0
2024-03-01 22:00:00,0.0,0.0,0.6,0
2024-03-01 23:00:00,0.0,0.0,0.6,0
2024-03-02 00:00:00,0.0,0.0,0.6,0
2024-03-02 01:00:00,0.0,0.0,0.6,0
2024-03-02 02:00:00,0.0,0.0,0.6,0
2024-03-02 03:00:00,0.0,0.0,0.6,0
2024-03-02 04:00:00,0.0,0.0,0.6,0
2024-03-02 05:00:00,0.0,0.0,0.6,0
2024-03-02 06:00:00,0.0,0.0,0.6,0
2024-03-02 07:00:00,0.0,0.0,0.6,0
2024-03-02 08:00:00,0.0,0.0,0.6,0
2024-03-02 09:00:00,0.0,0.0,0.30000000000000004,0
2024-03-02 10:00:00,0.0,0.0,0.2,0
2024-03-02 11:00:00,0.0,0.0,0.1,0
2024-03-02 12:00:00,0.0,0.0,0.1,0
2024-03-02 13:00:00,0.0,0.0,0.1,0
2024-03-02 14:00:00,0.0,0.0,0.0,0
2024-03-02 15:00:00,0.0,0.0,0.0,0
2024-03-02 16:00:00,0.0,0.0,0.0,0
2024-03-02 17:00:00,0.0,0.0,0.0,0
2024-03-02 18:00:00,0.0,0.0,0.0,0
2024-03-02 19:00:00,0.0,0.0,0.0,0
2024-03-02 20:00:00,0.0,0.0,0.0,0
2024-03-02 21:00:00,0.0,0.0,0.0,0
2024-03-02 22:00:00,0.0,0.0,0.0,0
2024-03-02 23:00:00,0.0,0.0,0.0,0
2024-03-03 00:00:00,0.0,0.0,0.0,0
2024-03-03 01:00:00,0.0,0.0,0.0,0
2024-03-03 02:00:00,0.0,0.0,0.0,0
2024-03-03 03:00:00,0.0,0.0,0.0,0
2024-03-03 04:00:00,0.0,0.0,0.0,0
2024-03-03 05:00:00,0.0,0.0,0.0,0
2024-03-03 06:00:00,0.0,0.0,0.0,0
2024-03-03 07:00:00,0.0,0.0,0.0,0
2024-03-03 08:00:00,0.0,0.0,0.0,0
2024-03-03 09:00:00,0.0,0.0,0.0,0
2024-03-03 10:00:00,0.0,0.0,0.0,0
2024-03-03 11:00:00,0.0,0.0,0.0,0
2024-03-03 12:00:00,0.0,0.0,0.0,0
2024-03-03 13:00:00,0.1,0.1,0.1,0
2024-03-03 14:00:00,0.1,0.2,0.2,0
2024-03-03 15:00:00,0.1,0.30000000000000004,0.30000000000000004,0
2024-03-03 16:00:00,0.1,0.4,0.4,0
2024-03-03 17:00:00,0.1,0.5,0.5,0
2024-03-03 18:00:00,0.0,0.5,0.5,0
2024-03-03 19:00:00,0.0,0.4,0.5,0
2024-03-03 20:00:00,0.0,0.30000000000000004,0.5,0
2024-03-03 21:00:00,0.0,0.2,0.5,0
2024-03-03 22:00:00,0.0,0.1,0.5,0
2024-03-03 23:00:00,0.0,0.0,0.5,0
2024-03-04 00:00:00,0.0,0.0,0.5,0
2024-03-04 01:00:00,0.0,0.0,0.5,0
2024-03-04 02:00:00,0.0,0.0,0.5,0
2024-03-04 03:00:00,0.0,0.0,0.5,0
2024-03-04 04:00:00,0.0,0.0,0.5,0
2024-03-04 05:00:00,0.0,0.0,0.5,0
2024-03-04 06:00:00,0.0,0.0,0.5,0
2024-03-04 07:00:00,0.0,0.0,0.5,0
2024-03-04 08:00:00,0.0,0.0,0.5,0
2024-03-04 09:00:00,0.1,0.1,0.6000000000000001,0
2024-03-04 10:00:00,0.2,0.30000000000000004,0.8,0
2024-03-04 11:00:00,0.3,0.6,1.1,0
2024-03-04 12:00:00,0.3,0.8999999999999999,1.4,0
2024-03-04 13:00:00,0.0,0.8999999999999999,1.2999999999999998,0
2024-03-04 14:00:00,0.0,0.8999999999999999,1.2000000000000002,0
2024-03-04 15:00:00,0.0,0.8,1.1,0
2024-03-04 16:00:00,0.0,0.5999999999999999,0.9999999999999999,0
2024-03-04 17:00:00,0.0,0.3,0.9,0
2024-03-04 18:00:00,0.0,0.0,0.9,0
2024-03-04 19:00:00,0.0,0.0,0.9,0
2024-03-04 20:00:00,0.0,0.0,0.9,0
2024-03-04 21:00:00,0.0,0.0,0.9,0
2024-03-04 22:00:00,0.0,0.0,0.9,0
2024-03-04 23:00:00,0.0,0.0,0.9,0
2024-03-05 00:00:00,0.0,0.0,0.9,0
2024-03-05 01:00:00,0.0,0.0,0.9,0
2024-03-05 02:00:00,0.0,0.0,0.9,0
2024-03-05 03:00:00,0.0,0.0,0.9,0
2024-03-05 04:00:00,0.0,0.0,0.9,0
2024-03-05 05:00:00,0.0,0.0,0.9,0
2024-03-05 06:00:00,0.0,0.0,0.9,0
2024-03-05 07:00:00,0.0,0.0,0.9,0
2024-03-05 08:00:00,0.0,0.0,0.9,0
2024-03-05 09:00:00,0.0,0.0,0.8,0
2024-03-05 10:00:00,0.0,0.0,0.6,0
2024-03-05 11:00:00,0.0,0.0,0.3,0
2024-03-05 12:00:00,0.0,0.0,0.0,0
2024-03-05 13:00:00,0.0,0.0,0.0,0
2024-03-05 14:00:00,0.0,0.0,0.0,0
2024-03-05 15:00:00,0.0,0.0,0.0,0
2024-03-05 16:00:00,0.0,0.0,0.0,0
2024-03-05 17:00:00,0.0,0.0,0.0,0
2024-03-05 18:00:00,0.0,0.0,0.0,0
2024-03-05 19:00:00,0.0,0.0,0.0,0
2024-03-05 20:00:00,0.0,0.0,0.0,0
2024-03-05 21:00:00,0.0,0.0,0.0,0
2024-03-05 22:00:00,0.0,0.0,0.0,0
2024-03-05 23:00:00,0.0,0.0,0.0,0
2024-03-06 00:00:00,0.0,0.0,0.0,0
2024-03-06 01:00:00,0.0,0.0,0.0,0
2024-03-06 02:00:00,0.0,0.0,0.0,0
2024-03-06 03:00:00,0.0,0.0,0.0,0
2024-03-06 04:00:00,0.0,0.0,0.0,0
2024-03-06 05:00:00,0.0,0.0,0.0,0
2024-03-06 06:00:00,0.0,0.0,0.0,0
2024-03-06 07:00:00,0.0,0.0,0.0,0
2024-03-06 08:00:00,0.0,0.0,0.0,0
2024-03-06 09:00:00,0.0,0.0,0.0,0
2024-03-06 10:00:00,0.0,0.0,0.0,0
2024-03-06 11:00:00,0.0,0.0,0.0,0
2024-03-06 12:00:00,0.0,0.0,0.0,0
2024-03-06 13:00:00,0.0,0.0,0.0,0
2024-03-06 14:00:00,0.0,0.0,0.0,0
2024-03-06 15:00:00,0.0,0.0,0.0,0
2024-03-06 16:00:00,0.0,0.0,0.0,0
2024-03-06 17:00:00,0.0,0.0,0.0,0
2024-03-06 18:00:00,0.0,0.0,0.0,0
2024-03-06 19:00:00,0.0,0.0,0.0,0
2024-03-06 20:00:00,0.0,0.0,0.0,0
2024-03-06 21:00:00,0.0,0.0,0.0,0
2024-03-06 22:00:00,0.0,0.0,0.0,0
2024-03-06 23:00:00,0.0,0.0,0.0,0
2024-03-07 00:00:00,0.0,0.0,0.0,0
2024-03-07 01:00:00,0.0,0.0,0.0,0
2024-03-07 02:00:00,0.0,0.0,0.0,0
2024-03-07 03:00:00,0.0,0.0,0.0,0
2024-03-07 04:00:00,0.0,0.0,0.0,0
2024-03-07 05:00:00,0.0,0.0,0.0,0
2024-03-07 06:00:00,0.0,0.0,0.0,0
2024-03-07 07:00:00,0.0,0.0,0.0,0
2024-03-07 08:00:00,0.0,0.0,0.0,0
2024-03-07 09:00:00,0.0,0.0,0.0,0
2024-03-07 10:00:00,0.0,0.0,0.0,0
2024-03-07 11:00:00,0.0,0.0,0.0,0
2024-03-07 12:00:00,0.0,0.0,0.0,0
2024-03-07 13:00:00,0.0,0.0,0.0,0
2024-03-07 14:00:00,0.0,0.0,0.0,0
2024-03-07 15:00:00,0.0,0.0,0.0,0
2024-03-07 16:00:00,0.0,0.0,0.0,0
2024-03-07 17:00:00,0.0,0.0,0.0,0
2024-03-07 18:00:00,0.0,0.0,0.0,0
2024-03-07 19:00:00,0.0,0.0,0.0,0
2024-03-07 20:00:00,0.0,0.0,0.0,0
2024-03-07 21:00:00,0.0,0.0,0.0,0
2024-03-07 22:00:00,0.0,0.0,0.0,0
2024-03-07 23:00:00,0.0,0.0,0.0,0
2024-03-08 00:00:00,0.0,0.0,0.0,0
2024-03-08 01:00:00,0.0,0.0,0.0,0
2024-03-08 02:00:00,0.0,0.0,0.0,0
2024-03-08 03:00:00,0.0,0.0,0.0,0
2024-03-08 04:00:00,0.0,0.0,0.0,0
2024-03-08 05:00:00,0.0,0.0,0.0,0
2024-03-08 06:00:00,0.0,0.0,0.0,0
2024-03-08 07:00:00,0.0,0.0,0.0,0
2024-03-08 08:00:00,0.0,0.0,0.0,0
2024-03-08 09:00:00,0.0,0.0,0.0,0
2024-03-08 10:00:00,0.0,0.0,0.0,0
2024-03-08 11:00:00,0.0,0.0,0.0,0
2024-03-08 12:00:00,0.0,0.0,0.0,0
2024-03-08 13:00:00,0.0,0.0,0.0,0
2024-03-08 14:00:00,0.0,0.0,0.0,0
2024-03-08 15:00:00,0.0,0.0,0.0,0
2024-03-08 16:00:00,0.0,0.0,0.0,0
2024-03-08 17:00:00,0.0,0.0,0.0,0
2024-03-08 18:00:00,0.0,0.0,0.0,0
2024-03-08 19:00:00,0.0,0.0,0.0,0
2024-03-08 20:00:00,0.0,0.0,0.0,0
2024-03-08 21:00:00,0.0,0.0,0.0,0
2024-03-08 22:00:00,0.0,0.0,0.0,0
2024-03-08 23:00:00,0.0,0.0,0.0,0
2024-03-09 00:00:00,0.0,0.0,0.0,0
2024-03-09 01:00:00,0.0,0.0,0.0,0
2024-03-09 02:00:00,0.0,0.0,0.0,0
2024-03-09 03:00:00,0.0,0.0,0.0,0
2024-03-09 04:00:00,0.0,0.0,0.0,0
2024-03-09 05:00:00,0.0,0.0,0.0,0
2024-03-09 06:00:00,0.0,0.0,0.0,0
2024-03-09 07:00:00,0.0,0.0,0.0,0
2024-03-09 08:00:00,0.0,0.0,0.0,0
2024-03-09 09:00:00,0.0,0.0,0.0,0
2024-03-09 10:00:00,0.0,0.0,0.0,0
2024-03-09 11:00:00,0.0,0.0,0.0,0
2024-03-09 12:00:00,0.0,0.0,0.0,0
2024-03-09 13:00:00,0.0,0.0,0.0,0
2024-03-09 14:00:00,0.0,0.0,0.0,0
2024-03-09 15:00:00,0.0,0.0,0.0,0
2024-03-09 16:00:00,0.0,0.0,0.0,0
2024-03-09 17:00:00,0.0,0.0,0.0,0
2024-03-09 18:00:00,0.0,0.0,0.0,0
2024-03-09 19:00:00,0.0,0.0,0.0,0
2024-03-09 20:00:00,0.0,0.0,0.0,0
2024-03-09 21:00:00,0.0,0.0,0.0,0
2024-03-09 22:00:00,0.0,0.0,0.0,0
2024-03-09 23:00:00,0.0,0.0,0.0,0
2024-03-10 00:00:00,0.0,0.0,0.0,0
2024-03-10 01:00:00,0.0,0.0,0.0,0
2024-03-10 02:00:00,0.0,0.0,0.0,0
2024-03-10 03:00:00,0.0,0.0,0.0,0
2024-03-10 04:00:00,0.0,0.0,0.0,0
2024-03-10 05:00:00,0.0,0.0,0.0,0
2024-03-10 06:00:00,0.0,0.0,0.0,0
2024-03-10 07:00:00,0.1,0.1,0.1,0
2024-03-10 08:00:00,0.1,0.2,0.2,0
2024-03-10 09:00:00,0.1,0.30000000000000004,0.30000000000000004,0
2024-03-10 10:00:00,0.6,0.9,0.9,0
2024-03-10 11:00:00,0.2,1.1,1.1,0
2024-03-10 12:00:00,0.8,1.9000000000000001,1.9000000000000001,0
2024-03-10 13:00:00,0.4,2.2,2.3000000000000003,0
2024-03-10 14:00:00,0.7,2.8,3.0,0
2024-03-10 15:00:00,0.5,3.2,3.5,0
2024-03-10 16:00:00,0.2,2.8000000000000003,3.7,0
2024-03-10 17:00:00,0.1,2.7,3.8000000000000003,0
2024-03-10 18:00:00,0.0,1.9,3.8000000000000003,0
2024-03-10 19:00:00,0.1,1.6,3.9000000000000004,0
2024-03-10 20:00:00,0.3,1.2,4.2,0
2024-03-10 21:00:00,0.1,0.8,4.3,0
2024-03-10 22:00:00,0.1,0.7000000000000001,4.4,0
2024-03-10 23:00:00,0.3,0.8999999999999999,4.7,0
2024-03-11 00:00:00,0.6,1.5,5.3,0
2024-03-11 01:00:00,0.4,1.7999999999999998,5.7,0
2024-03-11 02:00:00,0.7,2.2,6.4,0
2024-03-11 03:00:00,0.1,2.2,6.5,0
2024-03-11 04:00:00,0.0,2.1,6.5,0
2024-03-11 05:00:00,0.0,1.8,6.5,0
2024-03-11 06:00:00,0.0,1.2,6.5,0
2024-03-11 07:00:00,0.0,0.7999999999999999,6.4,0
2024-03-11 08:00:00,0.0,0.1,6.3,0
2024-03-11 09:00:00,0.1,0.1,6.3,0
2024-03-11 10:00:00,0.1,0.2,5.8,0
2024-03-11 11:00:00,0.1,0.30000000000000004,5.7,0
2024-03-11 12:00:00,0.3,0.6,5.199999999999999,0
2024-03-11 13:00:00,0.2,0.8,5.0,0
2024-03-11 14:00:00,0.1,0.9,4.4,0
2024-03-11 15:00:00,0.0,0.8,3.9,0
2024-03-11 16:00:00,0.0,0.7,3.6999999999999997,0
2024-03-11 17:00:00,0.0,0.6,3.5999999999999996,0
2024-03-11 18:00:00,0.0,0.30000000000000004,3.5999999999999996,0
2024-03-11 19:00:00,0.0,0.1,3.5,0
2024-03-11 20:00:00,0.0,0.0,3.1999999999999997,0
2024-03-11 21:00:00,0.0,0.0,3.0999999999999996,0
2024-03-11 22:00:00,0.0,0.0,3.0,0
2024-03-11 23:00:00,0.1,0.1,2.8,0
2024-03-12 00:00:00,0.4,0.5,2.6,0
2024-03-12 01:00:00,0.2,0.7,2.4,0
2024-03-12 02:00:00,0.1,0.8,1.8000000000000003,0
2024-03-12 03:00:00,0.0,0.8,1.7000000000000002,0
2024-03-12 04:00:00,0.0,0.8,1.7000000000000002,0
2024-03-12 05:00:00,0.0,0.7000000000000001,1.7000000000000002,0
2024-03-12 06:00:00,0.0,0.30000000000000004,1.7000000000000002,0
2024-03-12 07:00:00,0.0,0.1,1.7000000000000002,0
2024-03-12 08:00:00,0.0,0.0,1.7000000000000002,0
2024-03-12 09:00:00,0.0,0.0,1.6,0
2024-03-12 10:00:00,0.1,0.1,1.6,0
2024-03-12 11:00:00,0.1,0.2,1.6,0
2024-03-12 12:00:00,0.1,0.30000000000000004,1.4,0
2024-03-12 13:00:00,0.2,0.5,1.4000000000000001,0
2024-03-12 14:00:00,0.1,0.6000000000000001,1.4,0
2024-03-12 15:00:00,0.0,0.6000000000000001,1.4,0
2024-03-12 16:00:00,0.0,0.5,1.4,0
2024-03-12 17:00:00,0.0,0.4,1.4,0
2024-03-12 18:00:00,0.0,0.30000000000000004,1.4,0
2024-03-12 19:00:00,0.0,0.1,1.4,0
2024-03-12 20:00:00,0.0,0.0,1.4,0
2024-03-12 21:00:00,0.0,0.0,1.4,0
2024-03-12 22:00:00,0.0,0.0,1.4,0
2024-03-12 23:00:00,0.0,0.0,1.3,0
2024-03-13 00:00:00,0.0,0.0,0.9,0
2024-03-13 01:00:00,0.0,0.0,0.7000000000000001,0
2024-03-13 02:00:00,0.0,0.0,0.6000000000000001,0
2024-03-13 03:00:00,0.0,0.0,0.6000000000000001,0
2024-03-13 04:00:00,0.0,0.0,0.6000000000000001,0
2024-03-13 05:00:00,0.0,0.0,0.6000000000000001,0
2024-03-13 06:00:00,0.0,0.0,0.6000000000000001,0
2024-03-13 07:00:00,0.0,0.0,0.6000000000000001,0
2024-03-13 08:00:00,0.0,0.0,0.6000000000000001,0
2024-03-13 09:00:00,0.0,0.0,0.6000000000000001,0
2024-03-13 10:00:00,0.0,0.0,0.5,0
2024-03-13 11:00:00,0.0,0.0,0.4,0
2024-03-13 12:00:00,0.1,0.1,0.4,0
2024-03-13 13:00:00,0.4,0.5,0.6000000000000001,0
2024-03-13 14:00:00,0.1,0.6,0.6000000000000001,0
2024-03-13 15:00:00,0.0,0.6,0.6000000000000001,0
2024-03-13 16:00:00,0.0,0.6,0.6000000000000001,0
2024-03-13 17:00:00,0.0,0.6,0.6000000000000001,0
2024-03-13 18:00:00,0.0,0.5,0.6000000000000001,0
2024-03-13 19:00:00,0.0,0.1,0.6000000000000001,0
2024-03-13 20:00:00,0.0,0.0,0.6000000000000001,0
2024-03-13 21:00:00,0.0,0.0,0.6000000000000001,0
2024-03-13 22:00:00,0.0,0.0,0.6000000000000001,0
2024-03-13 23:00:00,0.0,0.0,0.6000000000000001,0
2024-03-14 00:00:00,0.0,0.0,0.6000000000000001,0
2024-03-14 01:00:00,0.0,0.0,0.6000000000000001,0
2024-03-14 02:00:00,0.0,0.0,0.6000000000000001,0
2024-03-14 03:00:00,0.0,0.0,0.6000000000000001,0
2024-03-14 04:00:00,0.0,0.0,0.6000000000000001,0
2024-03-14 05:00:00,0.0,0.0,0.6000000000000001,0
2024-03-14 06:00:00,0.0,0.0,0.6000000000000001,0
2024-03-14 07:00:00,0.0,0.0,0.6000000000000001,0
2024-03-14 08:00:00,0.0,0.0,0.6000000000000001,0
2024-03-14 09:00:00,0.1,0.1,0.7000000000000001,0
2024-03-14 10:00:00,0.1,0.2,0.8,0
2024-03-14 11:00:00,0.3,0.5,1.1,0
2024-03-14 12:00:00,0.7,1.2,1.7,0
2024-03-14 13:00:00,0.0,1.2,1.3,0
2024-03-14 14:00:00,0.1,1.3,1.3,0
2024-03-14 15:00:00,0.1,1.2999999999999998,1.4,0
2024-03-14 16:00:00,0.2,1.4,1.6,0
2024-03-14 17:00:00,0.0,1.1,1.6,0
2024-03-14 18:00:00,0.0,0.4,1.6,0
2024-03-14 19:00:00,0.0,0.4,1.6,0
2024-03-14 20:00:00,0.0,0.30000000000000004,1.6,0
2024-03-14 21:00:00,0.0,0.2,1.6,0
2024-03-14 22:00:00,0.0,0.0,1.6,0
2024-03-14 23:00:00,0.0,0.0,1.6,0
2024-03-15 00:00:00,0.0,0.0,1.6,0
2024-03-15 01:00:00,0.0,0.0,1.6,0
2024-03-15 02:00:00,0.0,0.0,1.6,0
2024-03-15 03:00:00,0.0,0.0,1.6,0
2024-03-15 04:00:00,0.0,0.0,1.6,0
2024-03-15 05:00:00,0.0,0.0,1.6,0
2024-03-15 06:00:00,0.0,0.0,1.6,0
2024-03-15 07:00:00,0.0,0.0,1.6,0
2024-03-15 08:00:00,0.0,0.0,1.6,0
2024-03-15 09:00:00,0.0,0.0,1.5,0
2024-03-15 10:00:00,0.0,0.0,1.4,0
2024-03-15 11:00:00,0.0,0.0,1.1,0
2024-03-15 12:00:00,0.1,0.1,0.5,0
2024-03-15 13:00:00,0.3,0.4,0.8,0
2024-03-15 14:00:00,0.3,0.7,1.0,0
2024-03-15 15:00:00,0.2,0.8999999999999999,1.1,0
2024-03-15 16:00:00,0.1,1.0,1.0,0
2024-03-15 17:00:00,0.0,1.0,1.0,0
2024-03-15 18:00:00,0.0,0.9,1.0,0
2024-03-15 19:00:00,0.0,0.6,1.0,0
2024-03-15 20:00:00,0.0,0.29999999999999993,1.0,0
2024-03-15 21:00:00,0.0,0.09999999999999995,1.0,0
2024-03-15 22:00:00,0.0,0.0,1.0,0
2024-03-15 23:00:00,0.0,0.0,1.0,0
2024-03-16 00:00:00,0.0,0.0,1.0,0
2024-03-16 01:00:00,0.0,0.0,1.0,0
2024-03-16 02:00:00,0.0,0.0,1.0,0
2024-03-16 03:00:00,0.0,0.0,1.0,0
2024-03-16 04:00:00,0.0,0.0,1.0,0
2024-03-16 05:00:00,0.0,0.0,1.0,0
2024-03-16 06:00:00,0.0,0.0,1.0,0
2024-03-16 07:00:00,0.0,0.0,1.0,0
2024-03-16 08:00:00,0.0,0.0,1.0,0
2024-03-16 09:00:00,0.1,0.09999999999999995,1.1,0
2024-03-16 10:00:00,0.0,0.09999999999999995,1.1,0
2024-03-16 11:00:00,0.0,0.09999999999999995,1.1,0
2024-03-16 12:00:00,0.1,0.19999999999999996,1.0999999999999999,0
2024-03-16 13:00:00,0.6,0.7999999999999999,1.4,0
2024-03-16 14:00:00,0.7,1.5,1.7999999999999998,0
2024-03-16 15:00:00,0.3,1.6999999999999997,1.9,0
2024-03-16 16:00:00,0.0,1.6999999999999997,1.7999999999999998,0
2024-03-16 17:00:00,0.0,1.6999999999999997,1.7999999999999998,0
2024-03-16 18:00:00,0.0,1.5999999999999999,1.7999999999999998,0
2024-03-16 19:00:00,0.0,0.9999999999999998,1.7999999999999998,0
2024-03-16 20:00:00,0.0,0.2999999999999999,1.7999999999999998,0
2024-03-16 21:00:00,0.0,0.0,1.7999999999999998,0
2024-03-16 22:00:00,0.0,0.0,1.7999999999999998,0
2024-03-16 23:00:00,0.0,0.0,1.7999999999999998,0
2024-03-17 00:00:00,0.0,0.0,1.7999999999999998,0
2024-03-17 01:00:00,0.0,0.0,1.7999999999999998,0
2024-03-17 02:00:00,0.0,0.0,1.7999999999999998,0
2024-03-17 03:00:00,0.0,0.0,1.7999999999999998,0
2024-03-17 04:00:00,0.0,0.0,1.7999999999999998,0
2024-03-17 05:00:00,0.0,0.0,1.7999999999999998,0
2024-03-17 06:00:00,0.0,0.0,1.7999999999999998,0
2024-03-17 07:00:00,0.0,0.0,1.7999999999999998,0
2024-03-17 08:00:00,0.0,0.0,1.7999999999999998,0
2024-03-17 09:00:00,0.0,0.0,1.7,0
2024-03-17 10:00:00,0.0,0.0,1.7,0
2024-03-17 11:00:00,0.0,0.0,1.7,0
2024-03-17 12:00:00,0.0,0.0,1.5999999999999999,0
2024-03-17 13:00:00,0.0,0.0,1.0,0
2024-03-17 14:00:00,0.1,0.0999999999999999,0.4,0
2024-03-17 15:00:00,0.1,0.1999999999999999,0.2,0
2024-03-17 16:00:00,0.0,0.1999999999999999,0.2,0
2024-03-17 17:00:00,0.0,0.1999999999999999,0.2,0
2024-03-17 18:00:00,0.0,0.1999999999999999,0.2,0
2024-03-17 19:00:00,0.0,0.1999999999999999,0.2,0
2024-03-17 20:00:00,0.0,0.0999999999999999,0.2,0
2024-03-17 21:00:00,0.0,0.0,0.2,0
2024-03-17 22:00:00,0.0,0.0,0.2,0
2024-03-17 23:00:00,0.0,0.0,0.2,0
2024-03-18 00:00:00,0.0,0.0,0.2,0
2024-03-18 01:00:00,0.0,0.0,0.2,0
2024-03-18 02:00:00,0.0,0.0,0.2,0
2024-03-18 03:00:00,0.0,0.0,0.2,0
2024-03-18 04:00:00,0.0,0.0,0.2,0
2024-03-18 05:00:00,0.0,0.0,0.2,0
2024-03-18 06:00:00,0.0,0.0,0.2,0
2024-03-18 07:00:00,0.0,0.0,0.2,0
2024-03-18 08:00:00,0.0,0.0,0.2,0
2024-03-18 09:00:00,0.0,0.0,0.2,0
2024-03-18 10:00:00,0.2,0.1999999999999999,0.4,0
2024-03-18 11:00:00,0.1,0.29999999999999993,0.5,0
2024-03-18 12:00:00,0.3,0.5999999999999999,0.8,0
2024-03-18 13:00:00,1.4,1.9999999999999998,2.2,0
2024-03-18 14:00:00,0.0,1.9999999999999998,2.0999999999999996,0
2024-03-18 15:00:00,0.0,1.9999999999999998,2.0,0
2024-03-18 16:00:00,0.0,1.7999999999999998,2.0,0
2024-03-18 17:00:00,0.0,1.6999999999999997,2.0,0
2024-03-18 18:00:00,0.0,1.4,2.0,0
2024-03-18 19:00:00,0.0,0.0,2.0,0
2024-03-18 20:00:00,0.0,0.0,2.0,0
2024-03-18 21:00:00,0.0,0.0,2.0,0
2024-03-18 22:00:00,0.0,0.0,2.0,0
2024-03-18 23:00:00,0.0,0.0,2.0,0
2024-03-19 00:00:00,0.0,0.0,2.0,0
2024-03-19 01:00:00,0.0,0.0,2.0,0
2024-03-19 02:00:00,0.0,0.0,2.0,0
2024-03-19 03:00:00,0.0,0.0,2.0,0
2024-03-19 04:00:00,0.0,0.0,2.0,0
2024-03-19 05:00:00,0.0,0.0,2.0,0
2024-03-19 06:00:00,0.0,0.0,2.0,0
2024-03-19 07:00:00,0.0,0.0,2.0,0
2024-03-19 08:00:00,0.0,0.0,2.0,0
2024-03-19 09:00:00,0.0,0.0,2.0,0
2024-03-19 10:00:00,0.1,0.1,1.9,0
2024-03-19 11:00:00,0.1,0.2,1.9,0
2024-03-19 12:00:00,0.3,0.5,1.9,0
2024-03-19 13:00:00,0.1,0.6,0.6,0
2024-03-19 14:00:00,0.1,0.7,0.7,0
2024-03-19 15:00:00,0.1,0.8,0.8,0
2024-03-19 16:00:00,0.0,0.7000000000000001,0.8,0
2024-03-19 17:00:00,0.2,0.8,1.0,0
2024-03-19 18:00:00,0.0,0.5,1.0,0
2024-03-19 19:00:00,0.0,0.4,1.0,0
2024-03-19 20:00:00,0.0,0.30000000000000004,1.0,0
2024-03-19 21:00:00,0.0,0.2,1.0,0
2024-03-19 22:00:00,0.0,0.2,1.0,0
2024-03-19 23:00:00,0.0,0.0,1.0,0
2024-03-20 00:00:00,0.0,0.0,1.0,0
2024-03-20 01:00:00,0.0,0.0,1.0,0
2024-03-20 02:00:00,0.0,0.0,1.0,0
2024-03-20 03:00:00,0.0,0.0,1.0,0
2024-03-20 04:00:00,0.0,0.0,1.0,0
2024-03-20 05:00:00,0.0,0.0,1.0,0
2024-03-20 06:00:00,0.0,0.0,1.0,0
2024-03-20 07:00:00,0.0,0.0,1.0,0
2024-03-20 08:00:00,0.0,0.0,1.0,0
2024-03-20 09:00:00,0.0,0.0,1.0,0
2024-03-20 10:00:00,0.0,0.0,0.9,0
2024-03-20 11:00:00,0.0,0.0,0.8,0
2024-03-20 12:00:00,0.0,0.0,0.5,0
2024-03-20 13:00:00,0.1,0.1,0.5,0
2024-03-20 14:00:00,0.1,0.2,0.5,0
2024-03-20 15:00:00,0.0,0.2,0.4,0
2024-03-20 16:00:00,0.0,0.2,0.4,0
2024-03-20 17:00:00,0.0,0.2,0.2,0
2024-03-20 18:00:00,0.0,0.2,0.2,0
2024-03-20 19:00:00,0.0,0.1,0.2,0
2024-03-20 20:00:00,0.0,0.0,0.2,0
2024-03-20 21:00:00,0.0,0.0,0.2,0
2024-03-20 22:00:00,0.0,0.0,0.2,0
2024-03-20 23:00:00,0.0,0.0,0.2,0
2024-03-21 00:00:00,0.0,0.0,0.2,0
2024-03-21 01:00:00,0.0,0.0,0.2,0
2024-03-21 02:00:00,0.0,0.0,0.2,0
2024-03-21 03:00:00,0.0,0.0,0.2,0
2024-03-21 04:00:00,0.0,0.0,0.2,0
2024-03-21 05:00:00,0.0,0.0,0.2,0
2024-03-21 06:00:00,0.0,0.0,0.2,0
2024-03-21 07:00:00,0.0,0.0,0.2,0
2024-03-21 08:00:00,0.0,0.0,0.2,0
2024-03-21 09:00:00,0.1,0.1,0.30000000000000004,0
2024-03-21 10:00:00,0.0,0.1,0.30000000000000004,0
2024-03-21 11:00:00,0.1,0.2,0.4,0
2024-03-21 12:00:00,0.0,0.2,0.4,0
2024-03-21 13:00:00,0.0,0.2,0.30000000000000004,0
2024-03-21 14:00:00,0.1,0.30000000000000004,0.30000000000000004,0
2024-03-21 15:00:00,0.0,0.2,0.30000000000000004,0
2024-03-21 16:00:00,0.0,0.2,0.30000000000000004,0
2024-03-21 17:00:00,0.0,0.1,0.30000000000000004,0
2024-03-21 18:00:00,0.0,0.1,0.30000000000000004,0
2024-03-21 19:00:00,0.0,0.1,0.30000000000000004,0
2024-03-21 20:00:00,0.0,0.0,0.30000000000000004,0
2024-03-21 21:00:00,0.0,0.0,0.30000000000000004,0
2024-03-21 22:00:00,0.0,0.0,0.30000000000000004,0
2024-03-21 23:00:00,0.0,0.0,0.30000000000000004,0
2024-03-22 00:00:00,0.0,0.0,0.30000000000000004,0
2024-03-22 01:00:00,0.0,0.0,0.30000000000000004,0
2024-03-22 02:00:00,0.0,0.0,0.30000000000000004,0
2024-03-22 03:00:00,0.0,0.0,0.30000000000000004,0
2024-03-22 04:00:00,0.0,0.0,0.30000000000000004,0
2024-03-22 05:00:00,0.0,0.0,0.30000000000000004,0
2024-03-22 06:00:00,0.0,0.0,0.30000000000000004,0
2024-03-22 07:00:00,0.0,0.0,0.30000000000000004,0
2024-03-22 08:00:00,0.0,0.0,0.30000000000000004,0
2024-03-22 09:00:00,0.0,0.0,0.2,0
2024-03-22 10:00:00,0.0,0.0,0.2,0
2024-03-22 11:00:00,0.3,0.3,0.4,0
2024-03-22 12:00:00,0.3,0.6,0.7,0
2024-03-22 13:00:00,0.1,0.7,0.7999999999999999,0
2024-03-22 14:00:00,0.0,0.7,0.7,0
2024-03-22 15:00:00,0.1,0.8,0.8,0
2024-03-22 16:00:00,0.2,1.0,1.0,0
2024-03-22 17:00:00,0.1,0.7999999999999999,1.1,0
2024-03-22 18:00:00,0.0,0.5,1.1,0
2024-03-22 19:00:00,0.0,0.4,1.1,0
2024-03-22 20:00:00,0.0,0.4,1.1,0
2024-03-22 21:00:00,0.1,0.4,1.2,0
2024-03-22 22:00:00,0.1,0.30000000000000004,1.3,0
2024-03-22 23:00:00,0.1,0.30000000000000004,1.4,0
2024-03-23 00:00:00,0.1,0.4,1.5,0
2024-03-23 01:00:00,0.2,0.6000000000000001,1.7,0
2024-03-23 02:00:00,0.2,0.8,1.9000000000000001,0
2024-03-23 03:00:00,0.2,0.9000000000000001,2.1,0
2024-03-23 04:00:00,0.2,1.0,2.3000000000000003,0
2024-03-23 05:00:00,0.0,0.9,2.3000000000000003,0
2024-03-23 06:00:00,0.0,0.8,2.3000000000000003,0
2024-03-23 07:00:00,0.0,0.6000000000000001,2.3000000000000003,0
2024-03-23 08:00:00,0.0,0.4,2.3000000000000003,0
2024-03-23 09:00:00,0.0,0.2,2.3000000000000003,0
2024-03-23 10:00:00,0.1,0.1,2.4,0
2024-03-23 11:00:00,0.1,0.2,2.1999999999999997,0
2024-03-23 12:00:00,0.0,0.2,1.9,0
2024-03-23 13:00:00,0.1,0.30000000000000004,1.9000000000000001,0
2024-03-23 14:00:00,0.1,0.4,2.0,0
2024-03-23 15:00:00,0.0,0.4,1.9000000000000001,0
2024-03-23 16:00:00,0.0,0.30000000000000004,1.7000000000000002,0
2024-03-23 17:00:00,0.0,0.2,1.6,0
2024-03-23 18:00:00,0.0,0.2,1.6,0
2024-03-23 19:00:00,0.0,0.1,1.6,0
2024-03-23 20:00:00,0.0,0.0,1.6,0
2024-03-23 21:00:00,0.0,0.0,1.5,0
2024-03-23 22:00:00,0.0,0.0,1.4000000000000001,0
2024-03-23 23:00:00,0.0,0.0,1.3,0
2024-03-24 00:00:00,0.0,0.0,1.2000000000000002,0
2024-03-24 01:00:00,0.0,0.0,0.9999999999999999,0
2024-03-24 02:00:00,0.0,0.0,0.7999999999999999,0
2024-03-24 03:00:00,0.0,0.0,0.6,0
2024-03-24 04:00:00,0.0,0.0,0.3999999999999999,0
2024-03-24 05:00:00,0.0,0.0,0.3999999999999999,0
2024-03-24 06:00:00,0.0,0.0,0.3999999999999999,0
2024-03-24 07:00:00,0.0,0.0,0.3999999999999999,0
2024-03-24 08:00:00,0.0,0.0,0.3999999999999999,0
2024-03-24 09:00:00,0.0,0.0,0.3999999999999999,0
2024-03-24 10:00:00,0.0,0.0,0.29999999999999993,0
2024-03-24 11:00:00,0.0,0.0,0.19999999999999996,0
2024-03-24 12:00:00,0.0,0.0,0.19999999999999996,0
2024-03-24 13:00:00,0.1,0.1,0.19999999999999996,0
2024-03-24 14:00:00,0.3,0.4,0.3999999999999999,0
2024-03-24 15:00:00,0.1,0.5,0.5,0
2024-03-24 16:00:00,0.3,0.7999999999999999,0.7999999999999999,0
2024-03-24 17:00:00,0.1,0.8999999999999999,0.8999999999999999,0
2024-03-24 18:00:00,0.1,1.0,1.0,0
2024-03-24 19:00:00,0.0,0.8999999999999999,1.0,0
2024-03-24 20:00:00,0.0,0.5999999999999999,1.0,0
2024-03-24 21:00:00,0.0,0.49999999999999994,1.0,0
2024-03-24 22:00:00,0.0,0.1999999999999999,1.0,0
2024-03-24 23:00:00,0.0,0.0999999999999999,1.0,0
2024-03-25 00:00:00,0.0,0.0,1.0,0
2024-03-25 01:00:00,0.0,0.0,1.0,0
2024-03-25 02:00:00,0.0,0.0,1.0,0
2024-03-25 03:00:00,0.0,0.0,1.0,0
2024-03-25 04:00:00,0.0,0.0,1.0,0
2024-03-25 05:00:00,0.0,0.0,1.0,0
2024-03-25 06:00:00,0.0,0.0,1.0,0
2024-03-25 07:00:00,0.0,0.0,1.0,0
2024-03-25 08:00:00,0.0,0.0,1.0,0
2024-03-25 09:00:00,0.0,0.0,1.0,0
2024-03-25 10:00:00,0.0,0.0,1.0,0
2024-03-25 11:00:00,0.0,0.0,1.0,0
2024-03-25 12:00:00,0.0,0.0,1.0,0
2024-03-25 13:00:00,0.0,0.0,0.8999999999999999,0
2024-03-25 14:00:00,0.0,0.0,0.5999999999999999,0
2024-03-25 15:00:00,0.0,0.0,0.49999999999999994,0
2024-03-25 16:00:00,0.0,0.0,0.1999999999999999,0
2024-03-25 17:00:00,0.0,0.0,0.0999999999999999,0
2024-03-25 18:00:00,0.0,0.0,0.0,0
2024-03-25 19:00:00,0.0,0.0,0.0,0
2024-03-25 20:00:00,0.0,0.0,0.0,0
2024-03-25 21:00:00,0.0,0.0,0.0,0
2024-03-25 22:00:00,0.0,0.0,0.0,0
2024-03-25 23:00:00,0.0,0.0,0.0,0
2024-03-26 00:00:00,0.8,0.7999999999999999,0.7999999999999999,0
2024-03-26 01:00:00,0.8,1.6,1.6,0
2024-03-26 02:00:00,0.0,1.6,1.6,0
2024-03-26 03:00:00,0.1,1.7,1.7,0
2024-03-26 04:00:00,0.1,1.8,1.8,0
2024-03-26 05:00:00,0.2,2.0,2.0,0
2024-03-26 06:00:00,0.8,2.0,2.8,0
2024-03-26 07:00:00,0.1,1.3,2.9,0
2024-03-26 08:00:00,0.0,1.3,2.9,0
2024-03-26 09:00:00,3.0,4.2,5.9,0
2024-03-26 10:00:00,0.0,4.1000000000000005,5.9,0
2024-03-26 11:00:00,0.1,4.0,6.0,0
2024-03-26 12:00:00,0.1,3.3000000000000003,6.1,0
2024-03-26 13:00:00,0.0,3.2,6.1,0
2024-03-26 14:00:00,0.0,3.2,6.1,0
2024-03-26 15:00:00,0.0,0.2,6.1,0
2024-03-26 16:00:00,0.3,0.5,6.4,0
2024-03-26 17:00:00,0.3,0.7,6.7,0
2024-03-26 18:00:00,0.0,0.5999999999999999,6.7,0
2024-03-26 19:00:00,0.0,0.5999999999999999,6.7,0
2024-03-26 20:00:00,0.0,0.5999999999999999,6.7,0
2024-03-26 21:00:00,0.0,0.5999999999999999,6.7,0
2024-03-26 22:00:00,0.0,0.3,6.7,0
2024-03-26 23:00:00,0.0,0.0,6.7,0
2024-03-27 00:00:00,0.0,0.0,5.9,0
2024-03-27 01:00:00,0.0,0.0,5.1,0
2024-03-27 02:00:00,1.3,1.3,6.3999999999999995,0
2024-03-27 03:00:00,0.0,1.3,6.3,0
2024-03-27 04:00:00,0.1,1.4000000000000001,6.3,0
2024-03-27 05:00:00,0.0,1.4000000000000001,6.1,0
2024-03-27 06:00:00,0.0,1.4000000000000001,5.3,0
2024-03-27 07:00:00,0.0,1.4000000000000001,5.199999999999999,0
2024-03-27 08:00:00,0.0,0.1,5.199999999999999,0
2024-03-27 09:00:00,0.1,0.2,2.3,0
2024-03-27 10:00:00,0.0,0.1,2.3,0
2024-03-27 11:00:00,5.7,5.8,7.9,0
2024-03-27 12:00:00,0.1,5.8999999999999995,7.8999999999999995,0
2024-03-27 13:00:00,0.0,5.8999999999999995,7.8999999999999995,0
2024-03-27 14:00:00,0.1,6.0,8.0,0
2024-03-27 15:00:00,0.1,6.0,8.1,0
2024-03-27 16:00:00,0.0,6.0,7.799999999999999,0
2024-03-27 17:00:00,0.0,0.30000000000000004,7.499999999999999,0
2024-03-27 18:00:00,0.0,0.2,7.499999999999999,0
2024-03-27 19:00:00,0.0,0.2,7.499999999999999,0
2024-03-27 20:00:00,0.0,0.1,7.499999999999999,0
2024-03-27 21:00:00,0.0,0.0,7.499999999999999,0
2024-03-27 22:00:00,0.0,0.0,7.499999999999999,0
2024-03-27 23:00:00,0.0,0.0,7.499999999999999,0
2024-03-28 00:00:00,1.4,1.4,8.899999999999999,0
2024-03-28 01:00:00,3.2,4.6,12.1,0
2024-03-28 02:00:00,0.5,5.1,11.3,0
2024-03-28 03:00:00,0.0,5.1,11.3,0
2024-03-28 04:00:00,0.0,5.1,11.2,0
2024-03-28 05:00:00,0.0,5.1,11.2,0
2024-03-28 06:00:00,0.0,3.7,11.2,0
2024-03-28 07:00:00,0.0,0.5,11.2,0
2024-03-28 08:00:00,0.0,0.0,11.2,0
2024-03-28 09:00:00,0.0,0.0,11.1,0
2024-03-28 10:00:00,0.1,0.1,11.2,0
2024-03-28 11:00:00,0.1,0.2,5.6,0
2024-03-28 12:00:00,0.0,0.2,5.5,0
2024-03-28 13:00:00,0.0,0.2,5.5,0
2024-03-28 14:00:00,0.0,0.2,5.3999999999999995,0
2024-03-28 15:00:00,0.1,0.30000000000000004,5.3999999999999995,0
2024-03-28 16:00:00,0.0,0.2,5.3999999999999995,0
2024-03-28 17:00:00,0.0,0.1,5.3999999999999995,0
2024-03-28 18:00:00,0.0,0.1,5.3999999999999995,0
2024-03-28 19:00:00,0.0,0.1,5.3999999999999995,0
2024-03-28 20:00:00,0.0,0.1,5.3999999999999995,0
2024-03-28 21:00:00,0.0,0.0,5.3999999999999995,0
2024-03-28 22:00:00,0.0,0.0,5.3999999999999995,0
2024-03-28 23:00:00,0.0,0.0,5.3999999999999995,0
2024-03-29 00:00:00,0.0,0.0,3.999999999999999,0
2024-03-29 01:00:00,0.0,0.0,0.7999999999999992,0
2024-03-29 02:00:00,0.0,0.0,0.29999999999999916,0
2024-03-29 03:00:00,0.0,0.0,0.29999999999999916,0
2024-03-29 04:00:00,0.0,0.0,0.29999999999999916,0
2024-03-29 05:00:00,0.0,0.0,0.29999999999999916,0
2024-03-29 06:00:00,0.0,0.0,0.29999999999999916,0
2024-03-29 07:00:00,0.0,0.0,0.29999999999999916,0
2024-03-29 08:00:00,0.0,0.0,0.29999999999999916,0
2024-03-29 09:00:00,0.0,0.0,0.29999999999999916,0
2024-03-29 10:00:00,0.0,0.0,0.19999999999999912,0
2024-03-29 11:00:00,0.1,0.1,0.19999999999999912,0
2024-03-29 12:00:00,0.1,0.2,0.29999999999999916,0
2024-03-29 13:00:00,0.2,0.4,0.4999999999999991,0
2024-03-29 14:00:00,0.1,0.5,0.5999999999999992,0
2024-03-29 15:00:00,0.1,0.6000000000000001,0.5999999999999992,0
2024-03-29 16:00:00,0.0,0.6000000000000001,0.5999999999999992,0
2024-03-29 17:00:00,0.0,0.5,0.5999999999999992,0
2024-03-29 18:00:00,0.0,0.4,0.5999999999999992,0
2024-03-29 19:00:00,0.0,0.2,0.5999999999999992,0
2024-03-29 20:00:00,0.0,0.1,0.5999999999999992,0
2024-03-29 21:00:00,0.0,0.0,0.5999999999999992,0
2024-03-29 22:00:00,0.0,0.0,0.5999999999999992,0
2024-03-29 23:00:00,0.0,0.0,0.5999999999999992,0
2024-03-30 00:00:00,0.0,0.0,0.5999999999999992,0
2024-03-30 01:00:00,0.0,0.0,0.5999999999999992,0
2024-03-30 02:00:00,0.0,0.0,0.5999999999999992,0
2024-03-30 03:00:00,0.0,0.0,0.5999999999999992,0
2024-03-30 04:00:00,0.0,0.0,0.5999999999999992,0
2024-03-30 05:00:00,0.0,0.0,0.5999999999999992,0
2024-03-30 06:00:00,0.0,0.0,0.5999999999999992,0
2024-03-30 07:00:00,0.0,0.0,0.5999999999999992,0
2024-03-30 08:00:00,0.0,0.0,0.5999999999999992,0
2024-03-30 09:00:00,0.0,0.0,0.5999999999999992,0
2024-03-30 10:00:00,0.0,0.0,0.5999999999999992,0
2024-03-30 11:00:00,0.0,0.0,0.4999999999999991,0
2024-03-30 12:00:00,0.0,0.0,0.39999999999999913,0
2024-03-30 13:00:00,0.0,0.0,0.19999999999999912,0
2024-03-30 14:00:00,0.0,0.0,0.09999999999999912,0
2024-03-30 15:00:00,0.0,0.0,0.0,0
2024-03-30 16:00:00,0.0,0.0,0.0,0
2024-03-30 17:00:00,0.0,0.0,0.0,0
2024-03-30 18:00:00,0.0,0.0,0.0,0
2024-03-30 19:00:00,0.0,0.0,0.0,0
2024-03-30 20:00:00,0.0,0.0,0.0,0
2024-03-30 21:00:00,0.0,0.0,0.0,0
2024-03-30 22:00:00,0.0,0.0,0.0,0
2024-03-30 23:00:00,0.0,0.0,0.0,0
2024-03-31 00:00:00,0.0,0.0,0.0,0
2024-03-31 01:00:00,0.0,0.0,0.0,0
2024-03-31 02:00:00,0.0,0.0,0.0,0
2024-03-31 03:00:00,0.0,0.0,0.0,0
2024-03-31 04:00:00,0.0,0.0,0.0,0
2024-03-31 05:00:00,0.0,0.0,0.0,0
2024-03-31 06:00:00,0.0,0.0,0.0,0
2024-03-31 07:00:00,0.0,0.0,0.0,0
2024-03-31 08:00:00,0.0,0.0,0.0,0
2024-03-31 09:00:00,0.0,0.0,0.0,0
2024-03-31 10:00:00,0.4,0.4,0.39999999999999913,0
2024-03-31 11:00:00,0.6,1.0,0.9999999999999991,0
2024-03-31 12:00:00,0.5,1.5,1.4999999999999991,0
2024-03-31 13:00:00,0.4,1.9,1.899999999999999,0
2024-03-31 14:00:00,0.5,2.4,2.399999999999999,0
2024-03-31 15:00:00,0.6,3.0,2.999999999999999,0
2024-03-31 16:00:00,0.8,3.4000000000000004,3.799999999999999,0
2024-03-31 17:00:00,0.4,3.2,4.199999999999999,0
2024-03-31 18:00:00,0.1,2.8000000000000003,4.299999999999999,0
2024-03-31 19:00:00,0.0,2.4000000000000004,4.299999999999999,0
2024-03-31 20:00:00,0.0,1.9000000000000001,4.299999999999999,0
2024-03-31 21:00:00,0.0,1.3,4.299999999999999,0
2024-03-31 22:00:00,0.0,0.5,4.299999999999999,0
2024-03-31 23:00:00,0.0,0.1,4.299999999999999,0
2024-04-01 00:00:00,0.0,0.0,4.299999999999999,0
2024-04-01 01:00:00,0.0,0.0,4.299999999999999,0
2024-04-01 02:00:00,0.0,0.0,4.299999999999999,0
2024-04-01 03:00:00,0.0,0.0,4.299999999999999,0
2024-04-01 04:00:00,0.0,0.0,4.299999999999999,0
2024-04-01 05:00:00,0.0,0.0,4.299999999999999,0
2024-04-01 06:00:00,0.0,0.0,4.299999999999999,0
2024-04-01 07:00:00,0.0,0.0,4.299999999999999,0
2024-04-01 08:00:00,0.0,0.0,4.299999999999999,0
2024-04-01 09:00:00,0.3,0.3,4.6,0
2024-04-01 10:00:00,0.7,1.0,4.899999999999999,0
2024-04-01 11:00:00,0.5,1.5,4.799999999999999,0
2024-04-01 12:00:00,0.4,1.9,4.699999999999999,0
2024-04-01 13:00:00,0.1,2.0,4.399999999999999,0
2024-04-01 14:00:00,0.0,2.0,3.8999999999999995,0
2024-04-01 15:00:00,0.0,1.7,3.2999999999999994,0
2024-04-01 16:00:00,0.0,1.0,2.499999999999999,0
2024-04-01 17:00:00,0.0,0.5,2.099999999999999,0
2024-04-01 18:00:00,0.0,0.1,1.9999999999999991,0
2024-04-01 19:00:00,0.0,0.0,1.9999999999999991,0
2024-04-01 20:00:00,0.0,0.0,1.9999999999999991,0
2024-04-01 21:00:00,0.0,0.0,1.9999999999999991,0
2024-04-01 22:00:00,0.0,0.0,1.9999999999999991,0
2024-04-01 23:00:00,0.0,0.0,1.9999999999999991,0
2024-04-02 00:00:00,0.0,0.0,1.9999999999999991,0
2024-04-02 01:00:00,0.0,0.0,1.9999999999999991,0
2024-04-02 02:00:00,0.0,0.0,1.9999999999999991,0
2024-04-02 03:00:00,0.0,0.0,1.9999999999999991,0
2024-04-02 04:00:00,0.0,0.0,1.9999999999999991,0
2024-04-02 05:00:00,0.0,0.0,1.9999999999999991,0
2024-04-02 06:00:00,0.0,0.0,1.9999999999999991,0
2024-04-02 07:00:00,0.0,0.0,1.9999999999999991,0
2024-04-02 08:00:00,0.0,0.0,1.9999999999999991,0
2024-04-02 09:00:00,0.0,0.0,1.699999999999999,0
2024-04-02 10:00:00,0.0,0.0,0.9999999999999991,0
2024-04-02 11:00:00,0.0,0.0,0.4999999999999991,0
2024-04-02 12:00:00,0.0,0.0,0.09999999999999912,0
2024-04-02 13:00:00,0.0,0.0,0.0,0
2024-04-02 14:00:00,0.0,0.0,0.0,0
2024-04-02 15:00:00,0.0,0.0,0.0,0
2024-04-02 16:00:00,0.0,0.0,0.0,0
2024-04-02 17:00:00,0.0,0.0,0.0,0
2024-04-02 18:00:00,0.0,0.0,0.0,0
2024-04-02 19:00:00,0.0,0.0,0.0,0
2024-04-02 20:00:00,0.0,0.0,0.0,0
2024-04-02 21:00:00,0.0,0.0,0.0,0
2024-04-02 22:00:00,0.0,0.0,0.0,0
2024-04-02 23:00:00,0.0,0.0,0.0,0
2024-04-03 00:00:00,0.0,0.0,0.0,0
2024-04-03 01:00:00,0.0,0.0,0.0,0
2024-04-03 02:00:00,0.0,0.0,0.0,0
2024-04-03 03:00:00,0.0,0.0,0.0,0
2024-04-03 04:00:00,0.0,0.0,0.0,0
2024-04-03 05:00:00,0.0,0.0,0.0,0
2024-04-03 06:00:00,0.0,0.0,0.0,0
2024-04-03 07:00:00,0.0,0.0,0.0,0
2024-04-03 08:00:00,0.0,0.0,0.0,0
2024-04-03 09:00:00,0.0,0.0,0.0,0
2024-04-03 10:00:00,0.0,0.0,0.0,0
2024-04-03 11:00:00,0.0,0.0,0.0,0
2024-04-03 12:00:00,0.0,0.0,0.0,0
2024-04-03 13:00:00,0.0,0.0,0.0,0
2024-04-03 14:00:00,0.0,0.0,0.0,0
2024-04-03 15:00:00,0.0,0.0,0.0,0
2024-04-03 16:00:00,0.0,0.0,0.0,0
2024-04-03 17:00:00,0.0,0.0,0.0,0
2024-04-03 18:00:00,0.0,0.0,0.0,0
2024-04-03 19:00:00,0.0,0.0,0.0,0
2024-04-03 20:00:00,0.0,0.0,0.0,0
2024-04-03 21:00:00,0.0,0.0,0.0,0
2024-04-03 22:00:00,0.0,0.0,0.0,0
2024-04-03 23:00:00,0.0,0.0,0.0,0
2024-04-04 00:00:00,0.0,0.0,0.0,0
2024-04-04 01:00:00,0.0,0.0,0.0,0
2024-04-04 02:00:00,0.0,0.0,0.0,0
2024-04-04 03:00:00,0.0,0.0,0.0,0
2024-04-04 04:00:00,0.0,0.0,0.0,0
2024-04-04 05:00:00,0.0,0.0,0.0,0
2024-04-04 06:00:00,0.0,0.0,0.0,0
2024-04-04 07:00:00,0.0,0.0,0.0,0
2024-04-04 08:00:00,0.0,0.0,0.0,0
2024-04-04 09:00:00,0.0,0.0,0.0,0
2024-04-04 10:00:00,0.0,0.0,0.0,0
2024-04-04 11:00:00,0.0,0.0,0.0,0
2024-04-04 12:00:00,0.0,0.0,0.0,0
2024-04-04 13:00:00,0.0,0.0,0.0,0
2024-04-04 14:00:00,0.0,0.0,0.0,0
2024-04-04 15:00:00,0.0,0.0,0.0,0
2024-04-04 16:00:00,0.0,0.0,0.0,0
2024-04-04 17:00:00,0.0,0.0,0.0,0
2024-04-04 18:00:00,0.0,0.0,0.0,0
2024-04-04 19:00:00,0.0,0.0,0.0,0
2024-04-04 20:00:00,0.0,0.0,0.0,0
2024-04-04 21:00:00,0.0,0.0,0.0,0
2024-04-04 22:00:00,0.0,0.0,0.0,0
2024-04-04 23:00:00,0.0,0.0,0.0,0
2024-04-05 00:00:00,0.0,0.0,0.0,0
2024-04-05 01:00:00,0.0,0.0,0.0,0
2024-04-05 02:00:00,0.0,0.0,0.0,0
2024-04-05 03:00:00,0.0,0.0,0.0,0
2024-04-05 04:00:00,0.0,0.0,0.0,0
2024-04-05 05:00:00,0.0,0.0,0.0,0
2024-04-05 06:00:00,0.0,0.0,0.0,0
2024-04-05 07:00:00,0.0,0.0,0.0,0
2024-04-05 08:00:00,0.0,0.0,0.0,0
2024-04-05 09:00:00,0.0,0.0,0.0,0
2024-04-05 10:00:00,0.0,0.0,0.0,0
2024-04-05 11:00:00,0.0,0.0,0.0,0
2024-04-05 12:00:00,0.0,0.0,0.0,0
2024-04-05 13:00:00,0.0,0.0,0.0,0
2024-04-05 14:00:00,0.0,0.0,0.0,0
2024-04-05 15:00:00,0.0,0.0,0.0,0
2024-04-05 16:00:00,0.0,0.0,0.0,0
2024-04-05 17:00:00,0.0,0.0,0.0,0
2024-04-05 18:00:00,0.0,0.0,0.0,0
2024-04-05 19:00:00,0.0,0.0,0.0,0
2024-04-05 20:00:00,0.0,0.0,0.0,0
2024-04-05 21:00:00,0.0,0.0,0.0,0
2024-04-05 22:00:00,0.1,0.1,0.09999999999999912,0
2024-04-05 23:00:00,0.3,0.4,0.39999999999999913,0
2024-04-06 00:00:00,0.6,0.9999999999999999,0.999999999999999,0
2024-04-06 01:00:00,0.1,1.0999999999999999,1.099999999999999,0
2024-04-06 02:00:00,0.1,1.2,1.199999999999999,0
2024-04-06 03:00:00,0.1,1.2999999999999998,1.299999999999999,0
2024-04-06 04:00:00,0.0,1.1999999999999997,1.299999999999999,0
2024-04-06 05:00:00,0.0,0.8999999999999999,1.299999999999999,0
2024-04-06 06:00:00,0.0,0.29999999999999993,1.299999999999999,0
2024-04-06 07:00:00,0.0,0.1999999999999999,1.299999999999999,0
2024-04-06 08:00:00,0.0,0.0999999999999999,1.299999999999999,0
2024-04-06 09:00:00,0.0,0.0,1.299999999999999,0
2024-04-06 10:00:00,0.0,0.0,1.299999999999999,0
2024-04-06 11:00:00,0.0,0.0,1.299999999999999,0
2024-04-06 12:00:00,0.0,0.0,1.299999999999999,0
2024-04-06 13:00:00,0.0,0.0,1.299999999999999,0
2024-04-06 14:00:00,0.0,0.0,1.299999999999999,0
2024-04-06 15:00:00,0.0,0.0,1.299999999999999,0
2024-04-06 16:00:00,0.0,0.0,1.299999999999999,0
2024-04-06 17:00:00,0.0,0.0,1.299999999999999,0
2024-04-06 18:00:00,0.0,0.0,1.299999999999999,0
2024-04-06 19:00:00,0.0,0.0,1.299999999999999,0
2024-04-06 20:00:00,0.0,0.0,1.299999999999999,0
2024-04-06 21:00:00,0.0,0.0,1.299999999999999,0
2024-04-06 22:00:00,0.0,0.0,1.1999999999999988,0
2024-04-06 23:00:00,0.0,0.0,0.899999999999999,0
2024-04-07 00:00:00,0.0,0.0,0.29999999999999905,0
2024-04-07 01:00:00,0.0,0.0,0.199999999999999,0
2024-04-07 02:00:00,0.0,0.0,0.099999999999999,0
2024-04-07 03:00:00,0.0,0.0,0.0,0
2024-04-07 04:00:00,0.0,0.0,0.0,0
2024-04-07 05:00:00,0.0,0.0,0.0,0
2024-04-07 06:00:00,0.0,0.0,0.0,0
2024-04-07 07:00:00,0.0,0.0,0.0,0
2024-04-07 08:00:00,0.0,0.0,0.0,0
2024-04-07 09:00:00,0.0,0.0,0.0,0
2024-04-07 10:00:00,0.0,0.0,0.0,0
2024-04-07 11:00:00,0.0,0.0,0.0,0
2024-04-07 12:00:00,0.0,0.0,0.0,0
2024-04-07 13:00:00,0.0,0.0,0.0,0
2024-04-07 14:00:00,0.2,0.1999999999999999,0.199999999999999,0
2024-04-07 15:00:00,0.0,0.1999999999999999,0.199999999999999,0
2024-04-07 16:00:00,0.1,0.29999999999999993,0.29999999999999905,0
2024-04-07 17:00:00,0.1,0.3999999999999999,0.399999999999999,0
2024-04-07 18:00:00,0.0,0.3999999999999999,0.399999999999999,0
2024-04-07 19:00:00,0.0,0.3999999999999999,0.399999999999999,0
2024-04-07 20:00:00,0.0,0.1999999999999999,0.399999999999999,0
2024-04-07 21:00:00,0.0,0.1999999999999999,0.399999999999999,0
2024-04-07 22:00:00,0.0,0.0999999999999999,0.399999999999999,0
2024-04-07 23:00:00,0.0,0.0,0.399999999999999,0
2024-04-08 00:00:00,0.0,0.0,0.399999999999999,0
2024-04-08 01:00:00,0.0,0.0,0.399999999999999,0
2024-04-08 02:00:00,0.0,0.0,0.399999999999999,0
2024-04-08 03:00:00,0.0,0.0,0.399999999999999,0
2024-04-08 04:00:00,0.0,0.0,0.399999999999999,0
2024-04-08 05:00:00,0.0,0.0,0.399999999999999,0
2024-04-08 06:00:00,0.0,0.0,0.399999999999999,0
2024-04-08 07:00:00,0.0,0.0,0.399999999999999,0
2024-04-08 08:00:00,0.0,0.0,0.399999999999999,0
2024-04-08 09:00:00,0.0,0.0,0.399999999999999,0
2024-04-08 10:00:00,0.0,0.0,0.399999999999999,0
2024-04-08 11:00:00,0.0,0.0,0.399999999999999,0
2024-04-08 12:00:00,0.0,0.0,0.399999999999999,0
2024-04-08 13:00:00,0.0,0.0,0.399999999999999,0
2024-04-08 14:00:00,0.1,0.0999999999999999,0.29999999999999905,0
2024-04-08 15:00:00,0.0,0.0999999999999999,0.29999999999999905,0
2024-04-08 16:00:00,0.1,0.1999999999999999,0.29999999999999905,0
2024-04-08 17:00:00,0.1,0.29999999999999993,0.29999999999999905,0
2024-04-08 18:00:00,0.1,0.3999999999999999,0.399999999999999,0
2024-04-08 19:00:00,0.0,0.3999999999999999,0.399999999999999,0
2024-04-08 20:00:00,0.0,0.29999999999999993,0.399999999999999,0
2024-04-08 21:00:00,0.0,0.29999999999999993,0.399999999999999,0
2024-04-08 22:00:00,0.0,0.1999999999999999,0.399999999999999,0
2024-04-08 23:00:00,0.0,0.0999999999999999,0.399999999999999,0
2024-04-09 00:00:00,0.0,0.0,0.399999999999999,0
2024-04-09 01:00:00,0.0,0.0,0.399999999999999,0
2024-04-09 02:00:00,0.0,0.0,0.399999999999999,0
2024-04-09 03:00:00,0.0,0.0,0.399999999999999,0
2024-04-09 04:00:00,0.0,0.0,0.399999999999999,0
2024-04-09 05:00:00,0.0,0.0,0.399999999999999,0
2024-04-09 06:00:00,0.0,0.0,0.399999999999999,0
2024-04-09 07:00:00,0.0,0.0,0.399999999999999,0
2024-04-09 08:00:00,0.0,0.0,0.399999999999999,0
2024-04-09 09:00:00,0.0,0.0,0.399999999999999,0
2024-04-09 10:00:00,0.0,0.0,0.399999999999999,0
2024-04-09 11:00:00,0.0,0.0,0.399999999999999,0
2024-04-09 12:00:00,0.0,0.0,0.399999999999999,0
2024-04-09 13:00:00,0.0,0.0,0.399999999999999,0
2024-04-09 14:00:00,0.1,0.0999999999999999,0.399999999999999,0
2024-04-09 15:00:00,0.1,0.1999999999999999,0.49999999999999906,0
2024-04-09 16:00:00,0.0,0.1999999999999999,0.399999999999999,0
2024-04-09 17:00:00,0.1,0.29999999999999993,0.399999999999999,0
2024-04-09 18:00:00,0.0,0.29999999999999993,0.29999999999999905,0
2024-04-09 19:00:00,0.0,0.29999999999999993,0.29999999999999905,0
2024-04-09 20:00:00,0.0,0.1999999999999999,0.29999999999999905,0
2024-04-09 21:00:00,0.0,0.0999999999999999,0.29999999999999905,0
2024-04-09 22:00:00,0.0,0.0999999999999999,0.29999999999999905,0
2024-04-09 23:00:00,0.0,0.0,0.29999999999999905,0
2024-04-10 00:00:00,0.0,0.0,0.29999999999999905,0
2024-04-10 01:00:00,0.0,0.0,0.29999999999999905,0
2024-04-10 02:00:00,0.0,0.0,0.29999999999999905,0
2024-04-10 03:00:00,0.0,0.0,0.29999999999999905,0
2024-04-10 04:00:00,0.0,0.0,0.29999999999999905,0
2024-04-10 05:00:00,0.0,0.0,0.29999999999999905,0
2024-04-10 06:00:00,0.0,0.0,0.29999999999999905,0
2024-04-10 07:00:00,0.0,0.0,0.29999999999999905,0
2024-04-10 08:00:00,0.0,0.0,0.29999999999999905,0
2024-04-10 09:00:00,0.0,0.0,0.29999999999999905,0
2024-04-10 10:00:00,0.0,0.0,0.29999999999999905,0
2024-04-10 11:00:00,0.0,0.0,0.29999999999999905,0
2024-04-10 12:00:00,0.0,0.0,0.29999999999999905,0
2024-04-10 13:00:00,0.0,0.0,0.29999999999999905,0
2024-04-10 14:00:00,0.0,0.0,0.199999999999999,0
2024-04-10 15:00:00,0.0,0.0,0.099999999999999,0
2024-04-10 16:00:00,0.0,0.0,0.099999999999999,0
2024-04-10 17:00:00,0.0,0.0,0.0,0
2024-04-10 18:00:00,0.0,0.0,0.0,0
2024-04-10 19:00:00,0.0,0.0,0.0,0
2024-04-10 20:00:00,0.0,0.0,0.0,0
2024-04-10 21:00:00,0.0,0.0,0.0,0
2024-04-10 22:00:00,0.0,0.0,0.0,0
2024-04-10 23:00:00,0.0,0.0,0.0,0
2024-04-11 00:00:00,0.0,0.0,0.0,0
2024-04-11 01:00:00,0.0,0.0,0.0,0
2024-04-11 02:00:00,0.0,0.0,0.0,0
2024-04-11 03:00:00,0.0,0.0,0.0,0
2024-04-11 04:00:00,0.0,0.0,0.0,0
2024-04-11 05:00:00,0.0,0.0,0.0,0
2024-04-11 06:00:00,0.0,0.0,0.0,0
2024-04-11 07:00:00,0.0,0.0,0.0,0
2024-04-11 08:00:00,0.0,0.0,0.0,0
2024-04-11 09:00:00,0.0,0.0,0.0,0
2024-04-11 10:00:00,0.0,0.0,0.0,0
2024-04-11 11:00:00,0.0,0.0,0.0,0
2024-04-11 12:00:00,0.0,0.0,0.0,0
2024-04-11 13:00:00,0.0,0.0,0.0,0
2024-04-11 14:00:00,0.0,0.0,0.0,0
2024-04-11 15:00:00,0.0,0.0,0.0,0
2024-04-11 16:00:00,0.0,0.0,0.0,0
2024-04-11 17:00:00,0.0,0.0,0.0,0
2024-04-11 18:00:00,0.0,0.0,0.0,0
2024-04-11 19:00:00,0.0,0.0,0.0,0
2024-04-11 20:00:00,0.0,0.0,0.0,0
2024-04-11 21:00:00,0.0,0.0,0.0,0
2024-04-11 22:00:00,0.0,0.0,0.0,0
2024-04-11 23:00:00,0.0,0.0,0.0,0
2024-04-12 00:00:00,0.0,0.0,0.0,0
2024-04-12 01:00:00,0.0,0.0,0.0,0
2024-04-12 02:00:00,0.0,0.0,0.0,0
2024-04-12 03:00:00,0.0,0.0,0.0,0
2024-04-12 04:00:00,0.0,0.0,0.0,0
2024-04-12 05:00:00,0.0,0.0,0.0,0
2024-04-12 06:00:00,0.0,0.0,0.0,0
2024-04-12 07:00:00,0.0,0.0,0.0,0
2024-04-12 08:00:00,0.0,0.0,0.0,0
2024-04-12 09:00:00,0.2,0.1999999999999999,0.199999999999999,0
2024-04-12 10:00:00,0.3,0.4999999999999999,0.499999999999999,0
2024-04-12 11:00:00,0.2,0.7,0.6999999999999991,0
2024-04-12 12:00:00,0.0,0.7,0.6999999999999991,0
2024-04-12 13:00:00,1.7,2.4,2.399999999999999,0
2024-04-12 14:00:00,2.0,4.4,4.399999999999999,0
2024-04-12 15:00:00,0.7,4.8999999999999995,5.099999999999999,0
2024-04-12 16:00:00,0.3,4.8999999999999995,5.399999999999999,0
2024-04-12 17:00:00,0.0,4.699999999999999,5.399999999999999,0
2024-04-12 18:00:00,0.0,4.699999999999999,5.399999999999999,0
2024-04-12 19:00:00,0.0,3.0,5.399999999999999,0
2024-04-12 20:00:00,0.0,1.0,5.399999999999999,0
2024-04-12 21:00:00,0.0,0.3,5.399999999999999,0
2024-04-12 22:00:00,0.0,0.0,5.399999999999999,0
2024-04-12 23:00:00,0.0,0.0,5.399999999999999,0
2024-04-13 00:00:00,0.0,0.0,5.399999999999999,0
2024-04-13 01:00:00,0.0,0.0,5.399999999999999,0
2024-04-13 02:00:00,0.0,0.0,5.399999999999999,0
2024-04-13 03:00:00,0.0,0.0,5.399999999999999,0
2024-04-13 04:00:00,0.0,0.0,5.399999999999999,0
2024-04-13 05:00:00,0.0,0.0,5.399999999999999,0
2024-04-13 06:00:00,0.0,0.0,5.399999999999999,0
2024-04-13 07:00:00,0.0,0.0,5.399999999999999,0
2024-04-13 08:00:00,0.0,0.0,5.399999999999999,0
2024-04-13 09:00:00,0.2,0.2,5.399999999999999,0
2024-04-13 10:00:00,0.4,0.6000000000000001,5.499999999999999,0
2024-04-13 11:00:00,0.2,0.8,5.499999999999999,0
2024-04-13 12:00:00,0.1,0.9,5.599999999999999,0
2024-04-13 13:00:00,0.0,0.9,3.899999999999999,0
2024-04-13 14:00:00,0.0,0.9,1.899999999999999,0
2024-04-13 15:00:00,0.3,1.0,1.4999999999999991,0
2024-04-13 16:00:00,0.2,0.8,1.399999999999999,0
2024-04-13 17:00:00,0.2,0.8,1.5999999999999992,0
2024-04-13 18:00:00,0.0,0.7000000000000001,1.5999999999999992,0
2024-04-13 19:00:00,0.0,0.7000000000000001,1.5999999999999992,0
2024-04-13 20:00:00,0.0,0.7000000000000001,1.5999999999999992,0
2024-04-13 21:00:00,0.0,0.4,1.5999999999999992,0
2024-04-13 22:00:00,0.0,0.2,1.5999999999999992,0
2024-04-13 23:00:00,0.0,0.0,1.5999999999999992,0
2024-04-14 00:00:00,0.0,0.0,1.5999999999999992,0
2024-04-14 01:00:00,0.0,0.0,1.5999999999999992,0
2024-04-14 02:00:00,0.0,0.0,1.5999999999999992,0
2024-04-14 03:00:00,0.0,0.0,1.5999999999999992,0
2024-04-14 04:00:00,0.0,0.0,1.5999999999999992,0
2024-04-14 05:00:00,0.0,0.0,1.5999999999999992,0
2024-04-14 06:00:00,0.0,0.0,1.5999999999999992,0
2024-04-14 07:00:00,0.0,0.0,1.5999999999999992,0
2024-04-14 08:00:00,0.0,0.0,1.5999999999999992,0
2024-04-14 09:00:00,0.2,0.2,1.5999999999999992,0
2024-04-14 10:00:00,0.1,0.30000000000000004,1.2999999999999992,0
2024-04-14 11:00:00,0.0,0.30000000000000004,1.099999999999999,0
2024-04-14 12:00:00,0.0,0.30000000000000004,0.9999999999999991,0
2024-04-14 13:00:00,0.2,0.5,1.199999999999999,0
2024-04-14 14:00:00,0.2,0.7000000000000001,1.399999999999999,0
2024-04-14 15:00:00,0.1,0.6,1.1999999999999993,0
2024-04-14 16:00:00,0.3,0.8,1.2999999999999992,0
2024-04-14 17:00:00,0.2,1.0,1.2999999999999992,0
2024-04-14 18:00:00,0.0,1.0,1.2999999999999992,0
2024-04-14 19:00:00,0.0,0.8,1.2999999999999992,0
2024-04-14 20:00:00,0.0,0.6,1.2999999999999992,0
2024-04-14 21:00:00,0.0,0.5,1.2999999999999992,0
2024-04-14 22:00:00,0.0,0.2,1.2999999999999992,0
2024-04-14 23:00:00,0.0,0.0,1.2999999999999992,0
2024-04-15 00:00:00,0.0,0.0,1.2999999999999992,0
2024-04-15 01:00:00,0.0,0.0,1.2999999999999992,0
2024-04-15 02:00:00,0.0,0.0,1.2999999999999992,0
2024-04-15 03:00:00,0.0,0.0,1.2999999999999992,0
2024-04-15 04:00:00,0.0,0.0,1.2999999999999992,0
2024-04-15 05:00:00,0.0,0.0,1.2999999999999992,0
2024-04-15 06:00:00,0.0,0.0,1.2999999999999992,0
2024-04-15 07:00:00,0.0,0.0,1.2999999999999992,0
2024-04-15 08:00:00,0.0,0.0,1.2999999999999992,0
2024-04-15 09:00:00,0.0,0.0,1.0999999999999992,0
2024-04-15 10:00:00,0.1,0.1,1.0999999999999992,0
2024-04-15 11:00:00,0.3,0.4,1.399999999999999,0
2024-04-15 12:00:00,0.1,0.5,1.4999999999999991,0
2024-04-15 13:00:00,0.1,0.6,1.3999999999999992,0
2024-04-15 14:00:00,0.0,0.6,1.1999999999999993,0
2024-04-15 15:00:00,0.0,0.6,1.0999999999999992,0
2024-04-15 16:00:00,0.0,0.5,0.7999999999999992,0
2024-04-15 17:00:00,0.0,0.19999999999999996,0.5999999999999992,0
2024-04-15 18:00:00,0.0,0.09999999999999995,0.5999999999999992,0
2024-04-15 19:00:00,0.0,0.0,0.5999999999999992,0
2024-04-15 20:00:00,0.0,0.0,0.5999999999999992,0
2024-04-15 21:00:00,0.0,0.0,0.5999999999999992,0
2024-04-15 22:00:00,0.0,0.0,0.5999999999999992,0
2024-04-15 23:00:00,0.0,0.0,0.5999999999999992,0
2024-04-16 00:00:00,0.0,0.0,0.5999999999999992,0
2024-04-16 01:00:00,0.0,0.0,0.5999999999999992,0
2024-04-16 02:00:00,0.0,0.0,0.5999999999999992,0
2024-04-16 03:00:00,0.0,0.0,0.5999999999999992,0
2024-04-16 04:00:00,0.0,0.0,0.5999999999999992,0
2024-04-16 05:00:00,0.0,0.0,0.5999999999999992,0
2024-04-16 06:00:00,0.0,0.0,0.5999999999999992,0
2024-04-16 07:00:00,0.0,0.0,0.5999999999999992,0
2024-04-16 08:00:00,0.0,0.0,0.5999999999999992,0
2024-04-16 09:00:00,0.0,0.0,0.5999999999999992,0
2024-04-16 10:00:00,0.0,0.0,0.49999999999999917,0
2024-04-16 11:00:00,0.0,0.0,0.19999999999999912,0
2024-04-16 12:00:00,0.0,0.0,0.09999999999999912,0
2024-04-16 13:00:00,0.0,0.0,0.0,0
2024-04-16 14:00:00,0.0,0.0,0.0,0
2024-04-16 15:00:00,0.0,0.0,0.0,0
2024-04-16 16:00:00,0.0,0.0,0.0,0
2024-04-16 17:00:00,0.0,0.0,0.0,0
2024-04-16 18:00:00,0.0,0.0,0.0,0
2024-04-16 19:00:00,0.0,0.0,0.0,0
2024-04-16 20:00:00,0.0,0.0,0.0,0
2024-04-16 21:00:00,0.0,0.0,0.0,0
2024-04-16 22:00:00,0.0,0.0,0.0,0
2024-04-16 23:00:00,0.0,0.0,0.0,0
2024-04-17 00:00:00,0.0,0.0,0.0,0
2024-04-17 01:00:00,0.0,0.0,0.0,0
2024-04-17 02:00:00,0.0,0.0,0.0,0
2024-04-17 03:00:00,0.0,0.0,0.0,0
2024-04-17 04:00:00,0.0,0.0,0.0,0
2024-04-17 05:00:00,0.0,0.0,0.0,0
2024-04-17 06:00:00,0.0,0.0,0.0,0
2024-04-17 07:00:00,0.0,0.0,0.0,0
2024-04-17 08:00:00,0.0,0.0,0.0,0
2024-04-17 09:00:00,0.0,0.0,0.0,0
2024-04-17 10:00:00,0.0,0.0,0.0,0
2024-04-17 11:00:00,0.0,0.0,0.0,0
2024-04-17 12:00:00,0.0,0.0,0.0,0
2024-04-17 13:00:00,0.0,0.0,0.0,0
2024-04-17 14:00:00,0.0,0.0,0.0,0
2024-04-17 15:00:00,0.0,0.0,0.0,0
2024-04-17 16:00:00,0.0,0.0,0.0,0
2024-04-17 17:00:00,0.0,0.0,0.0,0
2024-04-17 18:00:00,0.0,0.0,0.0,0
2024-04-17 19:00:00,0.0,0.0,0.0,0
2024-04-17 20:00:00,0.0,0.0,0.0,0
2024-04-17 21:00:00,0.0,0.0,0.0,0
2024-04-17 22:00:00,0.0,0.0,0.0,0
2024-04-17 23:00:00,0.0,0.0,0.0,0
2024-04-18 00:00:00,0.0,0.0,0.0,0
2024-04-18 01:00:00,0.0,0.0,0.0,0
2024-04-18 02:00:00,0.0,0.0,0.0,0
2024-04-18 03:00:00,0.0,0.0,0.0,0
2024-04-18 04:00:00,0.0,0.0,0.0,0
2024-04-18 05:00:00,0.0,0.0,0.0,0
2024-04-18 06:00:00,0.0,0.0,0.0,0
2024-04-18 07:00:00,0.0,0.0,0.0,0
2024-04-18 08:00:00,0.0,0.0,0.0,0
2024-04-18 09:00:00,0.0,0.0,0.0,0
2024-04-18 10:00:00,0.1,0.09999999999999995,0.09999999999999912,0
2024-04-18 11:00:00,0.0,0.09999999999999995,0.09999999999999912,0
2024-04-18 12:00:00,0.0,0.09999999999999995,0.09999999999999912,0
2024-04-18 13:00:00,0.0,0.09999999999999995,0.09999999999999912,0
2024-04-18 14:00:00,0.0,0.09999999999999995,0.09999999999999912,0
2024-04-18 15:00:00,0.0,0.09999999999999995,0.09999999999999912,0
2024-04-18 16:00:00,0.0,0.0,0.09999999999999912,0
2024-04-18 17:00:00,0.0,0.0,0.09999999999999912,0
2024-04-18 18:00:00,0.0,0.0,0.09999999999999912,0
2024-04-18 19:00:00,0.0,0.0,0.09999999999999912,0
2024-04-18 20:00:00,0.0,0.0,0.09999999999999912,0
2024-04-18 21:00:00,0.0,0.0,0.09999999999999912,0
2024-04-18 22:00:00,0.0,0.0,0.09999999999999912,0
2024-04-18 23:00:00,0.0,0.0,0.09999999999999912,0
2024-04-19 00:00:00,0.0,0.0,0.09999999999999912,0
2024-04-19 01:00:00,0.0,0.0,0.09999999999999912,0
2024-04-19 02:00:00,0.0,0.0,0.09999999999999912,0
2024-04-19 03:00:00,0.0,0.0,0.09999999999999912,0
2024-04-19 04:00:00,0.0,0.0,0.09999999999999912,0
2024-04-19 05:00:00,0.0,0.0,0.09999999999999912,0
2024-04-19 06:00:00,0.0,0.0,0.09999999999999912,0
2024-04-19 07:00:00,0.0,0.0,0.09999999999999912,0
2024-04-19 08:00:00,0.0,0.0,0.09999999999999912,0
2024-04-19 09:00:00,0.0,0.0,0.09999999999999912,0
2024-04-19 10:00:00,0.0,0.0,0.0,0
2024-04-19 11:00:00,0.0,0.0,0.0,0
2024-04-19 12:00:00,0.0,0.0,0.0,0
2024-04-19 13:00:00,0.0,0.0,0.0,0
2024-04-19 14:00:00,0.0,0.0,0.0,0
2024-04-19 15:00:00,0.0,0.0,0.0,0
2024-04-19 16:00:00,0.0,0.0,0.0,0
2024-04-19 17:00:00,0.0,0.0,0.0,0
2024-04-19 18:00:00,0.0,0.0,0.0,0
2024-04-19 19:00:00,0.0,0.0,0.0,0
2024-04-19 20:00:00,0.0,0.0,0.0,0
2024-04-19 21:00:00,0.0,0.0,0.0,0
2024-04-19 22:00:00,0.0,0.0,0.0,0
2024-04-19 23:00:00,0.0,0.0,0.0,0
2024-04-20 00:00:00,0.0,0.0,0.0,0
2024-04-20 01:00:00,0.0,0.0,0.0,0
2024-04-20 02:00:00,0.0,0.0,0.0,0
2024-04-20 03:00:00,0.0,0.0,0.0,0
2024-04-20 04:00:00,0.0,0.0,0.0,0
2024-04-20 05:00:00,0.0,0.0,0.0,0
2024-04-20 06:00:00,0.0,0.0,0.0,0
2024-04-20 07:00:00,0.0,0.0,0.0,0
2024-04-20 08:00:00,0.0,0.0,0.0,0
2024-04-20 09:00:00,0.0,0.0,0.0,0
2024-04-20 10:00:00,0.0,0.0,0.0,0
2024-04-20 11:00:00,0.0,0.0,0.0,0
2024-04-20 12:00:00,0.0,0.0,0.0,0
2024-04-20 13:00:00,0.0,0.0,0.0,0
2024-04-20 14:00:00,0.0,0.0,0.0,0
2024-04-20 15:00:00,0.0,0.0,0.0,0
2024-04-20 16:00:00,0.0,0.0,0.0,0
2024-04-20 17:00:00,0.0,0.0,0.0,0
2024-04-20 18:00:00,0.0,0.0,0.0,0
2024-04-20 19:00:00,0.0,0.0,0.0,0
2024-04-20 20:00:00,0.0,0.0,0.0,0
2024-04-20 21:00:00,0.0,0.0,0.0,0
2024-04-20 22:00:00,0.0,0.0,0.0,0
2024-04-20 23:00:00,0.0,0.0,0.0,0
2024-04-21 00:00:00,0.0,0.0,0.0,0
2024-04-21 01:00:00,0.0,0.0,0.0,0
2024-04-21 02:00:00,0.0,0.0,0.0,0
2024-04-21 03:00:00,0.0,0.0,0.0,0
2024-04-21 04:00:00,0.0,0.0,0.0,0
2024-04-21 05:00:00,0.0,0.0,0.0,0
2024-04-21 06:00:00,0.0,0.0,0.0,0
2024-04-21 07:00:00,0.0,0.0,0.0,0
2024-04-21 08:00:00,0.0,0.0,0.0,0
2024-04-21 09:00:00,0.0,0.0,0.0,0
2024-04-21 10:00:00,0.0,0.0,0.0,0
2024-04-21 11:00:00,0.0,0.0,0.0,0
2024-04-21 12:00:00,0.0,0.0,0.0,0
2024-04-21 13:00:00,0.0,0.0,0.0,0
2024-04-21 14:00:00,0.0,0.0,0.0,0
2024-04-21 15:00:00,0.0,0.0,0.0,0
2024-04-21 16:00:00,0.2,0.19999999999999996,0.19999999999999912,0
2024-04-21 17:00:00,0.0,0.19999999999999996,0.19999999999999912,0
2024-04-21 18:00:00,0.0,0.19999999999999996,0.19999999999999912,0
2024-04-21 19:00:00,0.0,0.19999999999999996,0.19999999999999912,0
2024-04-21 20:00:00,0.0,0.19999999999999996,0.19999999999999912,0
2024-04-21 21:00:00,0.0,0.19999999999999996,0.19999999999999912,0
2024-04-21 22:00:00,0.0,0.0,0.19999999999999912,0
2024-04-21 23:00:00,0.0,0.0,0.19999999999999912,0
2024-04-22 00:00:00,0.0,0.0,0.19999999999999912,0
2024-04-22 01:00:00,0.0,0.0,0.19999999999999912,0
2024-04-22 02:00:00,0.0,0.0,0.19999999999999912,0
2024-04-22 03:00:00,0.0,0.0,0.19999999999999912,0
2024-04-22 04:00:00,0.0,0.0,0.19999999999999912,0
2024-04-22 05:00:00,0.0,0.0,0.19999999999999912,0
2024-04-22 06:00:00,0.0,0.0,0.19999999999999912,0
2024-04-22 07:00:00,0.0,0.0,0.19999999999999912,0
2024-04-22 08:00:00,0.0,0.0,0.19999999999999912,0
2024-04-22 09:00:00,0.1,0.09999999999999995,0.29999999999999916,0
2024-04-22 10:00:00,0.1,0.19999999999999996,0.39999999999999913,0
2024-04-22 11:00:00,0.0,0.19999999999999996,0.39999999999999913,0
2024-04-22 12:00:00,0.0,0.19999999999999996,0.39999999999999913,0
2024-04-22 13:00:00,0.0,0.19999999999999996,0.39999999999999913,0
2024-04-22 14:00:00,0.1,0.29999999999999993,0.4999999999999991,0
2024-04-22 15:00:00,0.5,0.7,0.9999999999999991,0
2024-04-22 16:00:00,0.5,1.1,1.2999999999999992,0
2024-04-22 17:00:00,0.1,1.2,1.3999999999999992,0
2024-04-22 18:00:00,0.0,1.2,1.3999999999999992,0
2024-04-22 19:00:00,0.0,1.2,1.3999999999999992,0
2024-04-22 20:00:00,0.0,1.0999999999999999,1.3999999999999992,0
2024-04-22 21:00:00,0.0,0.5999999999999999,1.3999999999999992,0
2024-04-22 22:00:00,0.0,0.09999999999999995,1.3999999999999992,0
2024-04-22 23:00:00,0.0,0.0,1.3999999999999992,0
2024-04-23 00:00:00,0.0,0.0,1.3999999999999992,0
2024-04-23 01:00:00,0.0,0.0,1.3999999999999992,0
2024-04-23 02:00:00,0.0,0.0,1.3999999999999992,0
2024-04-23 03:00:00,0.0,0.0,1.3999999999999992,0
2024-04-23 04:00:00,0.0,0.0,1.3999999999999992,0
2024-04-23 05:00:00,0.0,0.0,1.3999999999999992,0
2024-04-23 06:00:00,0.0,0.0,1.3999999999999992,0
2024-04-23 07:00:00,0.0,0.0,1.3999999999999992,0
2024-04-23 08:00:00,0.1,0.09999999999999995,1.4999999999999991,0
2024-04-23 09:00:00,0.1,0.19999999999999996,1.4999999999999991,0
2024-04-23 10:00:00,0.1,0.29999999999999993,1.4999999999999991,0
2024-04-23 11:00:00,4.6,4.8999999999999995,6.099999999999999,0
2024-04-23 12:00:00,0.7,5.6,6.799999999999999,0
2024-04-23 13:00:00,0.1,5.699999999999999,6.899999999999999,0
2024-04-23 14:00:00,0.2,5.8,6.999999999999999,0
2024-04-23 15:00:00,0.1,5.799999999999999,6.599999999999999,0
2024-04-23 16:00:00,0.1,5.8,6.199999999999999,0
2024-04-23 17:00:00,0.0,1.2,6.099999999999999,0
2024-04-23 18:00:00,0.0,0.5,6.099999999999999,0
2024-04-23 19:00:00,0.0,0.4,6.099999999999999,0
2024-04-23 20:00:00,0.0,0.2,6.099999999999999,0
2024-04-23 21:00:00,0.0,0.1,6.099999999999999,0
2024-04-23 22:00:00,0.0,0.0,6.099999999999999,0
2024-04-23 23:00:00,0.0,0.0,6.099999999999999,0
2024-04-24 00:00:00,0.0,0.0,6.099999999999999,0
2024-04-24 01:00:00,0.0,0.0,6.099999999999999,0
2024-04-24 02:00:00,0.0,0.0,6.099999999999999,0
2024-04-24 03:00:00,0.0,0.0,6.099999999999999,0
2024-04-24 04:00:00,0.0,0.0,6.099999999999999,0
2024-04-24 05:00:00,0.0,0.0,6.099999999999999,0
2024-04-24 06:00:00,0.0,0.0,6.099999999999999,0
2024-04-24 07:00:00,0.0,0.0,6.099999999999999,0
2024-04-24 08:00:00,0.0,0.0,5.999999999999999,0
2024-04-24 09:00:00,0.1,0.1,5.999999999999999,0
2024-04-24 10:00:00,0.1,0.2,5.999999999999999,0
2024-04-24 11:00:00,0.7,0.8999999999999999,2.099999999999999,0
2024-04-24 12:00:00,3.3,4.199999999999999,4.699999999999999,0
2024-04-24 13:00:00,0.6,4.8,5.199999999999999,0
2024-04-24 14:00:00,0.0,4.8,4.999999999999999,0
2024-04-24 15:00:00,0.0,4.7,4.899999999999999,0
2024-04-24 16:00:00,0.0,4.6,4.799999999999999,0
2024-04-24 17:00:00,0.0,3.9,4.799999999999999,0
2024-04-24 18:00:00,0.0,0.6,4.799999999999999,0
2024-04-24 19:00:00,0.0,0.0,4.799999999999999,0
2024-04-24 20:00:00,0.0,0.0,4.799999999999999,0
2024-04-24 21:00:00,0.0,0.0,4.799999999999999,0
2024-04-24 22:00:00,0.0,0.0,4.799999999999999,0
2024-04-24 23:00:00,0.0,0.0,4.799999999999999,0
2024-04-25 00:00:00,0.0,0.0,4.799999999999999,0
2024-04-25 01:00:00,0.0,0.0,4.799999999999999,0
2024-04-25 02:00:00,0.0,0.0,4.799999999999999,0
2024-04-25 03:00:00,0.0,0.0,4.799999999999999,0
2024-04-25 04:00:00,0.0,0.0,4.799999999999999,0
2024-04-25 05:00:00,0.0,0.0,4.799999999999999,0
2024-04-25 06:00:00,0.0,0.0,4.799999999999999,0
2024-04-25 07:00:00,0.0,0.0,4.799999999999999,0
2024-04-25 08:00:00,0.0,0.0,4.799999999999999,0
2024-04-25 09:00:00,0.0,0.0,4.699999999999999,0
2024-04-25 10:00:00,0.0,0.0,4.599999999999999,0
2024-04-25 11:00:00,0.1,0.1,3.9999999999999996,0
2024-04-25 12:00:00,0.1,0.2,0.7999999999999996,0
2024-04-25 13:00:00,0.0,0.2,0.19999999999999957,0
2024-04-25 14:00:00,0.0,0.2,0.19999999999999957,0
2024-04-25 15:00:00,0.1,0.30000000000000004,0.2999999999999996,0
2024-04-25 16:00:00,0.0,0.30000000000000004,0.2999999999999996,0
2024-04-25 17:00:00,0.0,0.2,0.2999999999999996,0
2024-04-25 18:00:00,0.0,0.1,0.2999999999999996,0
2024-04-25 19:00:00,0.0,0.1,0.2999999999999996,0
2024-04-25 20:00:00,0.0,0.1,0.2999999999999996,0
2024-04-25 21:00:00,0.0,0.0,0.2999999999999996,0
2024-04-25 22:00:00,0.0,0.0,0.2999999999999996,0
2024-04-25 23:00:00,0.0,0.0,0.2999999999999996,0
2024-04-26 00:00:00,0.0,0.0,0.2999999999999996,0
2024-04-26 01:00:00,0.0,0.0,0.2999999999999996,0
2024-04-26 02:00:00,0.0,0.0,0.2999999999999996,0
2024-04-26 03:00:00,0.0,0.0,0.2999999999999996,0
2024-04-26 04:00:00,0.0,0.0,0.2999999999999996,0
2024-04-26 05:00:00,0.0,0.0,0.2999999999999996,0
2024-04-26 06:00:00,0.0,0.0,0.2999999999999996,0
2024-04-26 07:00:00,0.0,0.0,0.2999999999999996,0
2024-04-26 08:00:00,0.0,0.0,0.2999999999999996,0
2024-04-26 09:00:00,0.0,0.0,0.2999999999999996,0
2024-04-26 10:00:00,0.0,0.0,0.2999999999999996,0
2024-04-26 11:00:00,0.0,0.0,0.19999999999999957,0
2024-04-26 12:00:00,0.0,0.0,0.09999999999999956,0
2024-04-26 13:00:00,0.0,0.0,0.09999999999999956,0
2024-04-26 14:00:00,0.0,0.0,0.09999999999999956,0
2024-04-26 15:00:00,0.3,0.3,0.29999999999999954,0
2024-04-26 16:00:00,0.2,0.5,0.49999999999999956,0
2024-04-26 17:00:00,0.0,0.5,0.49999999999999956,0
2024-04-26 18:00:00,0.0,0.5,0.49999999999999956,0
2024-04-26 19:00:00,0.0,0.5,0.49999999999999956,0
2024-04-26 20:00:00,0.0,0.5,0.49999999999999956,0
2024-04-26 21:00:00,0.0,0.2,0.49999999999999956,0
2024-04-26 22:00:00,0.0,0.0,0.49999999999999956,0
2024-04-26 23:00:00,0.0,0.0,0.49999999999999956,0
2024-04-27 00:00:00,0.0,0.0,0.49999999999999956,0
2024-04-27 01:00:00,0.0,0.0,0.49999999999999956,0
2024-04-27 02:00:00,0.0,0.0,0.49999999999999956,0
2024-04-27 03:00:00,0.0,0.0,0.49999999999999956,0
2024-04-27 04:00:00,0.0,0.0,0.49999999999999956,0
2024-04-27 05:00:00,0.0,0.0,0.49999999999999956,0
2024-04-27 06:00:00,0.0,0.0,0.49999999999999956,0
2024-04-27 07:00:00,0.0,0.0,0.49999999999999956,0
2024-04-27 08:00:00,0.0,0.0,0.49999999999999956,0
2024-04-27 09:00:00,0.1,0.1,0.5999999999999995,0
2024-04-27 10:00:00,0.1,0.2,0.6999999999999995,0
2024-04-27 11:00:00,0.0,0.2,0.6999999999999995,0
2024-04-27 12:00:00,0.0,0.2,0.6999999999999995,0
2024-04-27 13:00:00,0.0,0.2,0.6999999999999995,0
2024-04-27 14:00:00,0.0,0.2,0.6999999999999995,0
2024-04-27 15:00:00,1.6,1.7000000000000002,1.9999999999999996,0
2024-04-27 16:00:00,0.3,1.9000000000000001,2.0999999999999996,0
2024-04-27 17:00:00,0.0,1.9000000000000001,2.0999999999999996,0
2024-04-27 18:00:00,0.0,1.9000000000000001,2.0999999999999996,0
2024-04-27 19:00:00,0.0,1.9000000000000001,2.0999999999999996,0
2024-04-27 20:00:00,0.0,1.9000000000000001,2.0999999999999996,0
2024-04-27 21:00:00,0.0,0.3,2.0999999999999996,0
2024-04-27 22:00:00,0.0,0.0,2.0999999999999996,0
2024-04-27 23:00:00,0.0,0.0,2.0999999999999996,0
2024-04-28 00:00:00,0.0,0.0,2.0999999999999996,0
2024-04-28 01:00:00,0.0,0.0,2.0999999999999996,0
2024-04-28 02:00:00,0.0,0.0,2.0999999999999996,0
2024-04-28 03:00:00,0.0,0.0,2.0999999999999996,0
2024-04-28 04:00:00,0.0,0.0,2.0999999999999996,0
2024-04-28 05:00:00,0.0,0.0,2.0999999999999996,0
2024-04-28 06:00:00,0.0,0.0,2.0999999999999996,0
2024-04-28 07:00:00,0.0,0.0,2.0999999999999996,0
2024-04-28 08:00:00,0.0,0.0,2.0999999999999996,0
2024-04-28 09:00:00,0.0,0.0,1.9999999999999996,0
2024-04-28 10:00:00,0.0,0.0,1.8999999999999995,0
2024-04-28 11:00:00,0.0,0.0,1.8999999999999995,0
2024-04-28 12:00:00,0.0,0.0,1.8999999999999995,0
2024-04-28 13:00:00,0.0,0.0,1.8999999999999995,0
2024-04-28 14:00:00,0.0,0.0,1.8999999999999995,0
2024-04-28 15:00:00,0.0,0.0,0.2999999999999993,0
2024-04-28 16:00:00,0.0,0.0,0.0,0
2024-04-28 17:00:00,0.0,0.0,0.0,0
2024-04-28 18:00:00,0.0,0.0,0.0,0
2024-04-28 19:00:00,0.0,0.0,0.0,0
2024-04-28 20:00:00,0.0,0.0,0.0,0
2024-04-28 21:00:00,0.0,0.0,0.0,0
2024-04-28 22:00:00,0.0,0.0,0.0,0
2024-04-28 23:00:00,0.0,0.0,0.0,0
2024-04-29 00:00:00,0.0,0.0,0.0,0
2024-04-29 01:00:00,0.0,0.0,0.0,0
2024-04-29 02:00:00,0.0,0.0,0.0,0
2024-04-29 03:00:00,0.0,0.0,0.0,0
2024-04-29 04:00:00,0.0,0.0,0.0,0
2024-04-29 05:00:00,0.0,0.0,0.0,0
2024-04-29 06:00:00,0.0,0.0,0.0,0
2024-04-29 07:00:00,0.0,0.0,0.0,0
2024-04-29 08:00:00,0.0,0.0,0.0,0
2024-04-29 09:00:00,0.0,0.0,0.0,0
2024-04-29 10:00:00,0.1,0.1,0.09999999999999934,0
2024-04-29 11:00:00,0.3,0.4,0.39999999999999936,0
2024-04-29 12:00:00,0.1,0.5,0.49999999999999933,0
2024-04-29 13:00:00,0.0,0.5,0.49999999999999933,0
2024-04-29 14:00:00,0.0,0.5,0.49999999999999933,0
2024-04-29 15:00:00,0.0,0.5,0.49999999999999933,0
2024-04-29 16:00:00,0.0,0.4,0.49999999999999933,0
2024-04-29 17:00:00,0.0,0.09999999999999995,0.49999999999999933,0
2024-04-29 18:00:00,0.0,0.0,0.49999999999999933,0
2024-04-29 19:00:00,0.0,0.0,0.49999999999999933,0
2024-04-29 20:00:00,0.0,0.0,0.49999999999999933,0
2024-04-29 21:00:00,0.0,0.0,0.49999999999999933,0
2024-04-29 22:00:00,0.0,0.0,0.49999999999999933,0
2024-04-29 23:00:00,0.0,0.0,0.49999999999999933,0
2024-04-30 00:00:00,0.0,0.0,0.49999999999999933,0
2024-04-30 01:00:00,0.0,0.0,0.49999999999999933,0
2024-04-30 02:00:00,0.0,0.0,0.49999999999999933,0
2024-04-30 03:00:00,0.0,0.0,0.49999999999999933,0
2024-04-30 04:00:00,0.0,0.0,0.49999999999999933,0
2024-04-30 05:00:00,0.0,0.0,0.49999999999999933,0
2024-04-30 06:00:00,0.0,0.0,0.49999999999999933,0
2024-04-30 07:00:00,0.0,0.0,0.49999999999999933,0
2024-04-30 08:00:00,0.0,0.0,0.49999999999999933,0
2024-04-30 09:00:00,0.1,0.09999999999999995,0.5999999999999993,0
2024-04-30 10:00:00,0.0,0.09999999999999995,0.49999999999999933,0
2024-04-30 11:00:00,0.0,0.09999999999999995,0.1999999999999993,0
2024-04-30 12:00:00,0.1,0.19999999999999996,0.1999999999999993,0
2024-04-30 13:00:00,0.1,0.29999999999999993,0.29999999999999927,0
2024-04-30 14:00:00,0.1,0.39999999999999997,0.3999999999999993,0
2024-04-30 15:00:00,0.0,0.29999999999999993,0.3999999999999993,0
2024-04-30 16:00:00,0.0,0.29999999999999993,0.3999999999999993,0
2024-04-30 17:00:00,0.0,0.29999999999999993,0.3999999999999993,0
2024-04-30 18:00:00,0.0,0.19999999999999996,0.3999999999999993,0
2024-04-30 19:00:00,0.0,0.09999999999999995,0.3999999999999993,0
2024-04-30 20:00:00,0.0,0.0,0.3999999999999993,0
2024-04-30 21:00:00,0.0,0.0,0.3999999999999993,0
2024-04-30 22:00:00,0.0,0.0,0.3999999999999993,0
2024-04-30 23:00:00,0.0,0.0,0.3999999999999993,0
2024-05-01 00:00:00,0.0,0.0,0.3999999999999993,0
2024-05-01 01:00:00,0.0,0.0,0.3999999999999993,0
2024-05-01 02:00:00,0.0,0.0,0.3999999999999993,0
2024-05-01 03:00:00,0.0,0.0,0.3999999999999993,0
2024-05-01 04:00:00,0.0,0.0,0.3999999999999993,0
2024-05-01 05:00:00,0.0,0.0,0.3999999999999993,0
2024-05-01 06:00:00,0.0,0.0,0.3999999999999993,0
2024-05-01 07:00:00,0.0,0.0,0.3999999999999993,0
2024-05-01 08:00:00,0.0,0.0,0.3999999999999993,0
2024-05-01 09:00:00,0.0,0.0,0.29999999999999927,0
2024-05-01 10:00:00,0.0,0.0,0.29999999999999927,0
2024-05-01 11:00:00,0.0,0.0,0.29999999999999927,0
2024-05-01 12:00:00,0.0,0.0,0.1999999999999993,0
2024-05-01 13:00:00,0.0,0.0,0.09999999999999928,0
2024-05-01 14:00:00,0.0,0.0,0.0,0
2024-05-01 15:00:00,0.1,0.09999999999999995,0.09999999999999928,0
2024-05-01 16:00:00,0.0,0.09999999999999995,0.09999999999999928,0
2024-05-01 17:00:00,0.0,0.09999999999999995,0.09999999999999928,0
2024-05-01 18:00:00,0.0,0.09999999999999995,0.09999999999999928,0
2024-05-01 19:00:00,0.0,0.09999999999999995,0.09999999999999928,0
2024-05-01 20:00:00,0.0,0.09999999999999995,0.09999999999999928,0
2024-05-01 21:00:00,0.0,0.0,0.09999999999999928,0
2024-05-01 22:00:00,0.0,0.0,0.09999999999999928,0
2024-05-01 23:00:00,0.0,0.0,0.09999999999999928,0
2024-05-02 00:00:00,0.0,0.0,0.09999999999999928,0
2024-05-02 01:00:00,0.0,0.0,0.09999999999999928,0
2024-05-02 02:00:00,0.0,0.0,0.09999999999999928,0
2024-05-02 03:00:00,0.0,0.0,0.09999999999999928,0
2024-05-02 04:00:00,0.0,0.0,0.09999999999999928,0
2024-05-02 05:00:00,0.0,0.0,0.09999999999999928,0
2024-05-02 06:00:00,0.0,0.0,0.09999999999999928,0
2024-05-02 07:00:00,0.0,0.0,0.09999999999999928,0
2024-05-02 08:00:00,0.0,0.0,0.09999999999999928,0
2024-05-02 09:00:00,0.2,0.19999999999999996,0.29999999999999927,0
2024-05-02 10:00:00,0.3,0.49999999999999994,0.5999999999999993,0
2024-05-02 11:00:00,0.3,0.7999999999999999,0.8999999999999992,0
2024-05-02 12:00:00,0.3,1.0999999999999999,1.1999999999999993,0
2024-05-02 13:00:00,0.0,1.0999999999999999,1.1999999999999993,0
2024-05-02 14:00:00,0.0,1.0999999999999999,1.1999999999999993,0
2024-05-02 15:00:00,0.0,0.8999999999999999,1.0999999999999992,0
2024-05-02 16:00:00,0.0,0.5999999999999999,1.0999999999999992,0
2024-05-02 17:00:00,0.0,0.29999999999999993,1.0999999999999992,0
2024-05-02 18:00:00,0.0,0.0,1.0999999999999992,0
2024-05-02 19:00:00,0.0,0.0,1.0999999999999992,0
2024-05-02 20:00:00,0.0,0.0,1.0999999999999992,0
2024-05-02 21:00:00,0.0,0.0,1.0999999999999992,0
2024-05-02 22:00:00,0.0,0.0,1.0999999999999992,0
2024-05-02 23:00:00,0.0,0.0,1.0999999999999992,0
2024-05-03 00:00:00,0.0,0.0,1.0999999999999992,0
2024-05-03 01:00:00,0.0,0.0,1.0999999999999992,0
2024-05-03 02:00:00,0.0,0.0,1.0999999999999992,0
2024-05-03 03:00:00,0.0,0.0,1.0999999999999992,0
2024-05-03 04:00:00,0.0,0.0,1.0999999999999992,0
2024-05-03 05:00:00,0.0,0.0,1.0999999999999992,0
2024-05-03 06:00:00,0.0,0.0,1.0999999999999992,0
2024-05-03 07:00:00,0.0,0.0,1.0999999999999992,0
2024-05-03 08:00:00,0.0,0.0,1.0999999999999992,0
2024-05-03 09:00:00,0.0,0.0,0.8999999999999992,0
2024-05-03 10:00:00,0.0,0.0,0.5999999999999993,0
2024-05-03 11:00:00,0.0,0.0,0.2999999999999993,0
2024-05-03 12:00:00,0.1,0.09999999999999995,0.09999999999999934,0
2024-05-03 13:00:00,0.3,0.3999999999999999,0.39999999999999936,0
2024-05-03 14:00:00,0.5,0.8999999999999999,0.8999999999999992,0
2024-05-03 15:00:00,0.3,1.2,1.1999999999999993,0
2024-05-03 16:00:00,0.7,1.9,1.8999999999999992,0
2024-05-03 17:00:00,0.5,2.4,2.3999999999999995,0
2024-05-03 18:00:00,0.1,2.4,2.499999999999999,0
2024-05-03 19:00:00,0.0,2.1,2.499999999999999,0
2024-05-03 20:00:00,0.0,1.6,2.499999999999999,0
2024-05-03 21:00:00,0.0,1.3,2.499999999999999,0
2024-05-03 22:00:00,0.0,0.6,2.499999999999999,0
2024-05-03 23:00:00,0.0,0.1,2.499999999999999,0
2024-05-04 00:00:00,0.0,0.0,2.499999999999999,0
2024-05-04 01:00:00,0.0,0.0,2.499999999999999,0
2024-05-04 02:00:00,0.0,0.0,2.499999999999999,0
2024-05-04 03:00:00,0.0,0.0,2.499999999999999,0
2024-05-04 04:00:00,0.0,0.0,2.499999999999999,0
2024-05-04 05:00:00,0.0,0.0,2.499999999999999,0
2024-05-04 06:00:00,0.0,0.0,2.499999999999999,0
2024-05-04 07:00:00,0.0,0.0,2.499999999999999,0
2024-05-04 08:00:00,0.0,0.0,2.499999999999999,0
2024-05-04 09:00:00,0.0,0.0,2.499999999999999,0
2024-05-04 10:00:00,0.0,0.0,2.499999999999999,0
2024-05-04 11:00:00,0.0,0.0,2.499999999999999,0
2024-05-04 12:00:00,0.0,0.0,2.399999999999999,0
2024-05-04 13:00:00,0.0,0.0,2.099999999999999,0
2024-05-04 14:00:00,0.0,0.0,1.5999999999999994,0
2024-05-04 15:00:00,0.0,0.0,1.2999999999999994,0
2024-05-04 16:00:00,0.0,0.0,0.5999999999999993,0
2024-05-04 17:00:00,0.0,0.0,0.09999999999999934,0
2024-05-04 18:00:00,0.0,0.0,0.0,0
2024-05-04 19:00:00,0.0,0.0,0.0,0
2024-05-04 20:00:00,0.0,0.0,0.0,0
2024-05-04 21:00:00,0.0,0.0,0.0,0
2024-05-04 22:00:00,0.0,0.0,0.0,0
2024-05-04 23:00:00,0.0,0.0,0.0,0
2024-05-05 00:00:00,0.0,0.0,0.0,0
2024-05-05 01:00:00,0.0,0.0,0.0,0
2024-05-05 02:00:00,0.0,0.0,0.0,0
2024-05-05 03:00:00,0.0,0.0,0.0,0
2024-05-05 04:00:00,0.0,0.0,0.0,0
2024-05-05 05:00:00,0.0,0.0,0.0,0
2024-05-05 06:00:00,0.0,0.0,0.0,0
2024-05-05 07:00:00,0.0,0.0,0.0,0
2024-05-05 08:00:00,0.0,0.0,0.0,0
2024-05-05 09:00:00,0.1,0.1,0.09999999999999934,0
2024-05-05 10:00:00,0.2,0.30000000000000004,0.2999999999999994,0
2024-05-05 11:00:00,0.7,1.0,0.9999999999999993,0
2024-05-05 12:00:00,0.4,1.4,1.3999999999999995,0
2024-05-05 13:00:00,0.2,1.6,1.5999999999999994,0
2024-05-05 14:00:00,0.3,1.9,1.8999999999999995,0
2024-05-05 15:00:00,0.1,1.9,1.9999999999999993,0
2024-05-05 16:00:00,0.0,1.7,1.9999999999999993,0
2024-05-05 17:00:00,0.0,1.0,1.9999999999999993,0
2024-05-05 18:00:00,0.0,0.6,1.9999999999999993,0
2024-05-05 19:00:00,0.0,0.4,1.9999999999999993,0
2024-05-05 20:00:00,0.0,0.1,1.9999999999999993,0
2024-05-05 21:00:00,0.0,0.0,1.9999999999999993,0
2024-05-05 22:00:00,0.0,0.0,1.9999999999999993,0
2024-05-05 23:00:00,0.0,0.0,1.9999999999999993,0
2024-05-06 00:00:00,0.0,0.0,1.9999999999999993,0
2024-05-06 01:00:00,0.0,0.0,1.9999999999999993,0
2024-05-06 02:00:00,0.0,0.0,1.9999999999999993,0
2024-05-06 03:00:00,0.0,0.0,1.9999999999999993,0
2024-05-06 04:00:00,0.0,0.0,1.9999999999999993,0
2024-05-06 05:00:00,0.0,0.0,1.9999999999999993,0
2024-05-06 06:00:00,0.0,0.0,1.9999999999999993,0
2024-05-06 07:00:00,0.0,0.0,1.9999999999999993,0
2024-05-06 08:00:00,0.0,0.0,1.9999999999999993,0
2024-05-06 09:00:00,0.0,0.0,1.8999999999999992,0
2024-05-06 10:00:00,0.1,0.1,1.7999999999999994,0
2024-05-06 11:00:00,0.0,0.1,1.0999999999999994,0
2024-05-06 12:00:00,0.0,0.1,0.6999999999999993,0
2024-05-06 13:00:00,0.0,0.1,0.49999999999999933,0
2024-05-06 14:00:00,0.0,0.1,0.19999999999999934,0
2024-05-06 15:00:00,0.0,0.1,0.09999999999999934,0
2024-05-06 16:00:00,0.0,0.0,0.09999999999999934,0
2024-05-06 17:00:00,0.0,0.0,0.09999999999999934,0
2024-05-06 18:00:00,0.0,0.0,0.09999999999999934,0
2024-05-06 19:00:00,0.0,0.0,0.09999999999999934,0
2024-05-06 20:00:00,0.0,0.0,0.09999999999999934,0
2024-05-06 21:00:00,0.0,0.0,0.09999999999999934,0
2024-05-06 22:00:00,0.0,0.0,0.09999999999999934,0
2024-05-06 23:00:00,0.0,0.0,0.09999999999999934,0
2024-05-07 00:00:00,0.0,0.0,0.09999999999999934,0
2024-05-07 01:00:00,0.0,0.0,0.09999999999999934,0
2024-05-07 02:00:00,0.0,0.0,0.09999999999999934,0
2024-05-07 03:00:00,0.0,0.0,0.09999999999999934,0
2024-05-07 04:00:00,0.0,0.0,0.09999999999999934,0
2024-05-07 05:00:00,0.0,0.0,0.09999999999999934,0
2024-05-07 06:00:00,0.0,0.0,0.09999999999999934,0
2024-05-07 07:00:00,0.0,0.0,0.09999999999999934,0
2024-05-07 08:00:00,0.0,0.0,0.09999999999999934,0
2024-05-07 09:00:00,0.1,0.1,0.19999999999999934,0
2024-05-07 10:00:00,0.3,0.4,0.39999999999999936,0
2024-05-07 11:00:00,0.2,0.6,0.5999999999999993,0
2024-05-07 12:00:00,0.2,0.8,0.7999999999999994,0
2024-05-07 13:00:00,0.0,0.8,0.7999999999999994,0
2024-05-07 14:00:00,0.0,0.8,0.7999999999999994,0
2024-05-07 15:00:00,0.4,1.1,1.1999999999999993,0
2024-05-07 16:00:00,0.7,1.5,1.8999999999999992,0
2024-05-07 17:00:00,0.0,1.3,1.8999999999999992,0
2024-05-07 18:00:00,0.0,1.1,1.8999999999999992,0
2024-05-07 19:00:00,0.0,1.1,1.8999999999999992,0
2024-05-07 20:00:00,0.0,1.1,1.8999999999999992,0
2024-05-07 21:00:00,0.0,0.7,1.8999999999999992,0
2024-05-07 22:00:00,0.0,0.0,1.8999999999999992,0
2024-05-07 23:00:00,0.0,0.0,1.8999999999999992,0
2024-05-08 00:00:00,0.0,0.0,1.8999999999999992,0
2024-05-08 01:00:00,0.0,0.0,1.8999999999999992,0
2024-05-08 02:00:00,0.0,0.0,1.8999999999999992,0
2024-05-08 03:00:00,0.0,0.0,1.8999999999999992,0
2024-05-08 04:00:00,0.0,0.0,1.8999999999999992,0
2024-05-08 05:00:00,0.0,0.0,1.8999999999999992,0
2024-05-08 06:00:00,0.0,0.0,1.8999999999999992,0
2024-05-08 07:00:00,0.0,0.0,1.8999999999999992,0
2024-05-08 08:00:00,0.1,0.1,1.9999999999999993,0
2024-05-08 09:00:00,0.2,0.30000000000000004,2.099999999999999,0
2024-05-08 10:00:00,0.0,0.30000000000000004,1.7999999999999994,0
2024-05-08 11:00:00,0.0,0.30000000000000004,1.5999999999999992,0
2024-05-08 12:00:00,0.0,0.30000000000000004,1.3999999999999992,0
2024-05-08 13:00:00,0.0,0.30000000000000004,1.3999999999999992,0
2024-05-08 14:00:00,0.0,0.2,1.3999999999999992,0
2024-05-08 15:00:00,0.1,0.1,1.0999999999999992,0
2024-05-08 16:00:00,0.1,0.2,0.4999999999999992,0
2024-05-08 17:00:00,0.0,0.2,0.4999999999999992,0
2024-05-08 18:00:00,0.0,0.2,0.4999999999999992,0
2024-05-08 19:00:00,0.0,0.2,0.4999999999999992,0
2024-05-08 20:00:00,0.0,0.2,0.4999999999999992,0
2024-05-08 21:00:00,0.0,0.1,0.4999999999999992,0
2024-05-08 22:00:00,0.0,0.0,0.4999999999999992,0
2024-05-08 23:00:00,0.0,0.0,0.4999999999999992,0
2024-05-09 00:00:00,0.0,0.0,0.4999999999999992,0
2024-05-09 01:00:00,0.0,0.0,0.4999999999999992,0
2024-05-09 02:00:00,0.0,0.0,0.4999999999999992,0
2024-05-09 03:00:00,0.0,0.0,0.4999999999999992,0
2024-05-09 04:00:00,0.0,0.0,0.4999999999999992,0
2024-05-09 05:00:00,0.0,0.0,0.4999999999999992,0
2024-05-09 06:00:00,0.0,0.0,0.4999999999999992,0
2024-05-09 07:00:00,0.0,0.0,0.4999999999999992,0
2024-05-09 08:00:00,0.0,0.0,0.39999999999999925,0
2024-05-09 09:00:00,0.0,0.0,0.19999999999999923,0
2024-05-09 10:00:00,0.1,0.1,0.29999999999999927,0
2024-05-09 11:00:00,0.1,0.2,0.39999999999999925,0
2024-05-09 12:00:00,1.5,1.7,1.8999999999999992,0
2024-05-09 13:00:00,1.0,2.7,2.8999999999999995,0
2024-05-09 14:00:00,0.1,2.8,2.999999999999999,0
2024-05-09 15:00:00,0.1,2.9,2.999999999999999,0
2024-05-09 16:00:00,0.2,3.0,3.099999999999999,0
2024-05-09 17:00:00,0.0,2.9,3.099999999999999,0
2024-05-09 18:00:00,0.4,1.8,3.499999999999999,0
2024-05-09 19:00:00,0.0,0.8,3.499999999999999,0
2024-05-09 20:00:00,0.0,0.7000000000000001,3.499999999999999,0
2024-05-09 21:00:00,0.0,0.6000000000000001,3.499999999999999,0
2024-05-09 22:00:00,0.0,0.4,3.499999999999999,0
2024-05-09 23:00:00,0.0,0.4,3.499999999999999,0
2024-05-10 00:00:00,0.0,0.0,3.499999999999999,0
2024-05-10 01:00:00,0.0,0.0,3.499999999999999,0
2024-05-10 02:00:00,0.0,0.0,3.499999999999999,0
2024-05-10 03:00:00,0.0,0.0,3.499999999999999,0
2024-05-10 04:00:00,0.0,0.0,3.499999999999999,0
2024-05-10 05:00:00,0.0,0.0,3.499999999999999,0
2024-05-10 06:00:00,0.0,0.0,3.499999999999999,0
2024-05-10 07:00:00,0.0,0.0,3.499999999999999,0
2024-05-10 08:00:00,0.0,0.0,3.499999999999999,0
2024-05-10 09:00:00,0.6,0.6,4.099999999999999,0
2024-05-10 10:00:00,0.7,1.2999999999999998,4.699999999999999,0
2024-05-10 11:00:00,0.0,1.2999999999999998,4.599999999999999,0
2024-05-10 12:00:00,0.4,1.7,3.499999999999999,0
2024-05-10 13:00:00,0.6,2.3,3.099999999999999,0
2024-05-10 14:00:00,1.2,3.5,4.199999999999999,0
2024-05-10 15:00:00,0.3,3.1999999999999997,4.3999999999999995,0
2024-05-10 16:00:00,0.0,2.5,4.199999999999999,0
2024-05-10 17:00:00,0.0,2.5,4.199999999999999,0
2024-05-10 18:00:00,0.0,2.0999999999999996,3.799999999999999,0
2024-05-10 19:00:00,0.0,1.5000000000000002,3.799999999999999,0
2024-05-10 20:00:00,0.0,0.3,3.799999999999999,0
2024-05-10 21:00:00,0.0,0.0,3.799999999999999,0
2024-05-10 22:00:00,0.0,0.0,3.799999999999999,0
2024-05-10 23:00:00,0.0,0.0,3.799999999999999,0
2024-05-11 00:00:00,0.0,0.0,3.799999999999999,0
2024-05-11 01:00:00,0.0,0.0,3.799999999999999,0
2024-05-11 02:00:00,0.0,0.0,3.799999999999999,0
2024-05-11 03:00:00,0.0,0.0,3.799999999999999,0
2024-05-11 04:00:00,0.0,0.0,3.799999999999999,0
2024-05-11 05:00:00,0.0,0.0,3.799999999999999,0
2024-05-11 06:00:00,0.0,0.0,3.799999999999999,0
2024-05-11 07:00:00,0.0,0.0,3.799999999999999,0
2024-05-11 08:00:00,0.0,0.0,3.799999999999999,0
2024-05-11 09:00:00,0.1,0.1,3.2999999999999994,0
2024-05-11 10:00:00,0.1,0.2,2.6999999999999993,0
2024-05-11 11:00:00,0.2,0.4,2.8999999999999995,0
2024-05-11 12:00:00,0.8,1.2000000000000002,3.2999999999999994,0
2024-05-11 13:00:00,0.7,1.9,3.3999999999999995,0
2024-05-11 14:00:00,0.7,2.6,2.8999999999999995,0
2024-05-11 15:00:00,0.1,2.6,2.6999999999999997,0
2024-05-11 16:00:00,0.1,2.5999999999999996,2.8,0
2024-05-11 17:00:00,0.0,2.4,2.8,0
2024-05-11 18:00:00,0.0,1.5999999999999999,2.8,0
2024-05-11 19:00:00,0.0,0.8999999999999999,2.8,0
2024-05-11 20:00:00,0.0,0.2,2.8,0
2024-05-11 21:00:00,0.0,0.1,2.8,0
2024-05-11 22:00:00,0.0,0.0,2.8,0
2024-05-11 23:00:00,0.0,0.0,2.8,0
2024-05-12 00:00:00,0.0,0.0,2.8,0
2024-05-12 01:00:00,0.0,0.0,2.8,0
2024-05-12 02:00:00,0.0,0.0,2.8,0
2024-05-12 03:00:00,0.0,0.0,2.8,0
2024-05-12 04:00:00,0.0,0.0,2.8,0
2024-05-12 05:00:00,0.0,0.0,2.8,0
2024-05-12 06:00:00,0.0,0.0,2.8,0
2024-05-12 07:00:00,0.0,0.0,2.8,0
2024-05-12 08:00:00,0.0,0.0,2.8,0
2024-05-12 09:00:00,0.1,0.1,2.7999999999999994,0
2024-05-12 10:00:00,0.1,0.2,2.7999999999999994,0
2024-05-12 11:00:00,0.1,0.30000000000000004,2.6999999999999993,0
2024-05-12 12:00:00,0.0,0.30000000000000004,1.8999999999999995,0
2024-05-12 13:00:00,0.1,0.4,1.2999999999999996,0
2024-05-12 14:00:00,0.1,0.5,0.6999999999999996,0
2024-05-12 15:00:00,0.1,0.5,0.6999999999999996,0
2024-05-12 16:00:00,2.4,2.8,2.9999999999999996,0
2024-05-12 17:00:00,0.2,2.9,3.1999999999999997,0
2024-05-12 18:00:00,0.2,3.0999999999999996,3.3999999999999995,0
2024-05-12 19:00:00,0.0,2.9999999999999996,3.3999999999999995,0
2024-05-12 20:00:00,0.0,2.9,3.3999999999999995,0
2024-05-12 21:00:00,0.0,2.8,3.3999999999999995,0
2024-05-12 22:00:00,0.0,0.4,3.3999999999999995,0
2024-05-12 23:00:00,0.0,0.2,3.3999999999999995,0
2024-05-13 00:00:00,0.0,0.0,3.3999999999999995,0
2024-05-13 01:00:00,0.0,0.0,3.3999999999999995,0
2024-05-13 02:00:00,0.0,0.0,3.3999999999999995,0
2024-05-13 03:00:00,0.0,0.0,3.3999999999999995,0
2024-05-13 04:00:00,0.0,0.0,3.3999999999999995,0
2024-05-13 05:00:00,0.0,0.0,3.3999999999999995,0
2024-05-13 06:00:00,0.0,0.0,3.3999999999999995,0
2024-05-13 07:00:00,0.0,0.0,3.3999999999999995,0
2024-05-13 08:00:00,0.0,0.0,3.3999999999999995,0
2024-05-13 09:00:00,0.0,0.0,3.2999999999999994,0
2024-05-13 10:00:00,0.1,0.1,3.2999999999999994,0
2024-05-13 11:00:00,0.1,0.2,3.2999999999999994,0
2024-05-13 12:00:00,0.0,0.2,3.2999999999999994,0
2024-05-13 13:00:00,0.1,0.30000000000000004,3.3,0
2024-05-13 14:00:00,0.0,0.30000000000000004,3.1999999999999997,0
2024-05-13 15:00:00,0.0,0.30000000000000004,3.0999999999999996,0
2024-05-13 16:00:00,1.0,1.2,1.6999999999999997,0
2024-05-13 17:00:00,0.1,1.2,1.5999999999999996,0
2024-05-13 18:00:00,0.3,1.5,1.6999999999999995,0
2024-05-13 19:00:00,0.1,1.5000000000000002,1.7999999999999998,0
2024-05-13 20:00:00,0.0,1.5000000000000002,1.7999999999999998,0
2024-05-13 21:00:00,0.0,1.5000000000000002,1.7999999999999998,0
2024-05-13 22:00:00,0.0,0.5000000000000001,1.7999999999999998,0
2024-05-13 23:00:00,0.0,0.40000000000000013,1.7999999999999998,0
2024-05-14 00:00:00,0.0,0.10000000000000012,1.7999999999999998,0
2024-05-14 01:00:00,0.0,0.0,1.7999999999999998,0
2024-05-14 02:00:00,0.0,0.0,1.7999999999999998,0
2024-05-14 03:00:00,0.0,0.0,1.7999999999999998,0
2024-05-14 04:00:00,0.0,0.0,1.7999999999999998,0
2024-05-14 05:00:00,0.0,0.0,1.7999999999999998,0
2024-05-14 06:00:00,0.0,0.0,1.7999999999999998,0
2024-05-14 07:00:00,0.0,0.0,1.7999999999999998,0
2024-05-14 08:00:00,0.1,0.10000000000000012,1.8999999999999997,0
2024-05-14 09:00:00,0.0,0.10000000000000012,1.8999999999999995,0
2024-05-14 10:00:00,0.0,0.10000000000000012,1.7999999999999996,0
2024-05-14 11:00:00,0.0,0.10000000000000012,1.6999999999999995,0
2024-05-14 12:00:00,0.0,0.10000000000000012,1.6999999999999995,0
2024-05-14 13:00:00,0.0,0.10000000000000012,1.5999999999999996,0
2024-05-14 14:00:00,0.4,0.40000000000000013,1.9999999999999998,0
2024-05-14 15:00:00,0.2,0.6000000000000001,2.1999999999999997,0
2024-05-14 16:00:00,0.0,0.6000000000000001,1.1999999999999997,0
2024-05-14 17:00:00,0.1,0.7000000000000002,1.1999999999999997,0
2024-05-14 18:00:00,0.0,0.7000000000000002,0.8999999999999997,0
2024-05-14 19:00:00,0.0,0.7000000000000002,0.7999999999999997,0
2024-05-14 20:00:00,0.0,0.30000000000000016,0.7999999999999997,0
2024-05-14 21:00:00,0.0,0.10000000000000012,0.7999999999999997,0
2024-05-14 22:00:00,0.0,0.10000000000000012,0.7999999999999997,0
2024-05-14 23:00:00,0.0,0.0,0.7999999999999997,0
2024-05-15 00:00:00,0.0,0.0,0.7999999999999997,0
2024-05-15 01:00:00,0.0,0.0,0.7999999999999997,0
2024-05-15 02:00:00,0.0,0.0,0.7999999999999997,0
2024-05-15 03:00:00,0.0,0.0,0.7999999999999997,0
2024-05-15 04:00:00,0.0,0.0,0.7999999999999997,0
2024-05-15 05:00:00,0.0,0.0,0.7999999999999997,0
2024-05-15 06:00:00,0.0,0.0,0.7999999999999997,0
2024-05-15 07:00:00,0.0,0.0,0.7999999999999997,0
2024-05-15 08:00:00,0.0,0.0,0.6999999999999997,0
2024-05-15 09:00:00,0.0,0.0,0.6999999999999997,0
2024-05-15 10:00:00,0.0,0.0,0.6999999999999997,0
2024-05-15 11:00:00,0.1,0.10000000000000012,0.7999999999999998,0
2024-05-15 12:00:00,0.1,0.20000000000000012,0.8999999999999998,0
2024-05-15 13:00:00,0.1,0.30000000000000016,0.9999999999999997,0
2024-05-15 14:00:00,0.3,0.6000000000000001,0.8999999999999997,0
2024-05-15 15:00:00,0.4,1.0,1.0999999999999996,0
2024-05-15 16:00:00,0.3,1.3,1.3999999999999997,0
2024-05-15 17:00:00,0.1,1.3,1.3999999999999997,0
2024-05-15 18:00:00,0.0,1.2000000000000002,1.3999999999999997,0
2024-05-15 19:00:00,0.0,1.1,1.3999999999999997,0
2024-05-15 20:00:00,0.0,0.8000000000000002,1.3999999999999997,0
2024-05-15 21:00:00,0.0,0.40000000000000013,1.3999999999999997,0
2024-05-15 22:00:00,0.0,0.10000000000000012,1.3999999999999997,0
2024-05-15 23:00:00,0.0,0.0,1.3999999999999997,0
2024-05-16 00:00:00,0.0,0.0,1.3999999999999997,0
2024-05-16 01:00:00,0.0,0.0,1.3999999999999997,0
2024-05-16 02:00:00,0.0,0.0,1.3999999999999997,0
2024-05-16 03:00:00,0.0,0.0,1.3999999999999997,0
2024-05-16 04:00:00,0.0,0.0,1.3999999999999997,0
2024-05-16 05:00:00,0.0,0.0,1.3999999999999997,0
2024-05-16 06:00:00,0.0,0.0,1.3999999999999997,0
2024-05-16 07:00:00,0.0,0.0,1.3999999999999997,0
2024-05-16 08:00:00,0.0,0.0,1.3999999999999997,0
2024-05-16 09:00:00,0.1,0.10000000000000012,1.4999999999999996,0
2024-05-16 10:00:00,0.1,0.20000000000000012,1.5999999999999996,0
2024-05-16 11:00:00,0.2,0.40000000000000013,1.6999999999999997,0
2024-05-16 12:00:00,0.2,0.6000000000000001,1.7999999999999996,0
2024-05-16 13:00:00,0.2,0.8000000000000002,1.9,0
2024-05-16 14:00:00,0.2,1.0000000000000002,1.7999999999999998,0
2024-05-16 15:00:00,0.1,1.0000000000000002,1.4999999999999996,0
2024-05-16 16:00:00,0.1,1.0,1.2999999999999998,0
2024-05-16 17:00:00,0.1,0.9000000000000001,1.2999999999999998,0
2024-05-16 18:00:00,0.0,0.7000000000000002,1.2999999999999998,0
2024-05-16 19:00:00,0.0,0.5000000000000001,1.2999999999999998,0
2024-05-16 20:00:00,0.0,0.30000000000000016,1.2999999999999998,0
2024-05-16 21:00:00,0.0,0.20000000000000012,1.2999999999999998,0
2024-05-16 22:00:00,0.0,0.10000000000000012,1.2999999999999998,0
2024-05-16 23:00:00,0.0,0.0,1.2999999999999998,0
2024-05-17 00:00:00,0.0,0.0,1.2999999999999998,0
2024-05-17 01:00:00,0.0,0.0,1.2999999999999998,0
2024-05-17 02:00:00,0.0,0.0,1.2999999999999998,0
2024-05-17 03:00:00,0.0,0.0,1.2999999999999998,0
2024-05-17 04:00:00,0.0,0.0,1.2999999999999998,0
2024-05-17 05:00:00,0.0,0.0,1.2999999999999998,0
2024-05-17 06:00:00,0.0,0.0,1.2999999999999998,0
2024-05-17 07:00:00,0.0,0.0,1.2999999999999998,0
2024-05-17 08:00:00,0.0,0.0,1.2999999999999998,0
2024-05-17 09:00:00,0.1,0.10000000000000012,1.2999999999999996,0
2024-05-17 10:00:00,0.2,0.30000000000000016,1.4,0
2024-05-17 11:00:00,0.2,0.5000000000000001,1.3999999999999997,0
2024-05-17 12:00:00,0.2,0.7000000000000002,1.3999999999999997,0
2024-05-17 13:00:00,0.4,1.1,1.5999999999999996,0
2024-05-17 14:00:00,0.1,1.2000000000000002,1.4999999999999998,0
2024-05-17 15:00:00,0.3,1.4000000000000001,1.6999999999999997,0
2024-05-17 16:00:00,0.3,1.5000000000000002,1.8999999999999997,0
2024-05-17 17:00:00,1.0,2.3000000000000003,2.8,0
2024-05-17 18:00:00,0.1,2.2,2.9,0
2024-05-17 19:00:00,0.0,1.8000000000000003,2.9,0
2024-05-17 20:00:00,0.1,1.8,3.0,0
2024-05-17 21:00:00,0.0,1.5,3.0,0
2024-05-17 22:00:00,0.0,1.2000000000000002,3.0,0
2024-05-17 23:00:00,0.0,0.20000000000000023,3.0,0
2024-05-18 00:00:00,0.0,0.10000000000000023,3.0,0
2024-05-18 01:00:00,0.0,0.10000000000000023,3.0,0
2024-05-18 02:00:00,0.0,0.0,3.0,0
2024-05-18 03:00:00,0.0,0.0,3.0,0
2024-05-18 04:00:00,0.0,0.0,3.0,0
2024-05-18 05:00:00,0.0,0.0,3.0,0
2024-05-18 06:00:00,0.0,0.0,3.0,0
2024-05-18 07:00:00,0.0,0.0,3.0,0
2024-05-18 08:00:00,0.0,0.0,3.0,0
2024-05-18 09:00:00,0.0,0.0,2.9,0
2024-05-18 10:00:00,0.0,0.0,2.6999999999999997,0
2024-05-18 11:00:00,0.0,0.0,2.5,0
2024-05-18 12:00:00,0.0,0.0,2.3,0
2024-05-18 13:00:00,0.0,0.0,1.8999999999999997,0
2024-05-18 14:00:00,0.6,0.6000000000000002,2.3999999999999995,0
2024-05-18 15:00:00,0.2,0.8000000000000003,2.3,0
2024-05-18 16:00:00,0.0,0.8000000000000003,1.9999999999999998,0
2024-05-18 17:00:00,0.0,0.8000000000000003,0.9999999999999998,0
2024-05-18 18:00:00,0.0,0.8000000000000003,0.8999999999999999,0
2024-05-18 19:00:00,0.0,0.8000000000000003,0.8999999999999999,0
2024-05-18 20:00:00,0.0,0.20000000000000023,0.7999999999999998,0
2024-05-18 21:00:00,0.0,0.0,0.7999999999999998,0
2024-05-18 22:00:00,0.0,0.0,0.7999999999999998,0
2024-05-18 23:00:00,0.0,0.0,0.7999999999999998,0
2024-05-19 00:00:00,0.0,0.0,0.7999999999999998,0
2024-05-19 01:00:00,0.0,0.0,0.7999999999999998,0
2024-05-19 02:00:00,0.0,0.0,0.7999999999999998,0
2024-05-19 03:00:00,0.0,0.0,0.7999999999999998,0
2024-05-19 04:00:00,0.0,0.0,0.7999999999999998,0
2024-05-19 05:00:00,0.0,0.0,0.7999999999999998,0
2024-05-19 06:00:00,0.0,0.0,0.7999999999999998,0
2024-05-19 07:00:00,0.0,0.0,0.7999999999999998,0
2024-05-19 08:00:00,0.0,0.0,0.7999999999999998,0
2024-05-19 09:00:00,0.0,0.0,0.7999999999999998,0
2024-05-19 10:00:00,0.0,0.0,0.7999999999999998,0
2024-05-19 11:00:00,0.0,0.0,0.7999999999999998,0
2024-05-19 12:00:00,0.3,0.3000000000000002,1.0999999999999996,0
2024-05-19 13:00:00,0.2,0.5000000000000002,1.2999999999999998,0
2024-05-19 14:00:00,0.2,0.7000000000000002,0.8999999999999999,0
2024-05-19 15:00:00,1.3,2.0,2.0,0
2024-05-19 16:00:00,0.3,2.3000000000000003,2.3,0
2024-05-19 17:00:00,0.2,2.5,2.5,0
2024-05-19 18:00:00,0.4,2.6000000000000005,2.9,0
2024-05-19 19:00:00,0.1,2.5000000000000004,3.0,0
2024-05-19 20:00:00,0.0,2.3000000000000003,3.0,0
2024-05-19 21:00:00,0.0,1.0000000000000002,3.0,0
2024-05-19 22:00:00,0.0,0.7000000000000002,3.0,0
2024-05-19 23:00:00,0.0,0.5000000000000002,3.0,0
2024-05-20 00:00:00,0.0,0.10000000000000023,3.0,0
2024-05-20 01:00:00,0.0,0.0,3.0,0
2024-05-20 02:00:00,0.0,0.0,3.0,0
2024-05-20 03:00:00,0.0,0.0,3.0,0
2024-05-20 04:00:00,0.0,0.0,3.0,0
2024-05-20 05:00:00,0.0,0.0,3.0,0
2024-05-20 06:00:00,0.0,0.0,3.0,0
2024-05-20 07:00:00,0.0,0.0,3.0,0
2024-05-20 08:00:00,0.0,0.0,3.0,0
2024-05-20 09:00:00,0.0,0.0,3.0,0
2024-05-20 10:00:00,0.1,0.10000000000000023,3.1,0
2024-05-20 11:00:00,0.3,0.40000000000000024,3.4,0
2024-05-20 12:00:00,0.2,0.6000000000000002,3.3,0
2024-05-20 13:00:00,0.0,0.6000000000000002,3.1,0
2024-05-20 14:00:00,0.1,0.7000000000000002,3.0,0
2024-05-20 15:00:00,0.3,1.0000000000000002,2.0,0
2024-05-20 16:00:00,0.0,0.9000000000000002,1.7,0
2024-05-20 17:00:00,0.0,0.6000000000000002,1.5,0
2024-05-20 18:00:00,0.0,0.4000000000000002,1.1,0
2024-05-20 19:00:00,1.4,1.8,2.4,0
2024-05-20 20:00:00,0.5,2.2,2.9,0
2024-05-20 21:00:00,0.0,1.9000000000000001,2.9,0
2024-05-20 22:00:00,0.0,1.9,2.9,0
2024-05-20 23:00:00,0.0,1.9,2.9,0
2024-05-21 00:00:00,0.0,1.9,2.9,0
2024-05-21 01:00:00,0.0,0.5,2.9,0
2024-05-21 02:00:00,0.0,0.0,2.9,0
2024-05-21 03:00:00,0.0,0.0,2.9,0
2024-05-21 04:00:00,0.0,0.0,2.9,0
2024-05-21 05:00:00,0.0,0.0,2.9,0
2024-05-21 06:00:00,0.0,0.0,2.9,0
2024-05-21 07:00:00,0.0,0.0,2.9,0
2024-05-21 08:00:00,0.0,0.0,2.9,0
2024-05-21 09:00:00,0.0,0.0,2.9,0
2024-05-21 10:00:00,0.0,0.0,2.8,0
2024-05-21 11:00:00,0.2,0.2,2.7,0
2024-05-21 12:00:00,0.4,0.6000000000000001,2.9,0
2024-05-21 13:00:00,0.0,0.6000000000000001,2.9,0
2024-05-21 14:00:00,2.1,2.7,4.9,0
2024-05-21 15:00:00,0.2,2.9000000000000004,4.8,0
2024-05-21 16:00:00,0.0,2.9000000000000004,4.8,0
2024-05-21 17:00:00,0.0,2.7,4.8,0
2024-05-21 18:00:00,0.0,2.3000000000000003,4.8,0
2024-05-21 19:00:00,0.0,2.3000000000000003,3.4000000000000004,0
2024-05-21 20:00:00,0.0,0.2,2.9000000000000004,0
2024-05-21 21:00:00,0.0,0.0,2.9000000000000004,0
2024-05-21 22:00:00,0.0,0.0,2.9000000000000004,0
2024-05-21 23:00:00,0.0,0.0,2.9000000000000004,0
2024-05-22 00:00:00,0.0,0.0,2.9000000000000004,0
2024-05-22 01:00:00,0.0,0.0,2.9000000000000004,0
2024-05-22 02:00:00,0.0,0.0,2.9000000000000004,0
2024-05-22 03:00:00,0.0,0.0,2.9000000000000004,0
2024-05-22 04:00:00,0.0,0.0,2.9000000000000004,0
2024-05-22 05:00:00,0.0,0.0,2.9000000000000004,0
2024-05-22 06:00:00,0.0,0.0,2.9000000000000004,0
2024-05-22 07:00:00,0.0,0.0,2.9000000000000004,0
2024-05-22 08:00:00,0.0,0.0,2.9000000000000004,0
2024-05-22 09:00:00,0.0,0.0,2.9000000000000004,0
2024-05-22 10:00:00,0.2,0.2,3.1,0
2024-05-22 11:00:00,0.1,0.30000000000000004,3.0,0
2024-05-22 12:00:00,0.2,0.5,2.8000000000000003,0
2024-05-22 13:00:00,0.1,0.6000000000000001,2.9000000000000004,0
2024-05-22 14:00:00,0.0,0.6000000000000001,0.8,0
2024-05-22 15:00:00,0.0,0.6000000000000001,0.6000000000000001,0
2024-05-22 16:00:00,0.0,0.4,0.6000000000000001,0
2024-05-22 17:00:00,0.0,0.30000000000000004,0.6000000000000001,0
2024-05-22 18:00:00,0.0,0.1,0.6000000000000001,0
2024-05-22 19:00:00,0.0,0.0,0.6000000000000001,0
2024-05-22 20:00:00,0.0,0.0,0.6000000000000001,0
2024-05-22 21:00:00,0.0,0.0,0.6000000000000001,0
2024-05-22 22:00:00,0.0,0.0,0.6000000000000001,0
2024-05-22 23:00:00,0.0,0.0,0.6000000000000001,0
2024-05-23 00:00:00,0.0,0.0,0.6000000000000001,0
2024-05-23 01:00:00,0.0,0.0,0.6000000000000001,0
2024-05-23 02:00:00,0.0,0.0,0.6000000000000001,0
2024-05-23 03:00:00,0.0,0.0,0.6000000000000001,0
2024-05-23 04:00:00,0.0,0.0,0.6000000000000001,0
2024-05-23 05:00:00,0.0,0.0,0.6000000000000001,0
2024-05-23 06:00:00,0.0,0.0,0.6000000000000001,0
2024-05-23 07:00:00,0.0,0.0,0.6000000000000001,0
2024-05-23 08:00:00,0.1,0.1,0.7000000000000001,0
2024-05-23 09:00:00,0.0,0.1,0.7,0
2024-05-23 10:00:00,0.0,0.1,0.5,0
2024-05-23 11:00:00,0.0,0.1,0.4,0
2024-05-23 12:00:00,0.0,0.1,0.2,0
2024-05-23 13:00:00,0.0,0.1,0.1,0
2024-05-23 14:00:00,0.0,0.0,0.1,0
2024-05-23 15:00:00,0.1,0.1,0.2,0
2024-05-23 16:00:00,0.1,0.2,0.30000000000000004,0
2024-05-23 17:00:00,0.0,0.2,0.30000000000000004,0
2024-05-23 18:00:00,0.0,0.2,0.30000000000000004,0
2024-05-23 19:00:00,0.0,0.2,0.30000000000000004,0
2024-05-23 20:00:00,0.0,0.2,0.30000000000000004,0
2024-05-23 21:00:00,0.0,0.1,0.30000000000000004,0
2024-05-23 22:00:00,0.0,0.0,0.30000000000000004,0
2024-05-23 23:00:00,0.0,0.0,0.30000000000000004,0
2024-05-24 00:00:00,0.0,0.0,0.30000000000000004,0
2024-05-24 01:00:00,0.0,0.0,0.30000000000000004,0
2024-05-24 02:00:00,0.0,0.0,0.30000000000000004,0
2024-05-24 03:00:00,0.0,0.0,0.30000000000000004,0
2024-05-24 04:00:00,0.0,0.0,0.30000000000000004,0
2024-05-24 05:00:00,0.0,0.0,0.30000000000000004,0
2024-05-24 06:00:00,0.0,0.0,0.30000000000000004,0
2024-05-24 07:00:00,0.0,0.0,0.30000000000000004,0
2024-05-24 08:00:00,0.0,0.0,0.2,0
2024-05-24 09:00:00,0.0,0.0,0.2,0
2024-05-24 10:00:00,0.0,0.0,0.2,0
2024-05-24 11:00:00,0.0,0.0,0.2,0
2024-05-24 12:00:00,0.0,0.0,0.2,0
2024-05-24 13:00:00,0.0,0.0,0.2,0
2024-05-24 14:00:00,0.0,0.0,0.2,0
2024-05-24 15:00:00,1.4,1.4,1.5,0
2024-05-24 16:00:00,3.6,5.0,5.0,0
2024-05-24 17:00:00,0.2,5.2,5.2,0
2024-05-24 18:00:00,0.0,5.2,5.2,0
2024-05-24 19:00:00,0.0,5.2,5.2,0
2024-05-24 20:00:00,0.2,5.4,5.4,0
2024-05-24 21:00:00,0.0,3.9999999999999996,5.4,0
2024-05-24 22:00:00,0.0,0.4,5.4,0
2024-05-24 23:00:00,0.0,0.2,5.4,0
2024-05-25 00:00:00,0.0,0.2,5.4,0
2024-05-25 01:00:00,0.0,0.2,5.4,0
2024-05-25 02:00:00,0.5,0.5,5.9,0
2024-05-25 03:00:00,0.6,1.1,6.5,0
2024-05-25 04:00:00,0.5,1.6,7.0,0
2024-05-25 05:00:00,1.1,2.7,8.1,0
2024-05-25 06:00:00,1.7,4.4,9.8,0
2024-05-25 07:00:00,1.0,5.4,10.8,0
2024-05-25 08:00:00,3.6,8.5,14.4,0
2024-05-25 09:00:00,6.0,13.9,20.4,0
2024-05-25 10:00:00,4.6,18.0,25.0,0
2024-05-25 11:00:00,1.4,18.299999999999997,26.4,0
2024-05-25 12:00:00,1.4,18.0,27.8,0
2024-05-25 13:00:00,2.4,19.4,30.2,0
2024-05-25 14:00:00,0.5,16.3,30.7,0
2024-05-25 15:00:00,0.3,10.6,29.6,0
2024-05-25 16:00:00,0.3,6.3,26.3,0
2024-05-25 17:00:00,0.7,5.6000000000000005,26.8,0
2024-05-25 18:00:00,5.5,9.7,32.3,0
2024-05-25 19:00:00,0.0,7.3,32.3,0
2024-05-25 20:00:00,0.1,6.9,32.199999999999996,0
2024-05-25 21:00:00,0.7,7.3,32.9,0
2024-05-25 22:00:00,0.2,7.2,33.099999999999994,0
2024-05-25 23:00:00,1.8,8.3,34.9,0
2024-05-26 00:00:00,3.0,5.8,37.9,0
2024-05-26 01:00:00,2.8,8.6,40.699999999999996,0
2024-05-26 02:00:00,1.1,9.6,41.3,0
2024-05-26 03:00:00,2.3,11.2,43.0,0
2024-05-26 04:00:00,0.7,11.7,43.2,0
2024-05-26 05:00:00,0.0,9.899999999999999,42.1,0
2024-05-26 06:00:00,0.2,7.1,40.6,0
2024-05-26 07:00:00,0.0,4.3,39.6,0
2024-05-26 08:00:00,0.0,3.1999999999999997,36.0,0
2024-05-26 09:00:00,0.9,1.8,30.9,0
2024-05-26 10:00:00,0.8,1.9000000000000001,27.1,0
2024-05-26 11:00:00,0.2,2.1,25.900000000000002,0
2024-05-26 12:00:00,0.9,2.8000000000000003,25.4,0
2024-05-26 13:00:00,0.7,3.5,23.7,0
2024-05-26 14:00:00,1.2,4.7,24.4,0
2024-05-26 15:00:00,3.9,7.699999999999999,28.0,0
2024-05-26 16:00:00,2.0,8.9,29.7,0
2024-05-26 17:00:00,3.8,12.5,32.8,0
2024-05-26 18:00:00,2.6,14.2,29.9,0
2024-05-26 19:00:00,4.8,18.299999999999997,34.7,0
2024-05-26 20:00:00,6.7,23.8,41.3,0
2024-05-26 21:00:00,0.7,20.6,41.300000000000004,0
2024-05-26 22:00:00,0.4,19.0,41.5,0
2024-05-26 23:00:00,0.5,15.700000000000001,40.2,0
2024-05-27 00:00:00,1.3,14.4,38.5,0
2024-05-27 01:00:00,2.4,12.0,38.099999999999994,0
2024-05-27 02:00:00,2.7,8.0,39.699999999999996,0
2024-05-27 03:00:00,2.3,9.6,39.7,0
2024-05-27 04:00:00,2.0,11.2,41.0,0
2024-05-27 05:00:00,1.7,12.399999999999999,42.699999999999996,0
2024-05-27 06:00:00,2.8,13.9,45.3,0
2024-05-27 07:00:00,2.1,13.6,47.4,0
2024-05-27 08:00:00,3.4,14.299999999999999,50.8,0
2024-05-27 09:00:00,3.2,15.2,53.1,0
2024-05-27 10:00:00,0.5,13.7,52.8,0
2024-05-27 11:00:00,0.3,12.3,52.900000000000006,0
2024-05-27 12:00:00,0.3,9.8,52.3,0
2024-05-27 13:00:00,0.2,7.9,51.800000000000004,0
2024-05-27 14:00:00,0.2,4.7,50.8,0
2024-05-27 15:00:00,0.2,1.7,47.1,0
2024-05-27 16:00:00,2.8,4.0,47.9,0
2024-05-27 17:00:00,1.9,5.6,46.0,0
2024-05-27 18:00:00,0.1,5.4,43.5,0
2024-05-27 19:00:00,0.0,5.2,38.7,0
2024-05-27 20:00:00,0.0,5.0,32.0,0
2024-05-27 21:00:00,0.0,4.8,31.3,0
2024-05-27 22:00:00,0.0,2.0,30.9,0
2024-05-27 23:00:00,0.0,0.1,30.4,0
2024-05-28 00:00:00,0.0,0.0,29.099999999999998,0
2024-05-28 01:00:00,0.0,0.0,26.7,0
2024-05-28 02:00:00,0.0,0.0,24.0,0
2024-05-28 03:00:00,0.1,0.1,21.8,0
2024-05-28 04:00:00,0.1,0.2,19.9,0
2024-05-28 05:00:00,0.1,0.30000000000000004,18.3,0
2024-05-28 06:00:00,0.2,0.5,15.7,0
2024-05-28 07:00:00,2.4,2.9,16.0,0
2024-05-28 08:00:00,1.0,3.9,13.6,0
2024-05-28 09:00:00,0.1,3.9,10.499999999999998,0
2024-05-28 10:00:00,0.2,3.9999999999999996,10.200000000000001,0
2024-05-28 11:00:00,0.1,4.0,10.0,0
2024-05-28 12:00:00,0.3,4.1,10.0,0
2024-05-28 13:00:00,0.0,1.7,9.8,0
2024-05-28 14:00:00,0.3,1.0,9.9,0
2024-05-28 15:00:00,0.2,1.1,9.9,0
2024-05-28 16:00:00,0.0,0.8999999999999999,7.1,0
2024-05-28 17:00:00,0.0,0.8,5.199999999999999,0
2024-05-28 18:00:00,0.0,0.49999999999999994,5.1,0
2024-05-28 19:00:00,0.0,0.5,5.1,0
2024-05-28 20:00:00,0.0,0.2,5.1,0
2024-05-28 21:00:00,0.0,0.0,5.1,0
2024-05-28 22:00:00,0.0,0.0,5.1,0
2024-05-28 23:00:00,0.0,0.0,5.1,0
2024-05-29 00:00:00,0.0,0.0,5.1,0
2024-05-29 01:00:00,0.1,0.1,5.2,0
2024-05-29 02:00:00,0.1,0.2,5.3,0
2024-05-29 03:00:00,0.0,0.2,5.2,0
2024-05-29 04:00:00,0.0,0.2,5.1,0
2024-05-29 05:00:00,0.0,0.2,5.0,0
2024-05-29 06:00:00,0.0,0.2,4.8,0
2024-05-29 07:00:00,0.0,0.1,2.4,0
2024-05-29 08:00:00,0.0,0.0,1.4,0
2024-05-29 09:00:00,0.0,0.0,1.2999999999999998,0
2024-05-29 10:00:00,0.1,0.1,1.2,0
2024-05-29 11:00:00,0.1,0.2,1.2000000000000002,0
2024-05-29 12:00:00,0.0,0.2,0.9000000000000001,0
2024-05-29 13:00:00,0.0,0.2,0.9000000000000001,0
2024-05-29 14:00:00,0.0,0.2,0.6000000000000001,0
2024-05-29 15:00:00,0.0,0.2,0.4,0
2024-05-29 16:00:00,0.0,0.1,0.4,0
2024-05-29 17:00:00,0.0,0.0,0.4,0
2024-05-29 18:00:00,0.0,0.0,0.4,0
2024-05-29 19:00:00,0.0,0.0,0.4,0
2024-05-29 20:00:00,0.0,0.0,0.4,0
2024-05-29 21:00:00,0.0,0.0,0.4,0
2024-05-29 22:00:00,0.0,0.0,0.4,0
2024-05-29 23:00:00,0.0,0.0,0.4,0
2024-05-30 00:00:00,0.0,0.0,0.4,0
2024-05-30 01:00:00,0.0,0.0,0.30000000000000004,0
2024-05-30 02:00:00,0.0,0.0,0.2,0
2024-05-30 03:00:00,0.0,0.0,0.2,0
2024-05-30 04:00:00,0.0,0.0,0.2,0
2024-05-30 05:00:00,0.0,0.0,0.2,0
2024-05-30 06:00:00,0.0,0.0,0.2,0
2024-05-30 07:00:00,0.0,0.0,0.2,0
2024-05-30 08:00:00,0.0,0.0,0.2,0
2024-05-30 09:00:00,0.1,0.1,0.30000000000000004,0
2024-05-30 10:00:00,0.0,0.1,0.2,0
2024-05-30 11:00:00,0.1,0.2,0.2,0
2024-05-30 12:00:00,0.1,0.30000000000000004,0.30000000000000004,0
2024-05-30 13:00:00,0.1,0.4,0.4,0
2024-05-30 14:00:00,0.0,0.4,0.4,0
2024-05-30 15:00:00,0.0,0.30000000000000004,0.4,0
2024-05-30 16:00:00,0.0,0.30000000000000004,0.4,0
2024-05-30 17:00:00,0.0,0.2,0.4,0
2024-05-30 18:00:00,0.0,0.1,0.4,0
2024-05-30 19:00:00,0.0,0.0,0.4,0
2024-05-30 20:00:00,0.0,0.0,0.4,0
2024-05-30 21:00:00,0.0,0.0,0.4,0
2024-05-30 22:00:00,0.0,0.0,0.4,0
2024-05-30 23:00:00,0.0,0.0,0.4,0
2024-05-31 00:00:00,0.0,0.0,0.4,0
2024-05-31 01:00:00,0.0,0.0,0.4,0
2024-05-31 02:00:00,0.0,0.0,0.4,0
2024-05-31 03:00:00,0.0,0.0,0.4,0
2024-05-31 04:00:00,0.0,0.0,0.4,0
2024-05-31 05:00:00,0.0,0.0,0.4,0
2024-05-31 06:00:00,0.0,0.0,0.4,0
2024-05-31 07:00:00,0.0,0.0,0.4,0
2024-05-31 08:00:00,0.0,0.0,0.4,0
2024-05-31 09:00:00,0.3,0.3,0.6000000000000001,0
2024-05-31 10:00:00,0.4,0.7,1.0,0
2024-05-31 11:00:00,0.6,1.3,1.5,0
2024-05-31 12:00:00,0.2,1.5,1.6,0
2024-05-31 13:00:00,0.1,1.6,1.6,0
2024-05-31 14:00:00,0.0,1.6,1.6,0
2024-05-31 15:00:00,0.0,1.3,1.6,0
2024-05-31 16:00:00,0.0,0.9000000000000001,1.6,0
2024-05-31 17:00:00,0.0,0.30000000000000004,1.6,0
2024-05-31 18:00:00,0.0,0.1,1.6,0
2024-05-31 19:00:00,0.0,0.0,1.6,0
2024-05-31 20:00:00,0.0,0.0,1.6,0
2024-05-31 21:00:00,0.0,0.0,1.6,0
2024-05-31 22:00:00,0.0,0.0,1.6,0
2024-05-31 23:00:00,0.0,0.0,1.6,0
2024-06-01 00:00:00,0.0,0.0,1.6,0
2024-06-01 01:00:00,0.0,0.0,1.6,0
2024-06-01 02:00:00,0.0,0.0,1.6,0
2024-06-01 03:00:00,0.0,0.0,1.6,0
2024-06-01 04:00:00,0.0,0.0,1.6,0
2024-06-01 05:00:00,0.0,0.0,1.6,0
2024-06-01 06:00:00,0.0,0.0,1.6,0
2024-06-01 07:00:00,0.0,0.0,1.6,0
2024-06-01 08:00:00,0.0,0.0,1.6,0
2024-06-01 09:00:00,0.2,0.2,1.5,0
2024-06-01 10:00:00,0.1,0.30000000000000004,1.2000000000000002,0
2024-06-01 11:00:00,0.1,0.4,0.7000000000000001,0
2024-06-01 12:00:00,0.0,0.4,0.5,0
2024-06-01 13:00:00,0.0,0.4,0.4,0
2024-06-01 14:00:00,0.0,0.4,0.4,0
2024-06-01 15:00:00,0.0,0.2,0.4,0
2024-06-01 16:00:00,0.0,0.1,0.4,0
2024-06-01 17:00:00,0.0,0.0,0.4,0
2024-06-01 18:00:00,0.0,0.0,0.4,0
2024-06-01 19:00:00,0.0,0.0,0.4,0
2024-06-01 20:00:00,0.0,0.0,0.4,0
2024-06-01 21:00:00,0.5,0.5,0.9,0
2024-06-01 22:00:00,0.0,0.5,0.9,0
2024-06-01 23:00:00,0.0,0.5,0.9,0
2024-06-02 00:00:00,0.0,0.5,0.9,0
2024-06-02 01:00:00,0.0,0.5,0.9,0
2024-06-02 02:00:00,0.0,0.5,0.9,0
2024-06-02 03:00:00,0.0,0.0,0.9,0
2024-06-02 04:00:00,0.4,0.4,1.3,0
2024-06-02 05:00:00,0.1,0.5,1.4000000000000001,0
2024-06-02 06:00:00,0.0,0.5,1.4000000000000001,0
2024-06-02 07:00:00,0.0,0.5,1.4000000000000001,0
2024-06-02 08:00:00,0.0,0.5,1.4000000000000001,0
2024-06-02 09:00:00,0.2,0.7000000000000001,1.4000000000000001,0
2024-06-02 10:00:00,0.2,0.5,1.5,0
2024-06-02 11:00:00,0.0,0.4,1.4000000000000001,0
2024-06-02 12:00:00,0.1,0.5,1.5000000000000002,0
2024-06-02 13:00:00,0.0,0.5,1.5000000000000002,0
2024-06-02 14:00:00,0.9,1.4000000000000001,2.4000000000000004,0
2024-06-02 15:00:00,1.5,2.7,3.9000000000000004,0
2024-06-02 16:00:00,0.1,2.6,4.0,0
2024-06-02 17:00:00,0.0,2.6,4.0,0
2024-06-02 18:00:00,0.0,2.5,4.0,0
2024-06-02 19:00:00,2.7,5.2,6.7,0
2024-06-02 20:00:00,0.5,4.800000000000001,7.2,0
2024-06-02 21:00:00,1.6,4.9,8.3,0
2024-06-02 22:00:00,0.0,4.800000000000001,8.3,0
2024-06-02 23:00:00,0.0,4.800000000000001,8.3,0
2024-06-03 00:00:00,0.0,4.800000000000001,8.3,0
2024-06-03 01:00:00,0.0,2.1,8.3,0
2024-06-03 02:00:00,0.0,1.6,8.3,0
2024-06-03 03:00:00,0.0,0.0,8.3,0
2024-06-03 04:00:00,0.0,0.0,7.9,0
2024-06-03 05:00:00,0.0,0.0,7.800000000000001,0
2024-06-03 06:00:00,0.0,0.0,7.800000000000001,0
2024-06-03 07:00:00,0.0,0.0,7.800000000000001,0
2024-06-03 08:00:00,0.0,0.0,7.800000000000001,0
2024-06-03 09:00:00,0.0,0.0,7.6,0
2024-06-03 10:00:00,0.0,0.0,7.4,0
2024-06-03 11:00:00,0.1,0.1,7.5,0
2024-06-03 12:00:00,0.0,0.1,7.4,0
2024-06-03 13:00:00,0.0,0.1,7.4,0
2024-06-03 14:00:00,0.2,0.30000000000000004,6.7,0
2024-06-03 15:00:00,0.0,0.30000000000000004,5.2,0
2024-06-03 16:00:00,0.0,0.30000000000000004,5.1000000000000005,0
2024-06-03 17:00:00,0.0,0.2,5.1000000000000005,0
2024-06-03 18:00:00,0.0,0.2,5.1000000000000005,0
2024-06-03 19:00:00,0.0,0.2,2.4,0
2024-06-03 20:00:00,0.0,0.0,1.9000000000000001,0
2024-06-03 21:00:00,0.0,0.0,0.30000000000000004,0
2024-06-03 22:00:00,0.0,0.0,0.30000000000000004,0
2024-06-03 23:00:00,0.0,0.0,0.30000000000000004,0
2024-06-04 00:00:00,0.0,0.0,0.30000000000000004,0
2024-06-04 01:00:00,0.0,0.0,0.30000000000000004,0
2024-06-04 02:00:00,0.8,0.8,1.1,0
2024-06-04 03:00:00,0.9,1.7000000000000002,2.0,0
2024-06-04 04:00:00,3.5,5.2,5.5,0
2024-06-04 05:00:00,0.1,5.3,5.6,0
2024-06-04 06:00:00,0.0,5.3,5.6,0
2024-06-04 07:00:00,0.0,5.3,5.6,0
2024-06-04 08:00:00,0.0,4.5,5.6,0
2024-06-04 09:00:00,0.1,3.7,5.7,0
2024-06-04 10:00:00,0.3,0.5,6.0,0
2024-06-04 11:00:00,0.5,0.9,6.4,0
2024-06-04 12:00:00,0.5,1.4,6.9,0
2024-06-04 13:00:00,0.1,1.5,7.0,0
2024-06-04 14:00:00,0.1,1.6,6.9,0
2024-06-04 15:00:00,0.1,1.5999999999999999,7.0,0
2024-06-04 16:00:00,0.3,1.5999999999999999,7.3,0
2024-06-04 17:00:00,0.2,1.3,7.5,0
2024-06-04 18:00:00,0.1,0.9,7.6000000000000005,0
2024-06-04 19:00:00,0.0,0.8,7.6000000000000005,0
2024-06-04 20:00:00,0.0,0.7,7.6000000000000005,0
2024-06-04 21:00:00,0.0,0.6,7.6000000000000005,0
2024-06-04 22:00:00,0.0,0.30000000000000004,7.6000000000000005,0
2024-06-04 23:00:00,0.0,0.1,7.6000000000000005,0
2024-06-05 00:00:00,0.0,0.0,7.6000000000000005,0
2024-06-05 01:00:00,0.0,0.0,7.6000000000000005,0
2024-06-05 02:00:00,0.0,0.0,6.800000000000001,0
2024-06-05 03:00:00,0.0,0.0,5.9,0
2024-06-05 04:00:00,0.0,0.0,2.4,0
2024-06-05 05:00:00,0.0,0.0,2.3,0
2024-06-05 06:00:00,0.0,0.0,2.3,0
2024-06-05 07:00:00,0.0,0.0,2.3,0
2024-06-05 08:00:00,0.0,0.0,2.3,0
2024-06-05 09:00:00,0.0,0.0,2.1999999999999997,0
2024-06-05 10:00:00,0.2,0.2,2.1,0
2024-06-05 11:00:00,1.6,1.8,3.2,0
2024-06-05 12:00:00,10.7,12.5,13.399999999999999,0
2024-06-05 13:00:00,0.7,13.2,13.999999999999998,0
2024-06-05 14:00:00,0.3,13.5,14.2,0
2024-06-05 15:00:00,0.1,13.6,14.199999999999998,0
2024-06-05 16:00:00,0.0,13.4,13.899999999999999,0
2024-06-05 17:00:00,0.0,11.799999999999999,13.699999999999998,0
2024-06-05 18:00:00,0.0,1.0999999999999999,13.599999999999998,0
2024-06-05 19:00:00,0.0,0.4,13.599999999999998,0
2024-06-05 20:00:00,0.0,0.1,13.599999999999998,0
2024-06-05 21:00:00,0.0,0.0,13.599999999999998,0
2024-06-05 22:00:00,0.0,0.0,13.599999999999998,0
2024-06-05 23:00:00,0.0,0.0,13.599999999999998,0
2024-06-06 00:00:00,0.0,0.0,13.599999999999998,0
2024-06-06 01:00:00,0.0,0.0,13.599999999999998,0
2024-06-06 02:00:00,0.0,0.0,13.599999999999998,0
2024-06-06 03:00:00,0.0,0.0,13.599999999999998,0
2024-06-06 04:00:00,0.0,0.0,13.599999999999998,0
2024-06-06 05:00:00,0.0,0.0,13.599999999999998,0
2024-06-06 06:00:00,0.0,0.0,13.599999999999998,0
2024-06-06 07:00:00,0.0,0.0,13.599999999999998,0
2024-06-06 08:00:00,0.1,0.1,13.699999999999998,0
2024-06-06 09:00:00,0.1,0.2,13.799999999999999,0
2024-06-06 10:00:00,0.1,0.30000000000000004,13.7,0
2024-06-06 11:00:00,0.2,0.5,12.299999999999997,0
2024-06-06 12:00:00,0.1,0.6000000000000001,1.6999999999999982,0
2024-06-06 13:00:00,2.5,3.1,3.4999999999999982,0
2024-06-06 14:00:00,0.5,3.5,3.6999999999999984,0
2024-06-06 15:00:00,0.7,4.1,4.299999999999998,0
2024-06-06 16:00:00,0.2,4.2,4.499999999999998,0
2024-06-06 17:00:00,0.1,4.1,4.599999999999998,0
2024-06-06 18:00:00,0.1,4.1,4.699999999999998,0
2024-06-06 19:00:00,0.0,1.6,4.699999999999998,0
2024-06-06 20:00:00,0.0,1.1,4.699999999999998,0
2024-06-06 21:00:00,0.0,0.4,4.699999999999998,0
2024-06-06 22:00:00,0.0,0.2,4.699999999999998,0
2024-06-06 23:00:00,0.0,0.1,4.699999999999998,0
2024-06-07 00:00:00,0.0,0.0,4.699999999999998,0
2024-06-07 01:00:00,0.0,0.0,4.699999999999998,0
2024-06-07 02:00:00,0.2,0.2,4.899999999999999,0
2024-06-07 03:00:00,0.0,0.2,4.899999999999999,0
2024-06-07 04:00:00,0.0,0.2,4.899999999999999,0
2024-06-07 05:00:00,0.0,0.2,4.899999999999999,0
2024-06-07 06:00:00,0.0,0.2,4.899999999999999,0
2024-06-07 07:00:00,0.0,0.2,4.899999999999999,0
2024-06-07 08:00:00,0.0,0.0,4.799999999999999,0
2024-06-07 09:00:00,0.0,0.0,4.699999999999998,0
2024-06-07 10:00:00,0.0,0.0,4.599999999999999,0
2024-06-07 11:00:00,0.1,0.1,4.499999999999998,0
2024-06-07 12:00:00,0.1,0.2,4.499999999999998,0
2024-06-07 13:00:00,0.0,0.2,1.9999999999999982,0
2024-06-07 14:00:00,0.0,0.2,1.4999999999999982,0
2024-06-07 15:00:00,0.0,0.2,0.7999999999999983,0
2024-06-07 16:00:00,0.0,0.2,0.5999999999999983,0
2024-06-07 17:00:00,0.0,0.1,0.4999999999999982,0
2024-06-07 18:00:00,0.0,0.0,0.39999999999999825,0
2024-06-07 19:00:00,0.0,0.0,0.39999999999999825,0
2024-06-07 20:00:00,0.0,0.0,0.39999999999999825,0
2024-06-07 21:00:00,0.0,0.0,0.39999999999999825,0
2024-06-07 22:00:00,0.0,0.0,0.39999999999999825,0
2024-06-07 23:00:00,0.0,0.0,0.39999999999999825,0
2024-06-08 00:00:00,0.0,0.0,0.39999999999999825,0
2024-06-08 01:00:00,0.0,0.0,0.39999999999999825,0
2024-06-08 02:00:00,0.0,0.0,0.19999999999999823,0
2024-06-08 03:00:00,0.0,0.0,0.19999999999999823,0
2024-06-08 04:00:00,0.0,0.0,0.19999999999999823,0
2024-06-08 05:00:00,0.1,0.1,0.29999999999999827,0
2024-06-08 06:00:00,0.0,0.1,0.29999999999999827,0
2024-06-08 07:00:00,0.0,0.1,0.29999999999999827,0
2024-06-08 08:00:00,0.0,0.1,0.29999999999999827,0
2024-06-08 09:00:00,0.1,0.2,0.39999999999999825,0
2024-06-08 10:00:00,0.1,0.30000000000000004,0.4999999999999982,0
2024-06-08 11:00:00,0.1,0.30000000000000004,0.4999999999999983,0
2024-06-08 12:00:00,0.1,0.4,0.4999999999999982,0
2024-06-08 13:00:00,2.1,2.5,2.5999999999999983,0
2024-06-08 14:00:00,0.1,2.6,2.6999999999999984,0
2024-06-08 15:00:00,0.3,2.8,2.9999999999999982,0
2024-06-08 16:00:00,0.3,3.0,3.2999999999999985,0
2024-06-08 17:00:00,2.1,5.0,5.399999999999999,0
2024-06-08 18:00:00,0.0,4.9,5.399999999999999,0
2024-06-08 19:00:00,0.0,2.8000000000000003,5.399999999999999,0
2024-06-08 20:00:00,0.0,2.7,5.399999999999999,0
2024-06-08 21:00:00,0.0,2.4000000000000004,5.399999999999999,0
2024-06-08 22:00:00,0.0,2.1,5.399999999999999,0
2024-06-08 23:00:00,0.0,0.0,5.399999999999999,0
2024-06-09 00:00:00,0.0,0.0,5.399999999999999,0
2024-06-09 01:00:00,0.0,0.0,5.399999999999999,0
2024-06-09 02:00:00,0.0,0.0,5.399999999999999,0
2024-06-09 03:00:00,0.0,0.0,5.399999999999999,0
2024-06-09 04:00:00,0.0,0.0,5.399999999999999,0
2024-06-09 05:00:00,0.0,0.0,5.299999999999999,0
2024-06-09 06:00:00,0.0,0.0,5.299999999999999,0
2024-06-09 07:00:00,0.0,0.0,5.299999999999999,0
2024-06-09 08:00:00,0.0,0.0,5.299999999999999,0
2024-06-09 09:00:00,0.0,0.0,5.199999999999998,0
2024-06-09 10:00:00,0.0,0.0,5.099999999999999,0
2024-06-09 11:00:00,0.1,0.1,5.099999999999998,0
2024-06-09 12:00:00,2.4,2.5,7.399999999999999,0
2024-06-09 13:00:00,2.6,5.1,7.899999999999999,0
2024-06-09 14:00:00,6.3,11.4,14.099999999999998,0
2024-06-09 15:00:00,2.8,14.2,16.599999999999998,0
2024-06-09 16:00:00,5.5,19.7,21.799999999999997,0
2024-06-09 17:00:00,4.4,24.0,24.1,0
2024-06-09 18:00:00,0.3,21.900000000000002,24.4,0
2024-06-09 19:00:00,0.0,19.3,24.4,0
2024-06-09 20:00:00,0.0,13.0,24.4,0
2024-06-09 21:00:00,0.0,10.2,24.4,0
2024-06-09 22:00:00,0.0,4.7,24.4,0
2024-06-09 23:00:00,0.0,0.3,24.4,0
2024-06-10 00:00:00,0.0,0.0,24.4,0
2024-06-10 01:00:00,0.0,0.0,24.4,0
2024-06-10 02:00:00,0.0,0.0,24.4,0
2024-06-10 03:00:00,0.0,0.0,24.4,0
2024-06-10 04:00:00,0.0,0.0,24.4,0
2024-06-10 05:00:00,0.0,0.0,24.4,0
2024-06-10 06:00:00,0.0,0.0,24.4,0
2024-06-10 07:00:00,0.0,0.0,24.4,0
2024-06-10 08:00:00,0.0,0.0,24.4,0
2024-06-10 09:00:00,0.0,0.0,24.4,0
2024-06-10 10:00:00,0.0,0.0,24.4,0
2024-06-10 11:00:00,0.0,0.0,24.299999999999997,0
2024-06-10 12:00:00,0.2,0.2,22.1,0
2024-06-10 13:00:00,0.1,0.30000000000000004,19.599999999999998,0
2024-06-10 14:00:00,0.1,0.4,13.399999999999999,0
2024-06-10 15:00:00,0.1,0.5,10.7,0
2024-06-10 16:00:00,4.9,5.4,10.1,0
2024-06-10 17:00:00,2.0,7.4,7.699999999999999,0
2024-06-10 18:00:00,0.0,7.2,7.3999999999999995,0
2024-06-10 19:00:00,0.0,7.1000000000000005,7.3999999999999995,0
2024-06-10 20:00:00,0.0,7.0,7.3999999999999995,0
2024-06-10 21:00:00,0.0,6.9,7.3999999999999995,0
2024-06-10 22:00:00,0.0,2.0,7.3999999999999995,0
2024-06-10 23:00:00,0.0,0.0,7.3999999999999995,0
2024-06-11 00:00:00,0.0,0.0,7.3999999999999995,0
2024-06-11 01:00:00,0.0,0.0,7.3999999999999995,0
2024-06-11 02:00:00,0.0,0.0,7.3999999999999995,0
2024-06-11 03:00:00,0.0,0.0,7.3999999999999995,0
2024-06-11 04:00:00,0.0,0.0,7.3999999999999995,0
2024-06-11 05:00:00,0.0,0.0,7.3999999999999995,0
2024-06-11 06:00:00,0.0,0.0,7.3999999999999995,0
2024-06-11 07:00:00,0.0,0.0,7.3999999999999995,0
2024-06-11 08:00:00,0.1,0.1,7.499999999999999,0
2024-06-11 09:00:00,0.1,0.2,7.6,0
2024-06-11 10:00:00,0.0,0.2,7.6,0
2024-06-11 11:00:00,0.0,0.2,7.6,0
2024-06-11 12:00:00,0.0,0.2,7.3999999999999995,0
2024-06-11 13:00:00,0.0,0.2,7.3,0
2024-06-11 14:00:00,0.0,0.1,7.199999999999999,0
2024-06-11 15:00:00,0.0,0.0,7.1,0
2024-06-11 16:00:00,0.1,0.1,2.299999999999999,0
2024-06-11 17:00:00,0.2,0.30000000000000004,0.4999999999999991,0
2024-06-11 18:00:00,0.0,0.30000000000000004,0.4999999999999991,0
2024-06-11 19:00:00,0.0,0.30000000000000004,0.4999999999999991,0
2024-06-11 20:00:00,0.0,0.30000000000000004,0.4999999999999991,0
2024-06-11 21:00:00,0.0,0.30000000000000004,0.4999999999999991,0
2024-06-11 22:00:00,0.0,0.2,0.4999999999999991,0
2024-06-11 23:00:00,0.0,0.0,0.4999999999999991,0
2024-06-12 00:00:00,0.0,0.0,0.4999999999999991,0
2024-06-12 01:00:00,0.0,0.0,0.4999999999999991,0
2024-06-12 02:00:00,0.0,0.0,0.4999999999999991,0
2024-06-12 03:00:00,0.0,0.0,0.4999999999999991,0
2024-06-12 04:00:00,0.0,0.0,0.4999999999999991,0
2024-06-12 05:00:00,0.0,0.0,0.4999999999999991,0
2024-06-12 06:00:00,0.0,0.0,0.4999999999999991,0
2024-06-12 07:00:00,0.0,0.0,0.4999999999999991,0
2024-06-12 08:00:00,0.0,0.0,0.39999999999999913,0
2024-06-12 09:00:00,0.0,0.0,0.29999999999999916,0
2024-06-12 10:00:00,0.0,0.0,0.29999999999999916,0
2024-06-12 11:00:00,0.1,0.1,0.39999999999999913,0
2024-06-12 12:00:00,1.2,1.3,1.5999999999999992,0
2024-06-12 13:00:00,5.3,6.6,6.899999999999999,0
2024-06-12 14:00:00,1.0,7.6,7.8999999999999995,0
2024-06-12 15:00:00,0.3,7.8999999999999995,8.2,0
2024-06-12 16:00:00,0.1,8.0,8.2,0
2024-06-12 17:00:00,0.1,8.0,8.1,0
2024-06-12 18:00:00,0.1,6.8999999999999995,8.2,0
2024-06-12 19:00:00,0.0,1.6,8.2,0
2024-06-12 20:00:00,0.0,0.6,8.2,0
2024-06-12 21:00:00,0.0,0.30000000000000004,8.2,0
2024-06-12 22:00:00,0.0,0.2,8.2,0
2024-06-12 23:00:00,0.0,0.1,8.2,0
2024-06-13 00:00:00,0.0,0.0,8.2,0
2024-06-13 01:00:00,0.0,0.0,8.2,0
2024-06-13 02:00:00,0.0,0.0,8.2,0
2024-06-13 03:00:00,0.0,0.0,8.2,0
2024-06-13 04:00:00,0.0,0.0,8.2,0
2024-06-13 05:00:00,0.0,0.0,8.2,0
2024-06-13 06:00:00,0.0,0.0,8.2,0
2024-06-13 07:00:00,0.0,0.0,8.2,0
2024-06-13 08:00:00,0.0,0.0,8.2,0
2024-06-13 09:00:00,0.0,0.0,8.2,0
2024-06-13 10:00:00,0.1,0.1,8.299999999999999,0
2024-06-13 11:00:00,0.2,0.30000000000000004,8.4,0
2024-06-13 12:00:00,0.1,0.4,7.299999999999999,0
2024-06-13 13:00:00,0.0,0.4,2.0,0
2024-06-13 14:00:00,0.1,0.5,1.1,0
2024-06-13 15:00:00,0.0,0.5,0.8,0
2024-06-13 16:00:00,0.3,0.7000000000000001,1.0,0
2024-06-13 17:00:00,0.8,1.3,1.7000000000000002,0
2024-06-13 18:00:00,0.2,1.4000000000000001,1.8,0
2024-06-13 19:00:00,0.0,1.4,1.8,0
2024-06-13 20:00:00,0.0,1.3,1.8,0
2024-06-13 21:00:00,0.0,1.3,1.8,0
2024-06-13 22:00:00,0.0,1.0,1.8,0
2024-06-13 23:00:00,0.0,0.2,1.8,0
2024-06-14 00:00:00,0.1,0.1,1.9,0
2024-06-14 01:00:00,0.0,0.1,1.9,0
2024-06-14 02:00:00,0.0,0.1,1.9,0
2024-06-14 03:00:00,0.0,0.1,1.9,0
2024-06-14 04:00:00,0.0,0.1,1.9,0
2024-06-14 05:00:00,0.0,0.1,1.9,0
2024-06-14 06:00:00,0.0,0.0,1.9,0
2024-06-14 07:00:00,0.0,0.0,1.9,0
2024-06-14 08:00:00,0.0,0.0,1.9,0
2024-06-14 09:00:00,0.2,0.2,2.1,0
2024-06-14 10:00:00,0.7,0.8999999999999999,2.6999999999999997,0
2024-06-14 11:00:00,0.1,0.9999999999999999,2.6,0
2024-06-14 12:00:00,0.2,1.2,2.7,0
2024-06-14 13:00:00,0.9,2.1,3.6,0
2024-06-14 14:00:00,0.5,2.6,4.0,0
2024-06-14 15:00:00,3.9,6.3,7.9,0
2024-06-14 16:00:00,0.1,5.699999999999999,7.7,0
2024-06-14 17:00:00,0.0,5.6,6.9,0
2024-06-14 18:00:00,0.0,5.3999999999999995,6.7,0
2024-06-14 19:00:00,0.0,4.5,6.7,0
2024-06-14 20:00:00,0.0,4.0,6.7,0
2024-06-14 21:00:00,0.0,0.1,6.7,0
2024-06-14 22:00:00,1.2,1.2,7.9,0
2024-06-14 23:00:00,3.2,4.4,11.100000000000001,0
2024-06-15 00:00:00,0.8,5.2,11.8,0
2024-06-15 01:00:00,5.5,10.7,17.3,0
2024-06-15 02:00:00,0.2,10.9,17.5,0
2024-06-15 03:00:00,1.7,12.6,19.2,0
2024-06-15 04:00:00,3.0,14.4,22.2,0
2024-06-15 05:00:00,0.1,11.299999999999999,22.3,0
2024-06-15 06:00:00,0.0,10.499999999999998,22.3,0
2024-06-15 07:00:00,0.0,5.0,22.3,0
2024-06-15 08:00:00,0.0,4.8,22.3,0
2024-06-15 09:00:00,0.0,3.1,22.1,0
2024-06-15 10:00:00,0.1,0.2,21.5,0
2024-06-15 11:00:00,0.1,0.2,21.5,0
2024-06-15 12:00:00,0.1,0.30000000000000004,21.400000000000002,0
2024-06-15 13:00:00,0.1,0.4,20.599999999999998,0
2024-06-15 14:00:00,0.1,0.5,20.2,0
2024-06-15 15:00:00,0.0,0.5,16.3,0
2024-06-15 16:00:00,0.0,0.4,16.2,0
2024-06-15 17:00:00,0.0,0.30000000000000004,16.2,0
2024-06-15 18:00:00,0.0,0.2,16.2,0
2024-06-15 19:00:00,0.0,0.1,16.2,0
2024-06-15 20:00:00,0.7,0.7,16.9,0
2024-06-15 21:00:00,0.8,1.5,17.7,0
2024-06-15 22:00:00,3.2,4.7,19.7,0
2024-06-15 23:00:00,0.8,5.5,17.3,0
2024-06-16 00:00:00,7.1,12.6,23.6,0
2024-06-16 01:00:00,3.7,16.3,21.8,0
2024-06-16 02:00:00,0.1,15.700000000000001,21.7,0
2024-06-16 03:00:00,0.0,14.9,20.0,0
2024-06-16 04:00:00,1.0,12.7,18.0,0
2024-06-16 05:00:00,0.4,12.3,18.3,0
2024-06-16 06:00:00,0.0,5.2,18.3,0
2024-06-16 07:00:00,0.0,1.5,18.3,0
2024-06-16 08:00:00,0.0,1.4,18.3,0
2024-06-16 09:00:00,0.0,1.4,18.3,0
2024-06-16 10:00:00,0.0,0.4,18.2,0
2024-06-16 11:00:00,0.0,0.0,18.1,0
2024-06-16 12:00:00,0.1,0.1,18.099999999999998,0
2024-06-16 13:00:00,0.0,0.1,18.0,0
2024-06-16 14:00:00,0.3,0.4,18.2,0
2024-06-16 15:00:00,0.1,0.5,18.3,0
2024-06-16 16:00:00,0.2,0.7,18.5,0
2024-06-16 17:00:00,0.1,0.8,18.6,0
2024-06-16 18:00:00,0.1,0.8,18.7,0
2024-06-16 19:00:00,0.8,1.6,19.5,0
2024-06-16 20:00:00,0.1,1.4000000000000001,18.900000000000002,0
2024-06-16 21:00:00,0.6,1.9,18.7,0
2024-06-16 22:00:00,1.5,3.2,17.0,0
2024-06-16 23:00:00,0.2,3.3,16.4,0
2024-06-17 00:00:00,0.0,3.1999999999999997,9.3,0
2024-06-17 01:00:00,0.0,2.4,5.6000000000000005,0
2024-06-17 02:00:00,0.0,2.3,5.500000000000001,0
2024-06-17 03:00:00,0.0,1.7,5.500000000000001,0
2024-06-17 04:00:00,0.0,0.2,4.5,0
2024-06-17 05:00:00,0.1,0.1,4.2,0
2024-06-17 06:00:00,0.0,0.1,4.2,0
2024-06-17 07:00:00,0.0,0.1,4.2,0
2024-06-17 08:00:00,0.0,0.1,4.2,0
2024-06-17 09:00:00,0.0,0.1,4.2,0
2024-06-17 10:00:00,0.1,0.2,4.3,0
2024-06-17 11:00:00,0.2,0.30000000000000004,4.5,0
2024-06-17 12:00:00,5.3,5.6,9.7,0
2024-06-17 13:00:00,0.3,5.8999999999999995,10.0,0
2024-06-17 14:00:00,0.1,6.0,9.8,0
2024-06-17 15:00:00,0.1,6.1,9.799999999999999,0
2024-06-17 16:00:00,0.2,6.2,9.799999999999999,0
2024-06-17 17:00:00,0.3,6.3,10.0,0
2024-06-17 18:00:00,0.4,1.4,10.3,0
2024-06-17 19:00:00,0.5,1.6,10.0,0
2024-06-17 20:00:00,0.5,2.0,10.4,0
2024-06-17 21:00:00,0.0,1.9,9.8,0
2024-06-17 22:00:00,0.0,1.7000000000000002,8.3,0
2024-06-17 23:00:00,0.0,1.4,8.1,0
2024-06-18 00:00:00,0.0,1.0,8.1,0
2024-06-18 01:00:00,0.0,0.5,8.1,0
2024-06-18 02:00:00,0.0,0.0,8.1,0
2024-06-18 03:00:00,0.0,0.0,8.1,0
2024-06-18 04:00:00,0.0,0.0,8.1,0
2024-06-18 05:00:00,0.0,0.0,8.0,0
2024-06-18 06:00:00,0.0,0.0,8.0,0
2024-06-18 07:00:00,0.0,0.0,8.0,0
2024-06-18 08:00:00,0.0,0.0,8.0,0
2024-06-18 09:00:00,0.1,0.1,8.1,0
2024-06-18 10:00:00,0.1,0.2,8.1,0
2024-06-18 11:00:00,0.1,0.30000000000000004,8.0,0
2024-06-18 12:00:00,0.1,0.4,2.8,0
2024-06-18 13:00:00,0.1,0.5,2.6,0
2024-06-18 14:00:00,0.3,0.8,2.8000000000000003,0
2024-06-18 15:00:00,0.5,1.2000000000000002,3.2,0
2024-06-18 16:00:00,6.8,7.9,9.8,0
2024-06-18 17:00:00,0.2,8.0,9.7,0
2024-06-18 18:00:00,0.0,7.8999999999999995,9.3,0
2024-06-18 19:00:00,0.1,7.8999999999999995,8.9,0
2024-06-18 20:00:00,5.2,12.8,13.600000000000001,0
2024-06-18 21:00:00,0.1,12.4,13.700000000000001,0
2024-06-18 22:00:00,0.1,5.7,13.8,0
2024-06-18 23:00:00,0.0,5.5,13.8,0
2024-06-19 00:00:00,0.0,5.5,13.8,0
2024-06-19 01:00:00,0.0,5.4,13.8,0
2024-06-19 02:00:00,0.0,0.2,13.8,0
2024-06-19 03:00:00,0.0,0.1,13.8,0
2024-06-19 04:00:00,0.0,0.0,13.8,0
2024-06-19 05:00:00,0.0,0.0,13.8,0
2024-06-19 06:00:00,0.0,0.0,13.8,0
2024-06-19 07:00:00,0.0,0.0,13.8,0
2024-06-19 08:00:00,0.0,0.0,13.8,0
2024-06-19 09:00:00,0.0,0.0,13.7,0
2024-06-19 10:00:00,0.1,0.1,13.7,0
2024-06-19 11:00:00,0.1,0.2,13.7,0
2024-06-19 12:00:00,0.1,0.30000000000000004,13.700000000000001,0
2024-06-19 13:00:00,4.2,4.5,17.8,0
2024-06-19 14:00:00,0.6,5.1,18.1,0
2024-06-19 15:00:00,0.5,5.6,18.1,0
2024-06-19 16:00:00,0.1,5.6000000000000005,11.399999999999999,0
2024-06-19 17:00:00,0.7,6.199999999999999,11.9,0
2024-06-19 18:00:00,0.3,6.4,12.2,0
2024-06-19 19:00:00,0.1,2.3,12.200000000000001,0
2024-06-19 20:00:00,0.0,1.6999999999999997,7.0,0
2024-06-19 21:00:00,0.0,1.1999999999999997,6.9,0
2024-06-19 22:00:00,0.0,1.0999999999999999,6.8,0
2024-06-19 23:00:00,0.0,0.4,6.8,0
2024-06-20 00:00:00,0.0,0.1,6.8,0
2024-06-20 01:00:00,0.0,0.0,6.8,0
2024-06-20 02:00:00,0.0,0.0,6.8,0
2024-06-20 03:00:00,0.0,0.0,6.8,0
2024-06-20 04:00:00,0.0,0.0,6.8,0
2024-06-20 05:00:00,0.0,0.0,6.8,0
2024-06-20 06:00:00,0.0,0.0,6.8,0
2024-06-20 07:00:00,0.0,0.0,6.8,0
2024-06-20 08:00:00,0.1,0.1,6.9,0
2024-06-20 09:00:00,0.1,0.2,7.0,0
2024-06-20 10:00:00,0.2,0.4,7.1000000000000005,0
2024-06-20 11:00:00,0.5,0.9,7.5,0
2024-06-20 12:00:00,0.4,1.3,7.8,0
2024-06-20 13:00:00,0.5,1.8,4.1,0
2024-06-20 14:00:00,1.6,3.3,5.1,0
2024-06-20 15:00:00,0.2,3.4,4.8,0
2024-06-20 16:00:00,0.2,3.4000000000000004,4.9,0
2024-06-20 17:00:00,2.1,5.0,6.300000000000001,0
2024-06-20 18:00:00,1.3,5.9,7.300000000000001,0
2024-06-20 19:00:00,0.0,5.4,7.2,0
2024-06-20 20:00:00,0.0,3.8000000000000007,7.2,0
2024-06-20 21:00:00,0.0,3.6000000000000005,7.2,0
2024-06-20 22:00:00,0.0,3.4000000000000004,7.2,0
2024-06-20 23:00:00,0.0,1.3,7.2,0
2024-06-21 00:00:00,0.0,0.0,7.2,0
2024-06-21 01:00:00,1.9,1.9,9.1,0
2024-06-21 02:00:00,0.1,2.0,9.2,0
2024-06-21 03:00:00,0.0,2.0,9.2,0
2024-06-21 04:00:00,0.0,2.0,9.2,0
2024-06-21 05:00:00,0.0,2.0,9.2,0
2024-06-21 06:00:00,0.0,2.0,9.2,0
2024-06-21 07:00:00,0.0,0.1,9.2,0
2024-06-21 08:00:00,0.0,0.0,9.1,0
2024-06-21 09:00:00,0.1,0.1,9.100000000000001,0
2024-06-21 10:00:00,0.1,0.2,9.0,0
2024-06-21 11:00:00,0.1,0.30000000000000004,8.6,0
2024-06-21 12:00:00,1.4,1.7,9.600000000000001,0
2024-06-21 13:00:00,4.7,6.4,13.8,0
2024-06-21 14:00:00,0.1,6.5,12.299999999999999,0
2024-06-21 15:00:00,0.3,6.700000000000001,12.4,0
2024-06-21 16:00:00,0.4,7.0,12.6,0
2024-06-21 17:00:00,1.1,8.0,11.6,0
2024-06-21 18:00:00,1.2,7.800000000000001,11.5,0
2024-06-21 19:00:00,0.0,3.1,11.5,0
2024-06-21 20:00:00,0.0,3.0,11.5,0
2024-06-21 21:00:00,0.0,2.7,11.5,0
2024-06-21 22:00:00,0.0,2.3,11.5,0
2024-06-21 23:00:00,0.0,1.2,11.5,0
2024-06-22 00:00:00,0.0,0.0,11.5,0
2024-06-22 01:00:00,0.0,0.0,9.6,0
2024-06-22 02:00:00,0.0,0.0,9.5,0
2024-06-22 03:00:00,0.0,0.0,9.5,0
2024-06-22 04:00:00,0.0,0.0,9.5,0
2024-06-22 05:00:00,0.0,0.0,9.5,0
2024-06-22 06:00:00,0.0,0.0,9.5,0
2024-06-22 07:00:00,0.0,0.0,9.5,0
2024-06-22 08:00:00,0.0,0.0,9.5,0
2024-06-22 09:00:00,0.0,0.0,9.399999999999999,0
2024-06-22 10:00:00,0.0,0.0,9.299999999999999,0
2024-06-22 11:00:00,0.1,0.1,9.299999999999999,0
2024-06-22 12:00:00,0.1,0.2,7.999999999999999,0
2024-06-22 13:00:00,0.0,0.2,3.3000000000000003,0
2024-06-22 14:00:00,0.0,0.2,3.2,0
2024-06-22 15:00:00,2.2,2.4000000000000004,5.1000000000000005,0
2024-06-22 16:00:00,0.3,2.7,5.0,0
2024-06-22 17:00:00,0.2,2.8000000000000003,4.1000000000000005,0
2024-06-22 18:00:00,0.9,3.6,3.8000000000000003,0
2024-06-22 19:00:00,0.3,3.9000000000000004,4.1000000000000005,0
2024-06-22 20:00:00,0.0,3.9000000000000004,4.1000000000000005,0
2024-06-22 21:00:00,3.5,5.2,7.6000000000000005,0
2024-06-22 22:00:00,5.1,10.0,12.7,0
2024-06-22 23:00:00,0.0,9.8,12.7,0
2024-06-23 00:00:00,0.0,8.9,12.7,0
2024-06-23 01:00:00,2.9,11.5,15.6,0
2024-06-23 02:00:00,2.4,13.899999999999999,18.0,0
2024-06-23 03:00:00,0.1,10.5,18.1,0
2024-06-23 04:00:00,0.0,5.3999999999999995,18.1,0
2024-06-23 05:00:00,0.0,5.3999999999999995,18.1,0
2024-06-23 06:00:00,0.0,5.3999999999999995,18.1,0
2024-06-23 07:00:00,0.0,2.5,18.1,0
2024-06-23 08:00:00,0.0,0.1,18.1,0
2024-06-23 09:00:00,0.1,0.1,18.2,0
2024-06-23 10:00:00,0.1,0.2,18.3,0
2024-06-23 11:00:00,0.1,0.30000000000000004,18.299999999999997,0
2024-06-23 12:00:00,0.0,0.30000000000000004,18.2,0
2024-06-23 13:00:00,0.0,0.30000000000000004,18.2,0
2024-06-23 14:00:00,1.0,1.3,19.2,0
2024-06-23 15:00:00,1.6,2.8,18.6,0
2024-06-23 16:00:00,0.8,3.5,19.1,0
2024-06-23 17:00:00,0.7,4.1000000000000005,19.599999999999998,0
2024-06-23 18:00:00,0.2,4.300000000000001,18.9,0
2024-06-23 19:00:00,0.1,4.4,18.7,0
2024-06-23 20:00:00,2.2,5.6000000000000005,20.9,0
2024-06-23 21:00:00,0.0,4.0,17.4,0
2024-06-23 22:00:00,0.0,3.2,12.3,0
2024-06-23 23:00:00,0.0,2.5,12.3,0
2024-06-24 00:00:00,0.0,2.3000000000000003,12.3,0
2024-06-24 01:00:00,0.0,2.2,9.4,0
2024-06-24 02:00:00,0.0,0.0,7.0,0
2024-06-24 03:00:00,0.0,0.0,6.9,0
2024-06-24 04:00:00,0.0,0.0,6.9,0
2024-06-24 05:00:00,0.0,0.0,6.9,0
2024-06-24 06:00:00,0.0,0.0,6.9,0
2024-06-24 07:00:00,2.2,2.2,9.100000000000001,0
2024-06-24 08:00:00,0.0,2.2,9.100000000000001,0
2024-06-24 09:00:00,0.0,2.2,9.0,0
2024-06-24 10:00:00,0.0,2.2,8.899999999999999,0
2024-06-24 11:00:00,0.1,2.3000000000000003,8.9,0
2024-06-24 12:00:00,0.2,2.5,9.1,0
2024-06-24 13:00:00,0.3,0.6,9.4,0
2024-06-24 14:00:00,7.3,7.8999999999999995,15.7,0
2024-06-24 15:00:00,0.1,7.999999999999999,14.2,0
2024-06-24 16:00:00,0.2,8.2,13.6,0
2024-06-24 17:00:00,0.1,8.2,13.0,0
2024-06-24 18:00:00,0.0,8.0,12.8,0
2024-06-24 19:00:00,0.5,8.2,13.2,0
2024-06-24 20:00:00,0.0,0.9,11.0,0
2024-06-24 21:00:00,0.0,0.8,11.0,0
2024-06-24 22:00:00,0.0,0.6,11.0,0
2024-06-24 23:00:00,0.1,0.6,11.1,0
2024-06-25 00:00:00,0.1,0.7,11.2,0
2024-06-25 01:00:00,0.8,1.0,12.0,0
2024-06-25 02:00:00,0.4,1.4,12.4,0
2024-06-25 03:00:00,0.0,1.4,12.4,0
2024-06-25 04:00:00,0.0,1.4,12.4,0
2024-06-25 05:00:00,0.0,1.2999999999999998,12.4,0
2024-06-25 06:00:00,0.0,1.2000000000000002,12.4,0
2024-06-25 07:00:00,0.0,0.4,10.2,0
2024-06-25 08:00:00,0.0,0.0,10.2,0
2024-06-25 09:00:00,0.1,0.1,10.299999999999999,0
2024-06-25 10:00:00,0.1,0.2,10.4,0
2024-06-25 11:00:00,0.1,0.30000000000000004,10.399999999999999,0
2024-06-25 12:00:00,0.0,0.30000000000000004,10.2,0
2024-06-25 13:00:00,0.0,0.30000000000000004,9.899999999999999,0
2024-06-25 14:00:00,0.0,0.30000000000000004,2.6,0
2024-06-25 15:00:00,0.0,0.2,2.5,0
2024-06-25 16:00:00,0.1,0.2,2.4000000000000004,0
2024-06-25 17:00:00,0.0,0.1,2.3000000000000003,0
2024-06-25 18:00:00,0.1,0.2,2.4000000000000004,0
2024-06-25 19:00:00,0.0,0.2,1.9000000000000004,0
2024-06-25 20:00:00,0.0,0.2,1.9000000000000004,0
2024-06-25 21:00:00,0.0,0.2,1.9000000000000004,0
2024-06-25 22:00:00,0.0,0.1,1.9000000000000004,0
2024-06-25 23:00:00,0.0,0.1,1.8000000000000003,0
2024-06-26 00:00:00,0.0,0.0,1.7000000000000002,0
2024-06-26 01:00:00,0.0,0.0,0.9,0
2024-06-26 02:00:00,0.0,0.0,0.5,0
2024-06-26 03:00:00,0.0,0.0,0.5,0
2024-06-26 04:00:00,0.1,0.1,0.6000000000000001,0
2024-06-26 05:00:00,0.0,0.1,0.6000000000000001,0
2024-06-26 06:00:00,0.0,0.1,0.6000000000000001,0
2024-06-26 07:00:00,0.0,0.1,0.6000000000000001,0
2024-06-26 08:00:00,0.0,0.1,0.6000000000000001,0
2024-06-26 09:00:00,0.1,0.2,0.6000000000000001,0
2024-06-26 10:00:00,0.2,0.30000000000000004,0.7,0
2024-06-26 11:00:00,2.9,3.2,3.5,0
2024-06-26 12:00:00,2.2,5.4,5.7,0
2024-06-26 13:00:00,0.7,6.1,6.4,0
2024-06-26 14:00:00,0.3,6.3999999999999995,6.7,0
2024-06-26 15:00:00,2.7,9.0,9.4,0
2024-06-26 16:00:00,0.4,9.2,9.700000000000001,0
2024-06-26 17:00:00,0.2,6.500000000000001,9.9,0
2024-06-26 18:00:00,0.0,4.300000000000001,9.8,0
2024-06-26 19:00:00,0.0,3.6000000000000005,9.8,0
2024-06-26 20:00:00,0.0,3.3000000000000003,9.8,0
2024-06-26 21:00:00,0.2,0.8,10.000000000000002,0
2024-06-26 22:00:00,0.4,0.8,10.4,0
2024-06-26 23:00:00,0.0,0.6000000000000001,10.4,0
2024-06-27 00:00:00,0.0,0.6000000000000001,10.4,0
2024-06-27 01:00:00,0.0,0.6000000000000001,10.4,0
2024-06-27 02:00:00,0.0,0.6000000000000001,10.4,0
2024-06-27 03:00:00,0.0,0.4,10.4,0
2024-06-27 04:00:00,0.0,0.0,10.299999999999999,0
2024-06-27 05:00:00,0.0,0.0,10.299999999999999,0
2024-06-27 06:00:00,0.0,0.0,10.299999999999999,0
2024-06-27 07:00:00,0.0,0.0,10.299999999999999,0
2024-06-27 08:00:00,0.0,0.0,10.299999999999999,0
2024-06-27 09:00:00,0.0,0.0,10.2,0
2024-06-27 10:00:00,0.0,0.0,10.0,0
2024-06-27 11:00:00,0.0,0.0,7.1000000000000005,0
2024-06-27 12:00:00,0.1,0.1,5.0,0
2024-06-27 13:00:00,0.0,0.1,4.3,0
2024-06-27 14:00:00,0.6,0.7,4.6000000000000005,0
2024-06-27 15:00:00,0.0,0.7,1.9,0
2024-06-27 16:00:00,0.0,0.7,1.5,0
2024-06-27 17:00:00,0.0,0.7,1.2999999999999998,0
2024-06-27 18:00:00,0.0,0.6,1.2999999999999998,0
2024-06-27 19:00:00,0.0,0.6,1.2999999999999998,0
2024-06-27 20:00:00,0.0,0.0,1.2999999999999998,0
2024-06-27 21:00:00,0.0,0.0,1.1,0
2024-06-27 22:00:00,0.0,0.0,0.7,0
2024-06-27 23:00:00,0.0,0.0,0.7,0
2024-06-28 00:00:00,0.0,0.0,0.7,0
2024-06-28 01:00:00,0.0,0.0,0.7,0
2024-06-28 02:00:00,0.0,0.0,0.7,0
2024-06-28 03:00:00,0.0,0.0,0.7,0
2024-06-28 04:00:00,0.0,0.0,0.7,0
2024-06-28 05:00:00,0.0,0.0,0.7,0
2024-06-28 06:00:00,0.0,0.0,0.7,0
2024-06-28 07:00:00,0.0,0.0,0.7,0
2024-06-28 08:00:00,0.0,0.0,0.7,0
2024-06-28 09:00:00,0.1,0.1,0.7999999999999999,0
2024-06-28 10:00:00,0.2,0.30000000000000004,1.0,0
2024-06-28 11:00:00,0.5,0.8,1.5,0
2024-06-28 12:00:00,4.0,4.8,5.4,0
2024-06-28 13:00:00,0.3,5.1,5.7,0
2024-06-28 14:00:00,0.5,5.6,5.6000000000000005,0
2024-06-28 15:00:00,1.9,7.4,7.500000000000001,0
2024-06-28 16:00:00,3.0,10.2,10.5,0
2024-06-28 17:00:00,0.0,9.7,10.5,0
2024-06-28 18:00:00,0.0,5.7,10.5,0
2024-06-28 19:00:00,0.0,5.4,10.5,0
2024-06-28 20:00:00,0.0,4.9,10.5,0
2024-06-28 21:00:00,0.0,3.0,10.5,0
2024-06-28 22:00:00,0.0,0.0,10.5,0
2024-06-28 23:00:00,0.0,0.0,10.5,0
2024-06-29 00:00:00,0.0,0.0,10.5,0
2024-06-29 01:00:00,0.0,0.0,10.5,0
2024-06-29 02:00:00,0.0,0.0,10.5,0
2024-06-29 03:00:00,0.0,0.0,10.5,0
2024-06-29 04:00:00,0.0,0.0,10.5,0
2024-06-29 05:00:00,0.0,0.0,10.5,0
2024-06-29 06:00:00,0.0,0.0,10.5,0
2024-06-29 07:00:00,0.0,0.0,10.5,0
2024-06-29 08:00:00,0.1,0.1,10.600000000000001,0
2024-06-29 09:00:00,0.1,0.2,10.600000000000001,0
2024-06-29 10:00:00,0.1,0.30000000000000004,10.5,0
2024-06-29 11:00:00,0.2,0.5,10.200000000000001,0
2024-06-29 12:00:00,13.0,13.5,19.200000000000003,0
2024-06-29 13:00:00,5.7,19.2,24.6,0
2024-06-29 14:00:00,0.0,19.099999999999998,24.1,0
2024-06-29 15:00:00,0.0,19.0,22.200000000000003,0
2024-06-29 16:00:00,0.0,18.9,19.200000000000003,0
2024-06-29 17:00:00,0.0,18.7,19.200000000000003,0
2024-06-29 18:00:00,0.0,5.7,19.200000000000003,0
2024-06-29 19:00:00,0.0,0.0,19.200000000000003,0
2024-06-29 20:00:00,0.0,0.0,19.200000000000003,0
2024-06-29 21:00:00,0.0,0.0,19.200000000000003,0
2024-06-29 22:00:00,0.0,0.0,19.200000000000003,0
2024-06-29 23:00:00,0.0,0.0,19.200000000000003,0
2024-06-30 00:00:00,0.0,0.0,19.200000000000003,0
2024-06-30 01:00:00,0.0,0.0,19.200000000000003,0
2024-06-30 02:00:00,0.0,0.0,19.200000000000003,0
2024-06-30 03:00:00,0.0,0.0,19.200000000000003,0
2024-06-30 04:00:00,0.0,0.0,19.200000000000003,0
2024-06-30 05:00:00,0.0,0.0,19.200000000000003,0
2024-06-30 06:00:00,0.0,0.0,19.200000000000003,0
2024-06-30 07:00:00,0.0,0.0,19.200000000000003,0
2024-06-30 08:00:00,0.0,0.0,19.1,0
2024-06-30 09:00:00,0.0,0.0,19.000000000000004,0
2024-06-30 10:00:00,0.0,0.0,18.900000000000002,0
2024-06-30 11:00:00,0.1,0.1,18.8,0
2024-06-30 12:00:00,0.0,0.1,5.800000000000002,0
2024-06-30 13:00:00,0.7,0.7999999999999999,0.8000000000000017,0
2024-06-30 14:00:00,1.5,2.3,2.3000000000000016,0
2024-06-30 15:00:00,0.0,2.3,2.3000000000000016,0
2024-06-30 16:00:00,0.2,2.5,2.5000000000000018,0
2024-06-30 17:00:00,1.7,4.1,4.200000000000001,0
2024-06-30 18:00:00,2.4,6.5,6.600000000000001,0
2024-06-30 19:00:00,0.1,5.8999999999999995,6.700000000000001,0
2024-06-30 20:00:00,0.0,4.4,6.700000000000001,0
2024-06-30 21:00:00,3.2,7.6000000000000005,9.900000000000002,0
2024-06-30 22:00:00,0.1,7.5,10.000000000000002,0
2024-06-30 23:00:00,0.1,5.9,10.100000000000001,0
2024-07-01 00:00:00,0.0,3.5000000000000004,10.100000000000001,0
2024-07-01 01:00:00,0.0,3.4000000000000004,10.100000000000001,0
2024-07-01 02:00:00,0.0,3.4000000000000004,10.100000000000001,0
2024-07-01 03:00:00,0.0,0.2,10.100000000000001,0
2024-07-01 04:00:00,0.0,0.1,10.100000000000001,0
2024-07-01 05:00:00,0.3,0.3,10.400000000000002,0
2024-07-01 06:00:00,3.4,3.6999999999999997,13.8,0
2024-07-01 07:00:00,0.2,3.9,14.000000000000002,0
2024-07-01 08:00:00,0.0,3.9,14.000000000000002,0
2024-07-01 09:00:00,0.1,3.9999999999999996,14.100000000000001,0
2024-07-01 10:00:00,0.2,4.2,14.300000000000002,0
2024-07-01 11:00:00,0.2,4.1,14.400000000000002,0
2024-07-01 12:00:00,0.1,0.8,14.500000000000002,0
2024-07-01 13:00:00,0.2,0.8,14.000000000000002,0
2024-07-01 14:00:00,0.8,1.6,13.300000000000002,0
2024-07-01 15:00:00,0.1,1.6,13.4,0
2024-07-01 16:00:00,0.3,1.7000000000000002,13.500000000000002,0
2024-07-01 17:00:00,2.1,3.6000000000000005,13.900000000000002,0
2024-07-01 18:00:00,0.4,3.9,11.900000000000002,0
2024-07-01 19:00:00,0.6,4.3,12.400000000000002,0
2024-07-01 20:00:00,1.3,4.8,13.700000000000003,0
2024-07-01 21:00:00,0.0,4.7,10.500000000000002,0
2024-07-01 22:00:00,0.0,4.3999999999999995,10.400000000000002,0
2024-07-01 23:00:00,0.0,2.3,10.300000000000002,0
2024-07-02 00:00:00,0.0,1.9000000000000001,10.300000000000002,0
2024-07-02 01:00:00,0.0,1.3,10.300000000000002,0
2024-07-02 02:00:00,0.0,0.0,10.300000000000002,0
2024-07-02 03:00:00,0.0,0.0,10.300000000000002,0
2024-07-02 04:00:00,0.0,0.0,10.300000000000002,0
2024-07-02 05:00:00,0.0,0.0,10.000000000000002,0
2024-07-02 06:00:00,0.0,0.0,6.600000000000002,0
2024-07-02 07:00:00,0.8,0.8,7.200000000000002,0
2024-07-02 08:00:00,0.2,1.0,7.400000000000002,0
2024-07-02 09:00:00,0.2,1.2000000000000002,7.500000000000003,0
2024-07-02 10:00:00,0.6,1.8,7.900000000000002,0
2024-07-02 11:00:00,0.9,2.7,8.600000000000001,0
2024-07-02 12:00:00,5.5,8.2,14.000000000000004,0
2024-07-02 13:00:00,0.1,7.5,13.900000000000002,0
2024-07-02 14:00:00,0.2,7.5,13.300000000000002,0
2024-07-02 15:00:00,0.3,7.6,13.500000000000004,0
2024-07-02 16:00:00,7.7,14.7,20.900000000000002,0
2024-07-02 17:00:00,13.4,27.200000000000003,32.2,0
2024-07-02 18:00:00,5.9,27.6,37.7,0
2024-07-02 19:00:00,0.0,27.5,37.1,0
2024-07-02 20:00:00,0.0,27.3,35.800000000000004,0
2024-07-02 21:00:00,0.1,27.1,35.900000000000006,0
2024-07-02 22:00:00,0.1,19.5,36.00000000000001,0
2024-07-02 23:00:00,0.0,6.100000000000002,36.00000000000001,0
2024-07-03 00:00:00,0.0,0.2000000000000018,36.00000000000001,0
2024-07-03 01:00:00,0.0,0.2000000000000018,36.00000000000001,0
2024-07-03 02:00:00,0.0,0.2000000000000018,36.00000000000001,0
2024-07-03 03:00:00,0.2,0.3000000000000018,36.2,0
2024-07-03 04:00:00,0.0,0.2000000000000018,36.2,0
2024-07-03 05:00:00,0.0,0.2000000000000018,36.2,0
2024-07-03 06:00:00,0.0,0.2000000000000018,36.2,0
2024-07-03 07:00:00,0.0,0.2000000000000018,35.4,0
2024-07-03 08:00:00,0.0,0.2000000000000018,35.2,0
2024-07-03 09:00:00,0.3,0.30000000000000177,35.300000000000004,0
2024-07-03 10:00:00,0.4,0.7000000000000017,35.1,0
2024-07-03 11:00:00,0.2,0.9000000000000018,34.4,0
2024-07-03 12:00:00,0.2,1.1000000000000019,29.1,0
2024-07-03 13:00:00,0.1,1.2000000000000017,29.100000000000005,0
2024-07-03 14:00:00,0.4,1.6000000000000019,29.3,0
2024-07-03 15:00:00,0.1,1.400000000000002,29.100000000000005,0
2024-07-03 16:00:00,0.4,1.400000000000002,21.800000000000004,0
2024-07-03 17:00:00,0.0,1.200000000000002,8.400000000000002,0
2024-07-03 18:00:00,0.0,1.0000000000000018,2.5000000000000018,0
2024-07-03 19:00:00,0.1,1.0000000000000018,2.600000000000002,0
2024-07-03 20:00:00,0.0,0.6000000000000018,2.600000000000002,0
2024-07-03 21:00:00,0.0,0.5000000000000018,2.5000000000000018,0
2024-07-03 22:00:00,0.0,0.10000000000000178,2.4000000000000017,0
2024-07-03 23:00:00,0.0,0.10000000000000178,2.4000000000000017,0
2024-07-04 00:00:00,0.0,0.10000000000000178,2.4000000000000017,0
2024-07-04 01:00:00,0.0,0.0,2.4000000000000017,0
2024-07-04 02:00:00,0.0,0.0,2.4000000000000017,0
2024-07-04 03:00:00,1.9,1.9000000000000017,4.100000000000001,0
2024-07-04 04:00:00,0.5,2.4000000000000017,4.600000000000001,0
2024-07-04 05:00:00,0.0,2.4000000000000017,4.600000000000001,0
2024-07-04 06:00:00,0.1,2.5000000000000018,4.700000000000002,0
2024-07-04 07:00:00,0.0,2.5000000000000018,4.700000000000002,0
2024-07-04 08:00:00,0.0,2.5000000000000018,4.700000000000002,0
2024-07-04 09:00:00,0.0,0.6000000000000018,4.400000000000002,0
2024-07-04 10:00:00,0.3,0.4000000000000018,4.300000000000002,0
2024-07-04 11:00:00,0.5,0.9000000000000018,4.600000000000001,0
2024-07-04 12:00:00,0.0,0.8000000000000018,4.400000000000001,0
2024-07-04 13:00:00,0.0,0.8000000000000018,4.300000000000002,0
2024-07-04 14:00:00,0.0,0.8000000000000018,3.9000000000000017,0
2024-07-04 15:00:00,0.1,0.9000000000000018,3.9000000000000017,0
2024-07-04 16:00:00,0.0,0.6000000000000018,3.5000000000000018,0
2024-07-04 17:00:00,0.0,0.10000000000000178,3.5000000000000018,0
2024-07-04 18:00:00,0.0,0.10000000000000178,3.5000000000000018,0
2024-07-04 19:00:00,0.0,0.10000000000000178,3.4000000000000017,0
2024-07-04 20:00:00,0.0,0.10000000000000178,3.4000000000000017,0
2024-07-04 21:00:00,0.0,0.0,3.4000000000000017,0
2024-07-04 22:00:00,0.0,0.0,3.4000000000000017,0
2024-07-04 23:00:00,0.0,0.0,3.4000000000000017,0
2024-07-05 00:00:00,0.0,0.0,3.4000000000000017,0
2024-07-05 01:00:00,0.0,0.0,3.4000000000000017,0
2024-07-05 02:00:00,0.0,0.0,3.4000000000000017,0
2024-07-05 03:00:00,0.0,0.0,1.5000000000000018,0
2024-07-05 04:00:00,0.0,0.0,1.0000000000000018,0
2024-07-05 05:00:00,0.0,0.0,1.0000000000000018,0
2024-07-05 06:00:00,0.0,0.0,0.9000000000000018,0
2024-07-05 07:00:00,0.0,0.0,0.9000000000000018,0
2024-07-05 08:00:00,0.0,0.0,0.9000000000000018,0
2024-07-05 09:00:00,0.1,0.10000000000000178,1.0000000000000018,0
2024-07-05 10:00:00,0.1,0.2000000000000018,0.8000000000000018,0
2024-07-05 11:00:00,0.2,0.4000000000000018,0.5000000000000018,0
2024-07-05 12:00:00,0.4,0.8000000000000018,0.9000000000000018,0
2024-07-05 13:00:00,2.1,2.900000000000002,3.0000000000000018,0
2024-07-05 14:00:00,5.2,8.100000000000001,8.200000000000003,0
2024-07-05 15:00:00,0.9,8.900000000000002,9.000000000000002,0
2024-07-05 16:00:00,0.0,8.800000000000002,9.000000000000002,0
2024-07-05 17:00:00,0.6,9.200000000000001,9.600000000000001,0
2024-07-05 18:00:00,0.1,8.9,9.700000000000003,0
2024-07-05 19:00:00,0.0,6.800000000000001,9.700000000000003,0
2024-07-05 20:00:00,0.0,1.600000000000001,9.700000000000003,0
2024-07-05 21:00:00,0.0,0.7000000000000008,9.700000000000003,0
2024-07-05 22:00:00,0.0,0.7000000000000008,9.700000000000003,0
2024-07-05 23:00:00,0.0,0.1000000000000009,9.700000000000003,0
2024-07-06 00:00:00,0.0,0.0,9.700000000000003,0
2024-07-06 01:00:00,0.0,0.0,9.700000000000003,0
2024-07-06 02:00:00,0.0,0.0,9.700000000000003,0
2024-07-06 03:00:00,0.0,0.0,9.700000000000003,0
2024-07-06 04:00:00,0.0,0.0,9.700000000000003,0
2024-07-06 05:00:00,0.0,0.0,9.700000000000003,0
2024-07-06 06:00:00,0.0,0.0,9.700000000000003,0
2024-07-06 07:00:00,0.0,0.0,9.700000000000003,0
2024-07-06 08:00:00,0.7,0.7000000000000008,10.400000000000002,0
2024-07-06 09:00:00,0.1,0.8000000000000008,10.400000000000002,0
2024-07-06 10:00:00,2.5,3.3000000000000007,12.8,0
2024-07-06 11:00:00,7.1,10.4,19.700000000000003,0
2024-07-06 12:00:00,1.1,11.5,20.400000000000002,0
2024-07-06 13:00:00,1.0,12.5,19.3,0
2024-07-06 14:00:00,0.5,12.3,14.600000000000001,0
2024-07-06 15:00:00,0.5,12.7,14.200000000000001,0
2024-07-06 16:00:00,1.2,11.4,15.400000000000002,0
2024-07-06 17:00:00,0.1,4.400000000000001,14.9,0
2024-07-06 18:00:00,0.0,3.3000000000000007,14.8,0
2024-07-06 19:00:00,0.0,2.3000000000000007,14.8,0
2024-07-06 20:00:00,0.0,1.800000000000001,14.8,0
2024-07-06 21:00:00,0.0,1.300000000000001,14.8,0
2024-07-06 22:00:00,0.2,0.30000000000000093,15.0,0
2024-07-06 23:00:00,0.2,0.4000000000000009,15.200000000000001,0
2024-07-07 00:00:00,0.0,0.4000000000000009,15.200000000000001,0
2024-07-07 01:00:00,0.0,0.4000000000000009,15.200000000000001,0
2024-07-07 02:00:00,0.0,0.4000000000000009,15.200000000000001,0
2024-07-07 03:00:00,0.1,0.5000000000000009,15.3,0
2024-07-07 04:00:00,0.0,0.30000000000000093,15.3,0
2024-07-07 05:00:00,0.0,0.1000000000000009,15.3,0
2024-07-07 06:00:00,0.0,0.1000000000000009,15.3,0
2024-07-07 07:00:00,0.0,0.1000000000000009,15.3,0
2024-07-07 08:00:00,0.0,0.1000000000000009,14.600000000000001,0
2024-07-07 09:00:00,0.2,0.2000000000000009,14.700000000000001,0
2024-07-07 10:00:00,0.6,0.8000000000000009,12.8,0
2024-07-07 11:00:00,5.0,5.800000000000001,10.700000000000003,0
2024-07-07 12:00:00,8.3,14.100000000000001,17.900000000000006,0
2024-07-07 13:00:00,0.6,14.700000000000001,17.500000000000004,0
2024-07-07 14:00:00,0.6,15.3,17.600000000000005,0
2024-07-07 15:00:00,0.5,15.600000000000001,17.600000000000005,0
2024-07-07 16:00:00,0.3,15.3,16.700000000000003,0
2024-07-07 17:00:00,2.6,12.9,19.200000000000003,0
2024-07-07 18:00:00,0.2,4.8,19.400000000000002,0
2024-07-07 19:00:00,0.0,4.2,19.400000000000002,0
2024-07-07 20:00:00,0.1,3.6999999999999997,19.500000000000004,0
2024-07-07 21:00:00,0.0,3.2,19.500000000000004,0
2024-07-07 22:00:00,0.0,2.9,19.300000000000004,0
2024-07-07 23:00:00,0.0,0.30000000000000004,19.100000000000005,0
2024-07-08 00:00:00,0.0,0.1,19.100000000000005,0
2024-07-08 01:00:00,0.0,0.1,19.100000000000005,0
2024-07-08 02:00:00,0.1,0.1,19.200000000000006,0
2024-07-08 03:00:00,0.0,0.1,19.100000000000005,0
2024-07-08 04:00:00,0.3,0.4,19.400000000000002,0
2024-07-08 05:00:00,0.1,0.5,19.500000000000004,0
2024-07-08 06:00:00,0.0,0.5,19.500000000000004,0
2024-07-08 07:00:00,0.0,0.5,19.500000000000004,0
2024-07-08 08:00:00,0.1,0.5,19.600000000000005,0
2024-07-08 09:00:00,0.2,0.7,19.600000000000005,0
2024-07-08 10:00:00,0.3,0.7,19.300000000000004,0
2024-07-08 11:00:00,2.6,3.2,16.900000000000002,0
2024-07-08 12:00:00,0.2,3.4000000000000004,8.800000000000002,0
2024-07-08 13:00:00,0.1,3.5,8.300000000000002,0
2024-07-08 14:00:00,2.6,6.0,10.3,0
2024-07-08 15:00:00,0.2,6.0,10.000000000000002,0
2024-07-08 16:00:00,0.1,5.8,9.800000000000002,0
2024-07-08 17:00:00,2.9,6.1,10.100000000000001,0
2024-07-08 18:00:00,4.4,10.3,14.300000000000002,0
2024-07-08 19:00:00,0.5,10.7,14.800000000000002,0
2024-07-08 20:00:00,0.3,8.4,15.000000000000004,0
2024-07-08 21:00:00,0.1,8.299999999999999,15.100000000000003,0
2024-07-08 22:00:00,0.3,8.5,15.400000000000002,0
2024-07-08 23:00:00,0.2,5.800000000000001,15.600000000000003,0
2024-07-09 00:00:00,0.0,1.4,15.600000000000003,0
2024-07-09 01:00:00,0.0,0.8999999999999999,15.600000000000003,0
2024-07-09 02:00:00,3.4,4.0,18.900000000000002,0
2024-07-09 03:00:00,1.1,5.0,20.0,0
2024-07-09 04:00:00,0.3,5.0,20.0,0
2024-07-09 05:00:00,0.2,5.0,20.1,0
2024-07-09 06:00:00,0.0,5.0,20.1,0
2024-07-09 07:00:00,0.0,5.0,20.1,0
2024-07-09 08:00:00,0.3,1.8999999999999997,20.3,0
2024-07-09 09:00:00,0.1,0.8999999999999996,20.200000000000003,0
2024-07-09 10:00:00,0.1,0.6999999999999996,20.0,0
2024-07-09 11:00:00,0.3,0.7999999999999996,17.700000000000003,0
2024-07-09 12:00:00,3.9,4.699999999999999,21.4,0
2024-07-09 13:00:00,0.3,5.0,21.6,0
2024-07-09 14:00:00,0.4,5.1,19.400000000000002,0
2024-07-09 15:00:00,0.8,5.799999999999999,20.0,0
2024-07-09 16:00:00,0.7,6.3999999999999995,20.6,0
2024-07-09 17:00:00,0.0,6.1,17.700000000000003,0
2024-07-09 18:00:00,0.0,2.2,13.3,0
2024-07-09 19:00:00,0.0,1.9,12.8,0
2024-07-09 20:00:00,0.0,1.5,12.5,0
2024-07-09 21:00:00,1.8,2.5,14.200000000000001,0
2024-07-09 22:00:00,0.1,1.9000000000000001,14.000000000000002,0
2024-07-09 23:00:00,0.0,1.9000000000000001,13.8,0
2024-07-10 00:00:00,0.0,1.9000000000000001,13.8,0
2024-07-10 01:00:00,0.0,1.9000000000000001,13.8,0
2024-07-10 02:00:00,0.0,1.9000000000000001,10.400000000000002,0
2024-07-10 03:00:00,0.0,0.1,9.3,0
2024-07-10 04:00:00,0.0,0.0,9.000000000000002,0
2024-07-10 05:00:00,0.0,0.0,8.8,0
2024-07-10 06:00:00,0.0,0.0,8.8,0
2024-07-10 07:00:00,0.0,0.0,8.8,0
2024-07-10 08:00:00,0.0,0.0,8.500000000000002,0
2024-07-10 09:00:00,0.0,0.0,8.4,0
2024-07-10 10:00:00,0.0,0.0,8.3,0
2024-07-10 11:00:00,0.0,0.0,8.000000000000002,0
2024-07-10 12:00:00,0.1,0.1,4.200000000000002,0
2024-07-10 13:00:00,1.0,1.1,4.900000000000002,0
2024-07-10 14:00:00,0.2,1.3,4.700000000000002,0
2024-07-10 15:00:00,0.3,1.6,4.200000000000002,0
2024-07-10 16:00:00,0.1,1.7000000000000002,3.6000000000000014,0
2024-07-10 17:00:00,0.0,1.7000000000000002,3.6000000000000014,0
2024-07-10 18:00:00,0.1,1.7,3.7000000000000015,0
2024-07-10 19:00:00,0.0,0.7000000000000002,3.700000000000002,0
2024-07-10 20:00:00,0.0,0.5000000000000002,3.700000000000002,0
2024-07-10 21:00:00,0.0,0.20000000000000012,1.9000000000000017,0
2024-07-10 22:00:00,0.0,0.10000000000000012,1.8000000000000016,0
2024-07-10 23:00:00,0.0,0.10000000000000012,1.8000000000000016,0
2024-07-11 00:00:00,3.6,3.6,5.400000000000002,0
2024-07-11 01:00:00,0.0,3.6,5.400000000000002,0
2024-07-11 02:00:00,0.0,3.6,5.400000000000002,0
2024-07-11 03:00:00,0.0,3.6,5.400000000000002,0
2024-07-11 04:00:00,0.1,3.7,5.500000000000002,0
2024-07-11 05:00:00,0.0,3.7,5.500000000000002,0
2024-07-11 06:00:00,0.0,0.1,5.500000000000002,0
2024-07-11 07:00:00,1.8,1.9000000000000001,7.300000000000002,0
2024-07-11 08:00:00,0.1,2.0,7.400000000000002,0
2024-07-11 09:00:00,0.0,2.0,7.400000000000002,0
2024-07-11 10:00:00,0.1,2.0,7.500000000000002,0
2024-07-11 11:00:00,0.1,2.1,7.600000000000001,0
2024-07-11 12:00:00,0.0,2.1,7.500000000000002,0
2024-07-11 13:00:00,0.2,0.5,6.700000000000002,0
2024-07-11 14:00:00,0.5,0.9,7.000000000000002,0
2024-07-11 15:00:00,0.5,1.4,7.200000000000002,0
2024-07-11 16:00:00,0.4,1.7,7.500000000000002,0
2024-07-11 17:00:00,0.2,1.8,7.700000000000002,0
2024-07-11 18:00:00,2.1,3.9000000000000004,9.700000000000003,0
2024-07-11 19:00:00,0.0,3.6999999999999997,9.700000000000003,0
2024-07-11 20:00:00,0.0,3.1999999999999997,9.700000000000003,0
2024-07-11 21:00:00,0.0,2.6999999999999997,9.700000000000003,0
2024-07-11 22:00:00,0.0,2.3,9.700000000000003,0
2024-07-11 23:00:00,0.0,2.0999999999999996,9.700000000000003,0
2024-07-12 00:00:00,0.0,0.0,6.100000000000002,0
2024-07-12 01:00:00,0.5,0.49999999999999956,6.600000000000001,0
2024-07-12 02:00:00,0.4,0.8999999999999996,7.000000000000002,0
2024-07-12 03:00:00,0.1,0.9999999999999996,7.100000000000001,0
2024-07-12 04:00:00,0.0,0.9999999999999996,7.000000000000002,0
2024-07-12 05:00:00,0.0,0.9999999999999996,7.000000000000002,0
2024-07-12 06:00:00,0.0,0.9999999999999996,7.000000000000002,0
2024-07-12 07:00:00,0.0,0.49999999999999956,5.200000000000002,0
2024-07-12 08:00:00,0.0,0.09999999999999956,5.100000000000001,0
2024-07-12 09:00:00,0.0,0.0,5.100000000000001,0
2024-07-12 10:00:00,0.1,0.09999999999999956,5.100000000000001,0
2024-07-12 11:00:00,0.1,0.19999999999999957,5.100000000000002,0
2024-07-12 12:00:00,0.2,0.3999999999999996,5.3000000000000025,0
2024-07-12 13:00:00,7.2,7.6,12.300000000000002,0
2024-07-12 14:00:00,5.8,13.399999999999999,17.6,0
2024-07-12 15:00:00,0.2,13.6,17.3,0
2024-07-12 16:00:00,0.0,13.5,16.900000000000002,0
2024-07-12 17:00:00,0.0,13.4,16.7,0
2024-07-12 18:00:00,0.0,13.2,14.600000000000003,0
2024-07-12 19:00:00,0.0,5.999999999999999,14.600000000000001,0
2024-07-12 20:00:00,0.0,0.19999999999999912,14.600000000000001,0
2024-07-12 21:00:00,0.0,0.0,14.600000000000001,0
2024-07-12 22:00:00,0.0,0.0,14.600000000000001,0
2024-07-12 23:00:00,0.0,0.0,14.600000000000001,0
2024-07-13 00:00:00,0.4,0.39999999999999913,15.000000000000002,0
2024-07-13 01:00:00,0.0,0.39999999999999913,14.500000000000004,0
2024-07-13 02:00:00,0.0,0.39999999999999913,14.100000000000003,0
2024-07-13 03:00:00,0.2,0.5999999999999992,14.200000000000001,0
2024-07-13 04:00:00,0.6,1.199999999999999,14.8,0
2024-07-13 05:00:00,0.0,1.199999999999999,14.8,0
2024-07-13 06:00:00,0.0,0.799999999999999,14.8,0
2024-07-13 07:00:00,0.0,0.799999999999999,14.8,0
2024-07-13 08:00:00,0.0,0.799999999999999,14.8,0
2024-07-13 09:00:00,0.0,0.599999999999999,14.8,0
2024-07-13 10:00:00,0.2,0.19999999999999912,14.900000000000002,0
2024-07-13 11:00:00,0.2,0.39999999999999913,15.000000000000002,0
2024-07-13 12:00:00,0.1,0.4999999999999991,14.900000000000002,0
2024-07-13 13:00:00,0.3,0.7999999999999992,8.000000000000002,0
2024-07-13 14:00:00,0.8,1.5999999999999992,3.0000000000000018,0
2024-07-13 15:00:00,2.6,4.199999999999999,5.400000000000002,0
2024-07-13 16:00:00,2.3,6.299999999999999,7.700000000000001,0
2024-07-13 17:00:00,2.0,8.099999999999998,9.700000000000001,0
2024-07-13 18:00:00,0.0,7.999999999999999,9.700000000000001,0
2024-07-13 19:00:00,0.0,7.699999999999999,9.700000000000001,0
2024-07-13 20:00:00,0.0,6.899999999999999,9.700000000000001,0
2024-07-13 21:00:00,0.0,4.299999999999999,9.700000000000001,0
2024-07-13 22:00:00,0.0,1.9999999999999991,9.700000000000001,0
2024-07-13 23:00:00,0.0,0.0,9.700000000000001,0
2024-07-14 00:00:00,0.0,0.0,9.3,0
2024-07-14 01:00:00,5.0,4.999999999999999,14.3,0
2024-07-14 02:00:00,0.2,5.199999999999999,14.5,0
2024-07-14 03:00:00,5.9,11.1,20.200000000000003,0
2024-07-14 04:00:00,0.4,11.5,20.0,0
2024-07-14 05:00:00,0.4,11.9,20.400000000000002,0
2024-07-14 06:00:00,3.3,15.2,23.7,0
2024-07-14 07:00:00,0.1,10.299999999999999,23.8,0
2024-07-14 08:00:00,0.2,10.3,24.0,0
2024-07-14 09:00:00,0.0,4.399999999999999,24.0,0
2024-07-14 10:00:00,0.1,4.099999999999999,23.900000000000002,0
2024-07-14 11:00:00,0.3,3.9999999999999987,24.0,0
2024-07-14 12:00:00,6.7,7.399999999999999,30.6,0
2024-07-14 13:00:00,3.7,11.0,34.0,0
2024-07-14 14:00:00,0.2,10.999999999999998,33.4,0
2024-07-14 15:00:00,0.1,11.1,30.900000000000002,0
2024-07-14 16:00:00,0.2,11.2,28.8,0
2024-07-14 17:00:00,0.1,11.0,26.900000000000002,0
2024-07-14 18:00:00,4.3,8.599999999999998,31.2,0
2024-07-14 19:00:00,0.0,4.899999999999999,31.2,0
2024-07-14 20:00:00,0.0,4.699999999999998,31.2,0
2024-07-14 21:00:00,0.0,4.599999999999999,31.2,0
2024-07-14 22:00:00,0.0,4.399999999999999,31.2,0
2024-07-14 23:00:00,0.0,4.299999999999999,31.2,0
2024-07-15 00:00:00,0.6,0.5999999999999991,31.8,0
2024-07-15 01:00:00,0.6,1.199999999999999,27.400000000000002,0
2024-07-15 02:00:00,0.9,2.099999999999999,28.1,0
2024-07-15 03:00:00,0.1,2.1999999999999993,22.3,0
2024-07-15 04:00:00,0.0,2.1999999999999993,21.9,0
2024-07-15 05:00:00,0.0,2.1999999999999993,21.5,0
2024-07-15 06:00:00,0.0,1.599999999999999,18.2,0
2024-07-15 07:00:00,0.0,0.9999999999999991,18.1,0
2024-07-15 08:00:00,0.1,0.19999999999999912,18.0,0
2024-07-15 09:00:00,0.1,0.19999999999999912,18.1,0
2024-07-15 10:00:00,0.2,0.39999999999999913,18.200000000000003,0
2024-07-15 11:00:00,0.3,0.6999999999999991,18.200000000000003,0
2024-07-15 12:00:00,4.8,5.499999999999999,16.300000000000004,0
2024-07-15 13:00:00,7.5,13.0,20.1,0
2024-07-15 14:00:00,7.9,20.8,27.800000000000004,0
2024-07-15 15:00:00,0.8,21.5,28.5,0
2024-07-15 16:00:00,0.1,21.4,28.400000000000002,0
2024-07-15 17:00:00,0.0,21.099999999999998,28.3,0
2024-07-15 18:00:00,0.0,16.299999999999997,24.000000000000004,0
2024-07-15 19:00:00,0.0,8.799999999999999,24.000000000000004,0
2024-07-15 20:00:00,0.0,0.8999999999999991,24.000000000000004,0
2024-07-15 21:00:00,0.0,0.09999999999999912,24.000000000000004,0
2024-07-15 22:00:00,0.0,0.0,24.000000000000004,0
2024-07-15 23:00:00,0.0,0.0,24.000000000000004,0
2024-07-16 00:00:00,0.0,0.0,23.400000000000002,0
2024-07-16 01:00:00,0.0,0.0,22.800000000000004,0
2024-07-16 02:00:00,0.0,0.0,21.900000000000002,0
2024-07-16 03:00:00,0.0,0.0,21.800000000000004,0
2024-07-16 04:00:00,0.0,0.0,21.800000000000004,0
2024-07-16 05:00:00,0.0,0.0,21.800000000000004,0
2024-07-16 06:00:00,0.1,0.09999999999999912,21.900000000000006,0
2024-07-16 07:00:00,0.0,0.09999999999999912,21.900000000000006,0
2024-07-16 08:00:00,0.1,0.19999999999999912,21.900000000000002,0
2024-07-16 09:00:00,0.0,0.19999999999999912,21.8,0
2024-07-16 10:00:00,0.2,0.39999999999999913,21.8,0
2024-07-16 11:00:00,0.4,0.7999999999999992,21.900000000000002,0
2024-07-16 12:00:00,0.0,0.6999999999999992,17.1,0
2024-07-16 13:00:00,0.1,0.7999999999999992,9.700000000000003,0
2024-07-16 14:00:00,0.0,0.6999999999999991,1.8000000000000018,0
2024-07-16 15:00:00,0.1,0.7999999999999992,1.1000000000000019,0
2024-07-16 16:00:00,0.0,0.5999999999999992,1.0000000000000018,0
2024-07-16 17:00:00,0.0,0.19999999999999912,1.0000000000000018,0
2024-07-16 18:00:00,0.0,0.19999999999999912,1.0000000000000018,0
2024-07-16 19:00:00,0.0,0.09999999999999912,1.0000000000000018,0
2024-07-16 20:00:00,0.0,0.09999999999999912,1.0000000000000018,0
2024-07-16 21:00:00,0.0,0.0,1.0000000000000018,0
2024-07-16 22:00:00,0.0,0.0,1.0000000000000018,0
2024-07-16 23:00:00,0.0,0.0,1.0000000000000018,0
2024-07-17 00:00:00,0.1,0.09999999999999912,1.1000000000000016,0
2024-07-17 01:00:00,0.1,0.19999999999999912,1.2000000000000017,0
2024-07-17 02:00:00,1.7,1.899999999999999,2.9000000000000017,0
2024-07-17 03:00:00,0.1,1.9999999999999991,3.0000000000000018,0
2024-07-17 04:00:00,1.2,3.1999999999999993,4.200000000000002,0
2024-07-17 05:00:00,0.2,3.399999999999999,4.400000000000002,0
2024-07-17 06:00:00,0.3,3.5999999999999988,4.600000000000002,0
2024-07-17 07:00:00,1.2,4.699999999999999,5.8000000000000025,0
2024-07-17 08:00:00,1.4,4.399999999999999,7.100000000000001,0
2024-07-17 09:00:00,2.2,6.5,9.3,0
2024-07-17 10:00:00,0.7,5.999999999999999,9.800000000000002,0
2024-07-17 11:00:00,0.2,5.999999999999999,9.600000000000001,0
2024-07-17 12:00:00,1.6,7.299999999999999,11.200000000000003,0
2024-07-17 13:00:00,0.1,6.199999999999999,11.200000000000003,0
2024-07-17 14:00:00,0.1,4.899999999999999,11.300000000000002,0
2024-07-17 15:00:00,0.0,2.6999999999999993,11.200000000000003,0
2024-07-17 16:00:00,0.1,2.099999999999999,11.300000000000002,0
2024-07-17 17:00:00,0.1,1.9999999999999991,11.400000000000002,0
2024-07-17 18:00:00,0.1,0.4999999999999991,11.500000000000004,0
2024-07-17 19:00:00,0.0,0.39999999999999913,11.500000000000004,0
2024-07-17 20:00:00,0.0,0.29999999999999916,11.500000000000004,0
2024-07-17 21:00:00,0.0,0.29999999999999916,11.500000000000004,0
2024-07-17 22:00:00,0.0,0.19999999999999912,11.500000000000004,0
2024-07-17 23:00:00,0.0,0.09999999999999912,11.500000000000004,0
2024-07-18 00:00:00,0.0,0.0,11.400000000000002,0
2024-07-18 01:00:00,0.0,0.0,11.300000000000002,0
2024-07-18 02:00:00,0.1,0.09999999999999912,9.700000000000003,0
2024-07-18 03:00:00,0.0,0.09999999999999912,9.600000000000003,0
2024-07-18 04:00:00,0.1,0.19999999999999912,8.500000000000002,0
2024-07-18 05:00:00,0.1,0.29999999999999916,8.400000000000002,0
2024-07-18 06:00:00,0.1,0.39999999999999913,8.200000000000001,0
2024-07-18 07:00:00,0.0,0.39999999999999913,7.000000000000003,0
2024-07-18 08:00:00,0.0,0.29999999999999916,5.600000000000002,0
2024-07-18 09:00:00,0.1,0.39999999999999913,3.5000000000000018,0
2024-07-18 10:00:00,0.0,0.29999999999999916,2.8000000000000016,0
2024-07-18 11:00:00,0.1,0.29999999999999916,2.700000000000002,0
2024-07-18 12:00:00,0.4,0.5999999999999992,1.5000000000000018,0
2024-07-18 13:00:00,0.0,0.5999999999999992,1.4000000000000017,0
2024-07-18 14:00:00,2.4,2.999999999999999,3.700000000000002,0
2024-07-18 15:00:00,0.0,2.899999999999999,3.7000000000000015,0
2024-07-18 16:00:00,0.2,3.099999999999999,3.8000000000000016,0
2024-07-18 17:00:00,0.1,3.0999999999999988,3.800000000000001,0
2024-07-18 18:00:00,0.2,2.899999999999999,3.9000000000000012,0
2024-07-18 19:00:00,0.3,3.1999999999999993,4.200000000000001,0
2024-07-18 20:00:00,0.1,0.8999999999999991,4.300000000000002,0
2024-07-18 21:00:00,0.0,0.8999999999999991,4.300000000000002,0
2024-07-18 22:00:00,0.0,0.6999999999999991,4.300000000000002,0
2024-07-18 23:00:00,0.0,0.5999999999999991,4.300000000000002,0
2024-07-19 00:00:00,0.0,0.39999999999999913,4.300000000000002,0
2024-07-19 01:00:00,0.0,0.09999999999999912,4.300000000000002,0
2024-07-19 02:00:00,0.0,0.0,4.200000000000002,0
2024-07-19 03:00:00,0.0,0.0,4.200000000000002,0
2024-07-19 04:00:00,0.0,0.0,4.100000000000001,0
2024-07-19 05:00:00,0.0,0.0,4.000000000000002,0
2024-07-19 06:00:00,0.0,0.0,3.9000000000000012,0
2024-07-19 07:00:00,0.0,0.0,3.9000000000000012,0
2024-07-19 08:00:00,0.0,0.0,3.9000000000000012,0
2024-07-19 09:00:00,0.1,0.09999999999999912,3.9000000000000012,0
2024-07-19 10:00:00,0.1,0.19999999999999912,4.000000000000001,0
2024-07-19 11:00:00,0.1,0.29999999999999916,4.000000000000002,0
2024-07-19 12:00:00,0.1,0.39999999999999913,3.7000000000000015,0
2024-07-19 13:00:00,0.7,1.0999999999999992,4.400000000000001,0
2024-07-19 14:00:00,0.3,1.399999999999999,2.300000000000001,0
2024-07-19 15:00:00,0.5,1.799999999999999,2.8000000000000016,0
2024-07-19 16:00:00,0.2,1.899999999999999,2.800000000000001,0
2024-07-19 17:00:00,0.3,2.0999999999999988,3.0000000000000018,0
2024-07-19 18:00:00,0.1,2.0999999999999988,2.9000000000000012,0
2024-07-19 19:00:00,0.1,1.4999999999999991,2.7000000000000015,0
2024-07-19 20:00:00,0.0,1.199999999999999,2.6000000000000014,0
2024-07-19 21:00:00,0.0,0.6999999999999991,2.6000000000000014,0
2024-07-19 22:00:00,0.0,0.4999999999999991,2.6000000000000014,0
2024-07-19 23:00:00,0.0,0.19999999999999912,2.6000000000000014,0
2024-07-20 00:00:00,0.0,0.09999999999999912,2.6000000000000014,0
2024-07-20 01:00:00,0.1,0.09999999999999912,2.7000000000000015,0
2024-07-20 02:00:00,0.1,0.19999999999999912,2.8000000000000016,0
2024-07-20 03:00:00,0.0,0.19999999999999912,2.8000000000000016,0
2024-07-20 04:00:00,0.0,0.19999999999999912,2.8000000000000016,0
2024-07-20 05:00:00,0.0,0.19999999999999912,2.8000000000000016,0
2024-07-20 06:00:00,0.0,0.19999999999999912,2.8000000000000016,0
2024-07-20 07:00:00,0.0,0.09999999999999912,2.8000000000000016,0
2024-07-20 08:00:00,0.1,0.09999999999999912,2.9000000000000017,0
2024-07-20 09:00:00,0.0,0.09999999999999912,2.8000000000000016,0
2024-07-20 10:00:00,0.0,0.09999999999999912,2.7000000000000015,0
2024-07-20 11:00:00,0.0,0.09999999999999912,2.6000000000000014,0
2024-07-20 12:00:00,5.6,5.699999999999998,8.100000000000001,0
2024-07-20 13:00:00,0.9,6.599999999999999,8.300000000000002,0
2024-07-20 14:00:00,5.3,11.799999999999999,13.3,0
2024-07-20 15:00:00,1.7,13.499999999999998,14.500000000000002,0
2024-07-20 16:00:00,0.1,13.6,14.400000000000002,0
2024-07-20 17:00:00,0.3,13.899999999999999,14.400000000000002,0
2024-07-20 18:00:00,3.5,11.799999999999999,17.8,0
2024-07-20 19:00:00,0.0,10.899999999999999,17.7,0
2024-07-20 20:00:00,0.0,5.6,17.7,0
2024-07-20 21:00:00,0.0,3.899999999999999,17.7,0
2024-07-20 22:00:00,0.0,3.7999999999999994,17.7,0
2024-07-20 23:00:00,0.0,3.499999999999999,17.7,0
2024-07-21 00:00:00,0.0,0.0,17.7,0
2024-07-21 01:00:00,0.0,0.0,17.6,0
2024-07-21 02:00:00,0.0,0.0,17.5,0
2024-07-21 03:00:00,0.0,0.0,17.5,0
2024-07-21 04:00:00,0.0,0.0,17.5,0
2024-07-21 05:00:00,0.0,0.0,17.5,0
2024-07-21 06:00:00,0.0,0.0,17.5,0
2024-07-21 07:00:00,0.0,0.0,17.5,0
2024-07-21 08:00:00,0.3,0.2999999999999991,17.700000000000003,0
2024-07-21 09:00:00,0.0,0.2999999999999991,17.700000000000003,0
2024-07-21 10:00:00,0.0,0.2999999999999991,17.700000000000003,0
2024-07-21 11:00:00,0.0,0.2999999999999991,17.700000000000003,0
2024-07-21 12:00:00,0.1,0.39999999999999913,12.200000000000003,0
2024-07-21 13:00:00,0.0,0.39999999999999913,11.300000000000002,0
2024-07-21 14:00:00,0.0,0.09999999999999912,6.000000000000002,0
2024-07-21 15:00:00,0.1,0.19999999999999912,4.400000000000002,0
2024-07-21 16:00:00,0.3,0.4999999999999991,4.600000000000002,0
2024-07-21 17:00:00,6.1,6.599999999999999,10.400000000000002,0
2024-07-21 18:00:00,0.6,7.099999999999999,7.500000000000002,0
2024-07-21 19:00:00,0.1,7.199999999999999,7.600000000000002,0
2024-07-21 20:00:00,0.1,7.299999999999999,7.700000000000001,0
2024-07-21 21:00:00,0.4,7.599999999999999,8.100000000000001,0
2024-07-21 22:00:00,0.3,7.599999999999999,8.400000000000002,0
2024-07-21 23:00:00,0.4,1.899999999999999,8.8,0
2024-07-22 00:00:00,5.7,6.999999999999999,14.500000000000002,0
2024-07-22 01:00:00,2.6,9.5,17.1,0
2024-07-22 02:00:00,2.6,12.0,19.700000000000003,0
2024-07-22 03:00:00,0.7,12.299999999999999,20.400000000000002,0
2024-07-22 04:00:00,1.5,13.499999999999998,21.900000000000002,0
2024-07-22 05:00:00,1.8,14.899999999999999,23.700000000000003,0
2024-07-22 06:00:00,2.2,11.399999999999999,25.900000000000002,0
2024-07-22 07:00:00,2.0,10.8,27.900000000000002,0
2024-07-22 08:00:00,2.2,10.399999999999999,29.8,0
2024-07-22 09:00:00,2.8,12.5,32.6,0
2024-07-22 10:00:00,3.2,14.2,35.800000000000004,0
2024-07-22 11:00:00,2.2,14.599999999999998,38.0,0
2024-07-22 12:00:00,2.2,14.6,40.1,0
2024-07-22 13:00:00,2.2,14.8,42.3,0
2024-07-22 14:00:00,5.1,17.7,47.4,0
2024-07-22 15:00:00,1.6,16.5,48.900000000000006,0
2024-07-22 16:00:00,1.2,14.5,49.800000000000004,0
2024-07-22 17:00:00,1.3,13.6,45.0,0
2024-07-22 18:00:00,0.9,12.299999999999999,45.300000000000004,0
2024-07-22 19:00:00,1.5,11.599999999999998,46.7,0
2024-07-22 20:00:00,1.8,8.299999999999999,48.400000000000006,0
2024-07-22 21:00:00,1.2,7.8999999999999995,49.2,0
2024-07-22 22:00:00,1.2,7.8999999999999995,50.1,0
2024-07-22 23:00:00,0.8,7.3999999999999995,50.5,0
2024-07-23 00:00:00,0.9,7.3999999999999995,45.699999999999996,0
2024-07-23 01:00:00,0.5,6.3999999999999995,43.6,0
2024-07-23 02:00:00,0.7,5.299999999999999,41.7,0
2024-07-23 03:00:00,0.9,4.999999999999999,41.9,0
2024-07-23 04:00:00,1.1,4.899999999999999,41.5,0
2024-07-23 05:00:00,1.1,5.199999999999999,40.800000000000004,0
2024-07-23 06:00:00,0.5,4.799999999999999,39.1,0
2024-07-23 07:00:00,0.5,4.799999999999999,37.6,0
2024-07-23 08:00:00,0.3,4.3999999999999995,35.7,0
2024-07-23 09:00:00,1.5,4.999999999999999,34.4,0
2024-07-23 10:00:00,1.1,4.999999999999999,32.300000000000004,0
2024-07-23 11:00:00,1.0,4.8999999999999995,31.1,0
2024-07-23 12:00:00,0.8,5.199999999999999,29.700000000000003,0
2024-07-23 13:00:00,1.0,5.699999999999999,28.5,0
2024-07-23 14:00:00,1.0,6.3999999999999995,24.400000000000002,0
2024-07-23 15:00:00,0.8,5.699999999999999,23.6,0
2024-07-23 16:00:00,1.1,5.699999999999999,23.5,0
2024-07-23 17:00:00,1.3,5.999999999999999,23.5,0
2024-07-23 18:00:00,1.3,6.499999999999999,23.900000000000002,0
2024-07-23 19:00:00,1.2,6.699999999999999,23.6,0
2024-07-23 20:00:00,1.2,6.8999999999999995,23.0,0
2024-07-23 21:00:00,1.2,7.299999999999999,23.000000000000004,0
2024-07-23 22:00:00,0.7,6.899999999999999,22.500000000000004,0
2024-07-23 23:00:00,2.0,7.599999999999999,23.700000000000003,0
2024-07-24 00:00:00,1.2,7.499999999999999,24.000000000000004,0
2024-07-24 01:00:00,1.0,7.299999999999999,24.500000000000004,0
2024-07-24 02:00:00,0.4,6.499999999999998,24.2,0
2024-07-24 03:00:00,3.5,8.799999999999999,26.8,0
2024-07-24 04:00:00,0.6,8.699999999999998,26.3,0
2024-07-24 05:00:00,0.5,7.199999999999999,25.700000000000003,0
2024-07-24 06:00:00,0.3,6.299999999999999,25.500000000000004,0
2024-07-24 07:00:00,0.4,5.699999999999999,25.400000000000002,0
2024-07-24 08:00:00,0.1,5.399999999999999,25.200000000000003,0
2024-07-24 09:00:00,1.7,3.5999999999999988,25.400000000000002,0
2024-07-24 10:00:00,0.5,3.499999999999999,24.8,0
2024-07-24 11:00:00,0.2,3.199999999999999,24.0,0
2024-07-24 12:00:00,0.2,3.099999999999999,23.400000000000002,0
2024-07-24 13:00:00,0.9,3.599999999999999,23.3,0
2024-07-24 14:00:00,0.1,3.599999999999999,22.400000000000002,0
2024-07-24 15:00:00,0.0,1.8999999999999992,21.6,0
2024-07-24 16:00:00,0.0,1.3999999999999992,20.5,0
2024-07-24 17:00:00,0.1,1.2999999999999992,19.3,0
2024-07-24 18:00:00,0.1,1.1999999999999993,18.1,0
2024-07-24 19:00:00,0.0,0.29999999999999916,16.900000000000002,0
2024-07-24 20:00:00,0.0,0.19999999999999912,15.700000000000001,0
2024-07-24 21:00:00,0.0,0.19999999999999912,14.500000000000002,0
2024-07-24 22:00:00,0.0,0.19999999999999912,13.8,0
2024-07-24 23:00:00,0.1,0.19999999999999912,11.9,0
2024-07-25 00:00:00,0.2,0.29999999999999916,10.900000000000002,0
2024-07-25 01:00:00,0.2,0.4999999999999991,10.100000000000001,0
2024-07-25 02:00:00,0.1,0.5999999999999992,9.8,0
2024-07-25 03:00:00,0.1,0.6999999999999992,6.400000000000001,0
2024-07-25 04:00:00,0.2,0.8999999999999991,6.000000000000002,0
2024-07-25 05:00:00,0.2,0.9999999999999992,5.700000000000002,0
2024-07-25 06:00:00,0.2,0.9999999999999991,5.600000000000001,0
2024-07-25 07:00:00,0.3,1.0999999999999992,5.500000000000002,0
2024-07-25 08:00:00,0.3,1.2999999999999992,5.700000000000002,0
2024-07-25 09:00:00,0.3,1.4999999999999991,4.300000000000002,0
2024-07-25 10:00:00,0.4,1.699999999999999,4.200000000000002,0
2024-07-25 11:00:00,0.4,1.899999999999999,4.400000000000001,0
2024-07-25 12:00:00,0.6,2.299999999999999,4.8000000000000025,0
2024-07-25 13:00:00,0.2,2.1999999999999993,4.100000000000002,0
2024-07-25 14:00:00,0.1,1.9999999999999991,4.100000000000002,0
2024-07-25 15:00:00,0.4,2.099999999999999,4.500000000000003,0
2024-07-25 16:00:00,0.4,2.099999999999999,4.900000000000002,0
2024-07-25 17:00:00,0.1,1.7999999999999994,4.900000000000002,0
2024-07-25 18:00:00,0.1,1.2999999999999992,4.900000000000002,0
2024-07-25 19:00:00,0.1,1.1999999999999993,5.000000000000002,0
2024-07-25 20:00:00,0.1,1.1999999999999993,5.100000000000002,0
2024-07-25 21:00:00,0.1,0.8999999999999991,5.200000000000002,0
2024-07-25 22:00:00,0.1,0.6000000000000001,5.3000000000000025,0
2024-07-25 23:00:00,0.1,0.6000000000000001,5.300000000000002,0
2024-07-26 00:00:00,0.0,0.4999999999999991,5.100000000000002,0
2024-07-26 01:00:00,0.1,0.49999999999999917,5.000000000000002,0
2024-07-26 02:00:00,0.1,0.4999999999999991,5.000000000000002,0
2024-07-26 03:00:00,0.1,0.49999999999999917,5.000000000000002,0
2024-07-26 04:00:00,0.1,0.4999999999999991,4.900000000000002,0
2024-07-26 05:00:00,0.1,0.49999999999999917,4.800000000000002,0
2024-07-26 06:00:00,0.0,0.4999999999999991,4.600000000000001,0
2024-07-26 07:00:00,0.0,0.39999999999999913,4.300000000000002,0
2024-07-26 08:00:00,0.1,0.39999999999999913,4.100000000000002,0
2024-07-26 09:00:00,0.2,0.4999999999999991,4.000000000000002,0
2024-07-26 10:00:00,0.3,0.6999999999999992,3.900000000000002,0
2024-07-26 11:00:00,0.3,0.8999999999999992,3.8000000000000016,0
2024-07-26 12:00:00,1.1,1.9999999999999993,4.3000000000000025,0
2024-07-26 13:00:00,0.5,2.499999999999999,4.600000000000002,0
2024-07-26 14:00:00,0.1,2.499999999999999,4.600000000000002,0
2024-07-26 15:00:00,0.0,2.299999999999999,4.200000000000002,0
2024-07-26 16:00:00,0.0,1.9999999999999993,3.8000000000000016,0
2024-07-26 17:00:00,0.0,1.6999999999999993,3.700000000000002,0
2024-07-26 18:00:00,0.0,0.5999999999999991,3.600000000000002,0
2024-07-26 19:00:00,0.0,0.09999999999999912,3.5000000000000018,0
2024-07-26 20:00:00,0.0,0.0,3.4000000000000017,0
2024-07-26 21:00:00,0.0,0.0,3.3000000000000016,0
2024-07-26 22:00:00,0.0,0.0,3.200000000000002,0
2024-07-26 23:00:00,0.0,0.0,3.100000000000002,0
2024-07-27 00:00:00,0.0,0.0,3.100000000000002,0
2024-07-27 01:00:00,0.1,0.09999999999999912,3.100000000000002,0
2024-07-27 02:00:00,0.0,0.09999999999999912,3.0000000000000018,0
2024-07-27 03:00:00,0.0,0.09999999999999912,2.9000000000000017,0
2024-07-27 04:00:00,0.0,0.09999999999999912,2.800000000000002,0
2024-07-27 05:00:00,0.0,0.09999999999999912,2.700000000000002,0
2024-07-27 06:00:00,0.0,0.09999999999999912,2.700000000000002,0
2024-07-27 07:00:00,0.0,0.0,2.700000000000002,0
2024-07-27 08:00:00,0.0,0.0,2.600000000000002,0
2024-07-27 09:00:00,0.1,0.09999999999999912,2.5000000000000018,0
2024-07-27 10:00:00,0.1,0.19999999999999912,2.300000000000002,0
2024-07-27 11:00:00,0.1,0.29999999999999916,2.1000000000000023,0
2024-07-27 12:00:00,0.1,0.39999999999999913,1.1000000000000019,0
2024-07-27 13:00:00,0.2,0.5999999999999992,0.8000000000000018,0
2024-07-27 14:00:00,1.0,1.5999999999999992,1.700000000000002,0
2024-07-27 15:00:00,3.0,4.499999999999999,4.700000000000002,0
2024-07-27 16:00:00,0.5,4.8999999999999995,5.200000000000002,0
2024-07-27 17:00:00,1.3,6.099999999999999,6.500000000000002,0
2024-07-27 18:00:00,0.8,6.799999999999999,7.3000000000000025,0
2024-07-27 19:00:00,0.0,6.6,7.3000000000000025,0
2024-07-27 20:00:00,0.1,5.699999999999999,7.400000000000002,0
2024-07-27 21:00:00,0.1,2.7999999999999994,7.500000000000002,0
2024-07-27 22:00:00,0.0,2.2999999999999994,7.500000000000002,0
2024-07-27 23:00:00,0.0,0.9999999999999991,7.500000000000002,0
2024-07-28 00:00:00,0.0,0.19999999999999912,7.500000000000002,0
2024-07-28 01:00:00,0.0,0.19999999999999912,7.400000000000002,0
2024-07-28 02:00:00,0.0,0.09999999999999912,7.400000000000002,0
2024-07-28 03:00:00,0.0,0.0,7.400000000000002,0
2024-07-28 04:00:00,0.1,0.09999999999999912,7.500000000000003,0
2024-07-28 05:00:00,0.0,0.09999999999999912,7.500000000000003,0
2024-07-28 06:00:00,0.0,0.09999999999999912,7.500000000000003,0
2024-07-28 07:00:00,0.0,0.09999999999999912,7.500000000000003,0
2024-07-28 08:00:00,0.0,0.09999999999999912,7.500000000000003,0
2024-07-28 09:00:00,0.0,0.09999999999999912,7.400000000000002,0
2024-07-28 10:00:00,0.2,0.19999999999999912,7.500000000000003,0
2024-07-28 11:00:00,0.4,0.5999999999999992,7.800000000000002,0
2024-07-28 12:00:00,0.9,1.4999999999999991,8.600000000000001,0
2024-07-28 13:00:00,8.1,9.599999999999998,16.5,0
2024-07-28 14:00:00,17.1,26.7,32.6,0
2024-07-28 15:00:00,5.4,32.1,35.0,0
2024-07-28 16:00:00,4.1,36.0,38.6,0
2024-07-28 17:00:00,2.2,37.800000000000004,39.5,0
2024-07-28 18:00:00,1.5,38.400000000000006,40.2,0
2024-07-28 19:00:00,3.8,34.1,44.0,0
2024-07-28 20:00:00,2.6,19.6,46.5,0
2024-07-28 21:00:00,0.0,14.2,46.4,0
2024-07-28 22:00:00,0.5,10.6,46.9,0
2024-07-28 23:00:00,3.2,11.6,50.099999999999994,0
2024-07-29 00:00:00,0.7,10.8,50.8,0
2024-07-29 01:00:00,0.1,7.1000000000000005,50.9,0
2024-07-29 02:00:00,0.0,4.5,50.9,0
2024-07-29 03:00:00,0.0,4.5,50.9,0
2024-07-29 04:00:00,0.0,3.9999999999999996,50.800000000000004,0
2024-07-29 05:00:00,0.0,0.7999999999999999,50.800000000000004,0
2024-07-29 06:00:00,0.0,0.1,50.800000000000004,0
2024-07-29 07:00:00,0.0,0.0,50.800000000000004,0
2024-07-29 08:00:00,0.1,0.1,50.900000000000006,0
2024-07-29 09:00:00,0.1,0.2,51.0,0
2024-07-29 10:00:00,0.1,0.30000000000000004,50.9,0
2024-07-29 11:00:00,0.0,0.30000000000000004,50.5,0
2024-07-29 12:00:00,0.1,0.4,49.7,0
2024-07-29 13:00:00,0.0,0.4,41.6,0
2024-07-29 14:00:00,0.0,0.30000000000000004,24.5,0
2024-07-29 15:00:00,0.0,0.2,19.1,0
2024-07-29 16:00:00,0.0,0.1,15.0,0
2024-07-29 17:00:00,0.0,0.1,12.8,0
2024-07-29 18:00:00,0.0,0.0,11.3,0
2024-07-29 19:00:00,0.0,0.0,7.5,0
2024-07-29 20:00:00,0.0,0.0,4.9,0
2024-07-29 21:00:00,0.0,0.0,4.9,0
2024-07-29 22:00:00,0.0,0.0,4.4,0
2024-07-29 23:00:00,0.0,0.0,1.2,0
2024-07-30 00:00:00,0.0,0.0,0.5,0
2024-07-30 01:00:00,0.0,0.0,0.4,0
2024-07-30 02:00:00,0.0,0.0,0.4,0
2024-07-30 03:00:00,0.0,0.0,0.4,0
2024-07-30 04:00:00,0.0,0.0,0.4,0
2024-07-30 05:00:00,0.0,0.0,0.4,0
2024-07-30 06:00:00,0.0,0.0,0.4,0
2024-07-30 07:00:00,0.0,0.0,0.4,0
2024-07-30 08:00:00,0.0,0.0,0.30000000000000004,0
2024-07-30 09:00:00,0.0,0.0,0.2,0
2024-07-30 10:00:00,0.0,0.0,0.1,0
2024-07-30 11:00:00,0.1,0.1,0.2,0
2024-07-30 12:00:00,0.3,0.4,0.4,0
2024-07-30 13:00:00,0.1,0.5,0.5,0
2024-07-30 14:00:00,0.0,0.5,0.5,0
2024-07-30 15:00:00,0.0,0.5,0.5,0
2024-07-30 16:00:00,0.0,0.5,0.5,0
2024-07-30 17:00:00,0.0,0.4,0.5,0
2024-07-30 18:00:00,0.0,0.09999999999999995,0.5,0
2024-07-30 19:00:00,0.1,0.09999999999999995,0.6,0
2024-07-30 20:00:00,0.2,0.29999999999999993,0.8,0
2024-07-30 21:00:00,2.3,2.5999999999999996,3.0999999999999996,0
2024-07-30 22:00:00,1.0,3.5999999999999996,4.1,0
2024-07-30 23:00:00,1.9,5.5,6.0,0
2024-07-31 00:00:00,0.1,5.6,6.1,0
2024-07-31 01:00:00,0.2,5.7,6.3,0
2024-07-31 02:00:00,0.1,5.6,6.3999999999999995,0
2024-07-31 03:00:00,0.0,3.3,6.3999999999999995,0
2024-07-31 04:00:00,0.0,2.3,6.3999999999999995,0
2024-07-31 05:00:00,0.0,0.4,6.3999999999999995,0
2024-07-31 06:00:00,0.0,0.30000000000000004,6.3999999999999995,0
2024-07-31 07:00:00,0.0,0.1,6.3999999999999995,0
2024-07-31 08:00:00,0.0,0.0,6.3999999999999995,0
2024-07-31 09:00:00,0.1,0.1,6.5,0
2024-07-31 10:00:00,0.3,0.4,6.8,0
2024-07-31 11:00:00,0.4,0.8,7.1,0
2024-07-31 12:00:00,0.4,1.2,7.199999999999999,0
2024-07-31 13:00:00,0.4,1.6,7.5,0
2024-07-31 14:00:00,0.4,2.0,7.8999999999999995,0
2024-07-31 15:00:00,0.5,2.4,8.4,0
2024-07-31 16:00:00,14.6,16.7,23.0,0
2024-07-31 17:00:00,0.2,16.5,23.2,0
2024-07-31 18:00:00,0.1,16.2,23.3,0
2024-07-31 19:00:00,0.0,15.8,23.2,0
2024-07-31 20:00:00,0.0,15.4,23.0,0
2024-07-31 21:00:00,0.0,14.9,20.700000000000003,0
2024-07-31 22:00:00,0.0,0.30000000000000004,19.700000000000003,0
2024-07-31 23:00:00,0.0,0.1,17.8,0
2024-08-01 00:00:00,0.0,0.0,17.700000000000003,0
2024-08-01 01:00:00,0.0,0.0,17.5,0
2024-08-01 02:00:00,0.0,0.0,17.400000000000002,0
2024-08-01 03:00:00,0.0,0.0,17.400000000000002,0
2024-08-01 04:00:00,0.0,0.0,17.400000000000002,0
2024-08-01 05:00:00,0.0,0.0,17.400000000000002,0
2024-08-01 06:00:00,0.0,0.0,17.400000000000002,0
2024-08-01 07:00:00,0.0,0.0,17.400000000000002,0
2024-08-01 08:00:00,0.0,0.0,17.400000000000002,0
2024-08-01 09:00:00,0.1,0.1,17.4,0
2024-08-01 10:00:00,0.2,0.30000000000000004,17.3,0
2024-08-01 11:00:00,0.0,0.30000000000000004,16.900000000000002,0
2024-08-01 12:00:00,0.0,0.30000000000000004,16.5,0
2024-08-01 13:00:00,0.0,0.30000000000000004,16.1,0
2024-08-01 14:00:00,0.1,0.4,15.799999999999999,0
2024-08-01 15:00:00,0.3,0.6000000000000001,15.6,0
2024-08-01 16:00:00,0.1,0.5,1.1,0
2024-08-01 17:00:00,0.1,0.6,1.0,0
2024-08-01 18:00:00,0.0,0.6,0.8999999999999999,0
2024-08-01 19:00:00,0.0,0.6,0.8999999999999999,0
2024-08-01 20:00:00,0.0,0.5,0.8999999999999999,0
2024-08-01 21:00:00,0.0,0.2,0.8999999999999999,0
2024-08-01 22:00:00,0.0,0.1,0.8999999999999999,0
2024-08-01 23:00:00,0.2,0.2,1.1,0
2024-08-02 00:00:00,0.0,0.2,1.1,0
2024-08-02 01:00:00,0.0,0.2,1.1,0
2024-08-02 02:00:00,0.0,0.2,1.1,0
2024-08-02 03:00:00,0.0,0.2,1.1,0
2024-08-02 04:00:00,0.0,0.2,1.1,0
2024-08-02 05:00:00,0.0,0.0,1.1,0
2024-08-02 06:00:00,0.0,0.0,1.1,0
2024-08-02 07:00:00,0.0,0.0,1.1,0
2024-08-02 08:00:00,0.0,0.0,1.1,0
2024-08-02 09:00:00,0.1,0.1,1.0999999999999999,0
2024-08-02 10:00:00,0.0,0.1,0.8999999999999999,0
2024-08-02 11:00:00,0.1,0.2,1.0,0
2024-08-02 12:00:00,0.3,0.5,1.2999999999999998,0
2024-08-02 13:00:00,2.2,2.7,3.5,0
2024-08-02 14:00:00,0.3,3.0,3.6999999999999997,0
2024-08-02 15:00:00,0.2,3.1,3.6,0
2024-08-02 16:00:00,5.2,8.3,8.7,0
2024-08-02 17:00:00,2.3,10.5,10.9,0
2024-08-02 18:00:00,0.4,10.6,11.3,0
2024-08-02 19:00:00,0.1,8.5,11.4,0
2024-08-02 20:00:00,0.0,8.2,11.4,0
2024-08-02 21:00:00,0.6,8.6,12.0,0
2024-08-02 22:00:00,0.0,3.399999999999999,12.0,0
2024-08-02 23:00:00,0.0,1.0999999999999992,11.799999999999999,0
2024-08-03 00:00:00,0.0,0.6999999999999991,11.799999999999999,0
2024-08-03 01:00:00,0.0,0.5999999999999991,11.799999999999999,0
2024-08-03 02:00:00,0.0,0.5999999999999991,11.799999999999999,0
2024-08-03 03:00:00,0.0,0.0,11.799999999999999,0
2024-08-03 04:00:00,0.0,0.0,11.799999999999999,0
2024-08-03 05:00:00,0.0,0.0,11.799999999999999,0
2024-08-03 06:00:00,0.0,0.0,11.799999999999999,0
2024-08-03 07:00:00,0.0,0.0,11.799999999999999,0
2024-08-03 08:00:00,0.0,0.0,11.799999999999999,0
2024-08-03 09:00:00,0.0,0.0,11.7,0
2024-08-03 10:00:00,0.0,0.0,11.7,0
2024-08-03 11:00:00,0.1,0.09999999999999912,11.7,0
2024-08-03 12:00:00,0.1,0.19999999999999912,11.5,0
2024-08-03 13:00:00,0.3,0.4999999999999991,9.6,0
2024-08-03 14:00:00,0.7,1.199999999999999,10.0,0
2024-08-03 15:00:00,0.7,1.899999999999999,10.5,0
2024-08-03 16:00:00,1.0,2.899999999999999,6.3,0
2024-08-03 17:00:00,0.5,3.299999999999999,4.5,0
2024-08-03 18:00:00,0.6,3.799999999999999,4.699999999999999,0
2024-08-03 19:00:00,0.0,3.499999999999999,4.6,0
2024-08-03 20:00:00,0.0,2.799999999999999,4.6,0
2024-08-03 21:00:00,0.0,2.099999999999999,4.0,0
2024-08-03 22:00:00,0.0,1.0999999999999992,4.0,0
2024-08-03 23:00:00,0.0,0.5999999999999991,4.0,0
2024-08-04 00:00:00,0.0,0.0,4.0,0
2024-08-04 01:00:00,0.0,0.0,4.0,0
2024-08-04 02:00:00,0.0,0.0,4.0,0
2024-08-04 03:00:00,0.0,0.0,4.0,0
2024-08-04 04:00:00,0.0,0.0,4.0,0
2024-08-04 05:00:00,0.0,0.0,4.0,0
2024-08-04 06:00:00,0.0,0.0,4.0,0
2024-08-04 07:00:00,0.0,0.0,4.0,0
2024-08-04 08:00:00,0.0,0.0,4.0,0
2024-08-04 09:00:00,0.1,0.09999999999999912,4.1,0
2024-08-04 10:00:00,0.0,0.09999999999999912,4.1,0
2024-08-04 11:00:00,0.1,0.19999999999999912,4.1,0
2024-08-04 12:00:00,0.3,0.4999999999999991,4.3,0
2024-08-04 13:00:00,0.1,0.5999999999999991,4.1,0
2024-08-04 14:00:00,0.0,0.5999999999999991,3.4,0
2024-08-04 15:00:00,0.2,0.6999999999999992,2.9,0
2024-08-04 16:00:00,1.1,1.7999999999999994,3.0,0
2024-08-04 17:00:00,2.1,3.7999999999999994,4.6,0
2024-08-04 18:00:00,0.0,3.4999999999999996,4.0,0
2024-08-04 19:00:00,0.8,4.199999999999999,4.800000000000001,0
2024-08-04 20:00:00,0.1,4.3,4.9,0
2024-08-04 21:00:00,0.0,4.1,4.9,0
2024-08-04 22:00:00,0.0,2.9999999999999996,4.9,0
2024-08-04 23:00:00,0.0,0.8999999999999991,4.9,0
2024-08-05 00:00:00,1.2,2.099999999999999,6.1000000000000005,0
2024-08-05 01:00:00,0.2,1.499999999999999,6.300000000000001,0
2024-08-05 02:00:00,0.0,1.3999999999999988,6.300000000000001,0
2024-08-05 03:00:00,0.0,1.3999999999999988,6.300000000000001,0
2024-08-05 04:00:00,0.0,1.3999999999999988,6.300000000000001,0
2024-08-05 05:00:00,0.0,1.3999999999999988,6.300000000000001,0
2024-08-05 06:00:00,0.0,0.1999999999999989,6.300000000000001,0
2024-08-05 07:00:00,0.0,0.0,6.300000000000001,0
2024-08-05 08:00:00,0.1,0.0999999999999989,6.4,0
2024-08-05 09:00:00,0.1,0.1999999999999989,6.4,0
2024-08-05 10:00:00,0.4,0.599999999999999,6.8,0
2024-08-05 11:00:00,0.1,0.699999999999999,6.800000000000001,0
2024-08-05 12:00:00,4.0,4.699999999999999,10.5,0
2024-08-05 13:00:00,5.8,10.5,16.200000000000003,0
2024-08-05 14:00:00,0.2,10.6,16.400000000000002,0
2024-08-05 15:00:00,0.3,10.8,16.5,0
2024-08-05 16:00:00,1.4,11.799999999999999,16.8,0
2024-08-05 17:00:00,0.2,11.9,14.9,0
2024-08-05 18:00:00,0.0,7.899999999999999,14.9,0
2024-08-05 19:00:00,0.0,2.099999999999999,14.1,0
2024-08-05 20:00:00,0.0,1.899999999999999,14.0,0
2024-08-05 21:00:00,0.0,1.599999999999999,14.0,0
2024-08-05 22:00:00,0.1,0.29999999999999916,14.1,0
2024-08-05 23:00:00,0.1,0.19999999999999912,14.200000000000001,0
2024-08-06 00:00:00,0.1,0.29999999999999916,13.1,0
2024-08-06 01:00:00,0.1,0.39999999999999913,13.0,0
2024-08-06 02:00:00,0.0,0.39999999999999913,13.0,0
2024-08-06 03:00:00,0.0,0.39999999999999913,13.0,0
2024-08-06 04:00:00,0.1,0.39999999999999913,13.1,0
2024-08-06 05:00:00,0.1,0.39999999999999913,13.2,0
2024-08-06 06:00:00,0.3,0.5999999999999992,13.5,0
2024-08-06 07:00:00,0.3,0.7999999999999992,13.8,0
2024-08-06 08:00:00,0.8,1.5999999999999992,14.5,0
2024-08-06 09:00:00,0.1,1.6999999999999993,14.5,0
2024-08-06 10:00:00,0.6,2.1999999999999993,14.700000000000001,0
2024-08-06 11:00:00,0.2,2.299999999999999,14.8,0
2024-08-06 12:00:00,0.7,2.6999999999999993,11.5,0
2024-08-06 13:00:00,0.3,2.6999999999999993,6.0,0
2024-08-06 14:00:00,0.2,2.0999999999999988,6.0,0
2024-08-06 15:00:00,0.1,2.0999999999999988,5.8,0
2024-08-06 16:00:00,0.5,1.9999999999999991,4.9,0
2024-08-06 17:00:00,0.3,2.099999999999999,5.0,0
2024-08-06 18:00:00,0.0,1.399999999999999,5.0,0
2024-08-06 19:00:00,0.0,1.099999999999999,5.0,0
2024-08-06 20:00:00,0.0,0.899999999999999,5.0,0
2024-08-06 21:00:00,0.0,0.7999999999999992,5.0,0
2024-08-06 22:00:00,0.0,0.2999999999999991,4.8999999999999995,0
2024-08-06 23:00:00,0.0,0.0,4.8,0
2024-08-07 00:00:00,0.0,0.0,4.699999999999999,0
2024-08-07 01:00:00,0.0,0.0,4.6,0
2024-08-07 02:00:00,0.0,0.0,4.6,0
2024-08-07 03:00:00,0.0,0.0,4.6,0
2024-08-07 04:00:00,0.0,0.0,4.5,0
2024-08-07 05:00:00,0.0,0.0,4.3999999999999995,0
2024-08-07 06:00:00,0.0,0.0,4.1,0
2024-08-07 07:00:00,0.0,0.0,3.8000000000000003,0
2024-08-07 08:00:00,0.1,0.09999999999999912,3.0999999999999996,0
2024-08-07 09:00:00,0.1,0.19999999999999912,3.0999999999999996,0
2024-08-07 10:00:00,0.1,0.29999999999999916,2.6,0
2024-08-07 11:00:00,0.4,0.6999999999999992,2.8,0
2024-08-07 12:00:00,0.2,0.8999999999999992,2.3,0
2024-08-07 13:00:00,0.2,1.0999999999999992,2.2,0
2024-08-07 14:00:00,0.1,1.0999999999999992,2.0999999999999996,0
2024-08-07 15:00:00,0.1,1.0999999999999992,2.1,0
2024-08-07 16:00:00,0.0,0.9999999999999991,1.5999999999999999,0
2024-08-07 17:00:00,0.0,0.5999999999999992,1.3,0
2024-08-07 18:00:00,0.0,0.39999999999999913,1.3,0
2024-08-07 19:00:00,0.0,0.19999999999999912,1.3,0
2024-08-07 20:00:00,0.0,0.09999999999999912,1.3,0
2024-08-07 21:00:00,0.0,0.0,1.3,0
2024-08-07 22:00:00,0.0,0.0,1.3,0
2024-08-07 23:00:00,0.0,0.0,1.3,0
2024-08-08 00:00:00,0.0,0.0,1.3,0
2024-08-08 01:00:00,0.0,0.0,1.3,0
2024-08-08 02:00:00,0.0,0.0,1.3,0
2024-08-08 03:00:00,0.0,0.0,1.3,0
2024-08-08 04:00:00,0.0,0.0,1.3,0
2024-08-08 05:00:00,0.0,0.0,1.3,0
2024-08-08 06:00:00,0.0,0.0,1.3,0
2024-08-08 07:00:00,0.0,0.0,1.3,0
2024-08-08 08:00:00,0.2,0.19999999999999912,1.4,0
2024-08-08 09:00:00,0.1,0.29999999999999916,1.4,0
2024-08-08 10:00:00,0.0,0.29999999999999916,1.3,0
2024-08-08 11:00:00,0.1,0.39999999999999913,1.0,0
2024-08-08 12:00:00,0.2,0.5999999999999992,1.0,0
2024-08-08 13:00:00,2.6,3.1999999999999993,3.4,0
2024-08-08 14:00:00,0.2,3.1999999999999993,3.5,0
2024-08-08 15:00:00,0.1,3.1999999999999993,3.4999999999999996,0
2024-08-08 16:00:00,0.0,3.1999999999999993,3.4999999999999996,0
2024-08-08 17:00:00,0.0,3.099999999999999,3.4999999999999996,0
2024-08-08 18:00:00,0.0,2.899999999999999,3.4999999999999996,0
2024-08-08 19:00:00,0.0,0.29999999999999916,3.4999999999999996,0
2024-08-08 20:00:00,0.0,0.09999999999999912,3.4999999999999996,0
2024-08-08 21:00:00,0.0,0.0,3.4999999999999996,0
2024-08-08 22:00:00,0.0,0.0,3.4999999999999996,0
2024-08-08 23:00:00,0.0,0.0,3.4999999999999996,0
2024-08-09 00:00:00,0.0,0.0,3.4999999999999996,0
2024-08-09 01:00:00,0.0,0.0,3.4999999999999996,0
2024-08-09 02:00:00,0.0,0.0,3.4999999999999996,0
2024-08-09 03:00:00,0.0,0.0,3.4999999999999996,0
2024-08-09 04:00:00,0.0,0.0,3.4999999999999996,0
2024-08-09 05:00:00,0.0,0.0,3.4999999999999996,0
2024-08-09 06:00:00,0.0,0.0,3.4999999999999996,0
2024-08-09 07:00:00,0.0,0.0,3.4999999999999996,0
2024-08-09 08:00:00,0.0,0.0,3.3,0
2024-08-09 09:00:00,0.1,0.09999999999999912,3.3,0
2024-08-09 10:00:00,0.0,0.09999999999999912,3.3,0
2024-08-09 11:00:00,0.0,0.09999999999999912,3.1999999999999997,0
2024-08-09 12:00:00,0.0,0.09999999999999912,3.0,0
2024-08-09 13:00:00,0.0,0.09999999999999912,0.3999999999999996,0
2024-08-09 14:00:00,0.0,0.09999999999999912,0.19999999999999957,0
2024-08-09 15:00:00,0.0,0.0,0.09999999999999956,0
2024-08-09 16:00:00,0.0,0.0,0.09999999999999956,0
2024-08-09 17:00:00,0.0,0.0,0.09999999999999956,0
2024-08-09 18:00:00,0.0,0.0,0.09999999999999956,0
2024-08-09 19:00:00,0.0,0.0,0.09999999999999956,0
2024-08-09 20:00:00,0.0,0.0,0.09999999999999956,0
2024-08-09 21:00:00,0.0,0.0,0.09999999999999956,0
2024-08-09 22:00:00,0.0,0.0,0.09999999999999956,0
2024-08-09 23:00:00,0.0,0.0,0.09999999999999956,0
2024-08-10 00:00:00,0.0,0.0,0.09999999999999956,0
2024-08-10 01:00:00,0.0,0.0,0.09999999999999956,0
2024-08-10 02:00:00,0.0,0.0,0.09999999999999956,0
2024-08-10 03:00:00,0.0,0.0,0.09999999999999956,0
2024-08-10 04:00:00,0.0,0.0,0.09999999999999956,0
2024-08-10 05:00:00,0.0,0.0,0.09999999999999956,0
2024-08-10 06:00:00,0.0,0.0,0.09999999999999956,0
2024-08-10 07:00:00,0.0,0.0,0.09999999999999956,0
2024-08-10 08:00:00,0.2,0.19999999999999912,0.2999999999999996,0
2024-08-10 09:00:00,0.0,0.19999999999999912,0.19999999999999957,0
2024-08-10 10:00:00,0.0,0.19999999999999912,0.19999999999999957,0
2024-08-10 11:00:00,0.0,0.19999999999999912,0.19999999999999957,0
2024-08-10 12:00:00,0.0,0.19999999999999912,0.19999999999999957,0
2024-08-10 13:00:00,1.1,1.2999999999999992,1.2999999999999996,0
2024-08-10 14:00:00,2.9,3.999999999999999,4.199999999999999,0
2024-08-10 15:00:00,2.0,5.999999999999999,6.199999999999999,0
2024-08-10 16:00:00,0.0,5.999999999999999,6.199999999999999,0
2024-08-10 17:00:00,0.0,5.999999999999999,6.199999999999999,0
2024-08-10 18:00:00,0.0,5.999999999999999,6.199999999999999,0
2024-08-10 19:00:00,0.0,4.899999999999999,6.199999999999999,0
2024-08-10 20:00:00,0.0,1.9999999999999991,6.199999999999999,0
2024-08-10 21:00:00,0.0,0.0,6.199999999999999,0
2024-08-10 22:00:00,0.0,0.0,6.199999999999999,0
2024-08-10 23:00:00,0.0,0.0,6.199999999999999,0
2024-08-11 00:00:00,0.0,0.0,6.199999999999999,0
2024-08-11 01:00:00,0.0,0.0,6.199999999999999,0
2024-08-11 02:00:00,0.0,0.0,6.199999999999999,0
2024-08-11 03:00:00,0.0,0.0,6.199999999999999,0
2024-08-11 04:00:00,0.0,0.0,6.199999999999999,0
2024-08-11 05:00:00,0.0,0.0,6.199999999999999,0
2024-08-11 06:00:00,0.0,0.0,6.199999999999999,0
2024-08-11 07:00:00,0.0,0.0,6.199999999999999,0
2024-08-11 08:00:00,0.0,0.0,6.0,0
2024-08-11 09:00:00,0.0,0.0,6.0,0
2024-08-11 10:00:00,0.0,0.0,6.0,0
2024-08-11 11:00:00,0.0,0.0,6.0,0
2024-08-11 12:00:00,0.4,0.39999999999999913,6.3999999999999995,0
2024-08-11 13:00:00,0.2,0.5999999999999992,5.5,0
2024-08-11 14:00:00,0.1,0.6999999999999992,2.6999999999999997,0
2024-08-11 15:00:00,0.1,0.7999999999999992,0.7999999999999996,0
2024-08-11 16:00:00,0.0,0.7999999999999992,0.7999999999999996,0
2024-08-11 17:00:00,0.5,1.2999999999999992,1.2999999999999996,0
2024-08-11 18:00:00,0.0,0.8999999999999991,1.2999999999999996,0
2024-08-11 19:00:00,0.0,0.6999999999999991,1.2999999999999996,0
2024-08-11 20:00:00,0.0,0.5999999999999991,1.2999999999999996,0
2024-08-11 21:00:00,0.0,0.4999999999999991,1.2999999999999996,0
2024-08-11 22:00:00,0.0,0.4999999999999991,1.2999999999999996,0
2024-08-11 23:00:00,0.0,0.0,1.2999999999999996,0
2024-08-12 00:00:00,0.0,0.0,1.2999999999999996,0
2024-08-12 01:00:00,0.0,0.0,1.2999999999999996,0
2024-08-12 02:00:00,0.0,0.0,1.2999999999999996,0
2024-08-12 03:00:00,0.0,0.0,1.2999999999999996,0
2024-08-12 04:00:00,0.0,0.0,1.2999999999999996,0
2024-08-12 05:00:00,0.0,0.0,1.2999999999999996,0
2024-08-12 06:00:00,0.2,0.19999999999999912,1.4999999999999996,0
2024-08-12 07:00:00,0.0,0.19999999999999912,1.4999999999999996,0
2024-08-12 08:00:00,0.0,0.19999999999999912,1.4999999999999996,0
2024-08-12 09:00:00,0.0,0.19999999999999912,1.4999999999999996,0
2024-08-12 10:00:00,0.3,0.4999999999999991,1.7999999999999996,0
2024-08-12 11:00:00,0.2,0.6999999999999991,1.9999999999999996,0
2024-08-12 12:00:00,0.0,0.4999999999999991,1.5999999999999996,0
2024-08-12 13:00:00,0.1,0.5999999999999991,1.4999999999999996,0
2024-08-12 14:00:00,0.1,0.6999999999999991,1.4999999999999996,0
2024-08-12 15:00:00,0.1,0.7999999999999992,1.4999999999999996,0
2024-08-12 16:00:00,0.0,0.4999999999999991,1.4999999999999996,0
2024-08-12 17:00:00,0.2,0.4999999999999991,1.1999999999999995,0
2024-08-12 18:00:00,0.0,0.4999999999999991,1.1999999999999995,0
2024-08-12 19:00:00,0.0,0.39999999999999913,1.1999999999999995,0
2024-08-12 20:00:00,0.0,0.29999999999999916,1.1999999999999995,0
2024-08-12 21:00:00,0.0,0.19999999999999912,1.1999999999999995,0
2024-08-12 22:00:00,0.0,0.19999999999999912,1.1999999999999995,0
2024-08-12 23:00:00,0.0,0.0,1.1999999999999995,0
2024-08-13 00:00:00,0.0,0.0,1.1999999999999995,0
2024-08-13 01:00:00,0.0,0.0,1.1999999999999995,0
2024-08-13 02:00:00,0.0,0.0,1.1999999999999995,0
2024-08-13 03:00:00,0.0,0.0,1.1999999999999995,0
2024-08-13 04:00:00,0.0,0.0,1.1999999999999995,0
2024-08-13 05:00:00,0.0,0.0,1.1999999999999995,0
2024-08-13 06:00:00,0.0,0.0,0.9999999999999997,0
2024-08-13 07:00:00,0.0,0.0,0.9999999999999996,0
2024-08-13 08:00:00,0.1,0.09999999999999912,1.0999999999999996,0
2024-08-13 09:00:00,0.0,0.09999999999999912,1.0999999999999996,0
2024-08-13 10:00:00,0.0,0.09999999999999912,0.7999999999999996,0
2024-08-13 11:00:00,0.0,0.09999999999999912,0.5999999999999996,0
2024-08-13 12:00:00,0.0,0.09999999999999912,0.5999999999999996,0
2024-08-13 13:00:00,0.0,0.09999999999999912,0.49999999999999956,0
2024-08-13 14:00:00,0.0,0.0,0.3999999999999996,0
2024-08-13 15:00:00,0.0,0.0,0.2999999999999996,0
2024-08-13 16:00:00,0.4,0.39999999999999913,0.6999999999999996,0
2024-08-13 17:00:00,0.9,1.2999999999999992,1.3999999999999995,0
2024-08-13 18:00:00,0.0,1.2999999999999992,1.3999999999999995,0
2024-08-13 19:00:00,0.0,1.2999999999999992,1.3999999999999995,0
2024-08-13 20:00:00,0.0,1.2999999999999992,1.3999999999999995,0
2024-08-13 21:00:00,0.0,1.2999999999999992,1.3999999999999995,0
2024-08-13 22:00:00,0.0,0.8999999999999991,1.3999999999999995,0
2024-08-13 23:00:00,0.0,0.0,1.3999999999999995,0
2024-08-14 00:00:00,0.0,0.0,1.3999999999999995,0
2024-08-14 01:00:00,0.0,0.0,1.3999999999999995,0
2024-08-14 02:00:00,0.0,0.0,1.3999999999999995,0
2024-08-14 03:00:00,0.0,0.0,1.3999999999999995,0
2024-08-14 04:00:00,0.0,0.0,1.3999999999999995,0
2024-08-14 05:00:00,0.0,0.0,1.3999999999999995,0
2024-08-14 06:00:00,0.0,0.0,1.3999999999999995,0
2024-08-14 07:00:00,0.0,0.0,1.3999999999999995,0
2024-08-14 08:00:00,0.0,0.0,1.2999999999999994,0
2024-08-14 09:00:00,0.1,0.09999999999999912,1.3999999999999995,0
2024-08-14 10:00:00,0.1,0.19999999999999912,1.4999999999999996,0
2024-08-14 11:00:00,0.2,0.39999999999999913,1.6999999999999995,0
2024-08-14 12:00:00,0.2,0.5999999999999992,1.8999999999999997,0
2024-08-14 13:00:00,0.1,0.6999999999999992,1.9999999999999996,0
2024-08-14 14:00:00,0.0,0.6999999999999992,1.9999999999999996,0
2024-08-14 15:00:00,0.0,0.5999999999999992,1.9999999999999996,0
2024-08-14 16:00:00,0.0,0.4999999999999991,1.5999999999999996,0
2024-08-14 17:00:00,0.0,0.29999999999999916,0.6999999999999996,0
2024-08-14 18:00:00,0.0,0.09999999999999912,0.6999999999999996,0
2024-08-14 19:00:00,0.0,0.0,0.6999999999999996,0
2024-08-14 20:00:00,0.0,0.0,0.6999999999999996,0
2024-08-14 21:00:00,0.0,0.0,0.6999999999999996,0
2024-08-14 22:00:00,0.0,0.0,0.6999999999999996,0
2024-08-14 23:00:00,0.0,0.0,0.6999999999999996,0
2024-08-15 00:00:00,0.0,0.0,0.6999999999999996,0
2024-08-15 01:00:00,0.5,0.4999999999999991,1.1999999999999997,0
2024-08-15 02:00:00,0.0,0.4999999999999991,1.1999999999999997,0
2024-08-15 03:00:00,0.0,0.4999999999999991,1.1999999999999997,0
2024-08-15 04:00:00,0.0,0.4999999999999991,1.1999999999999997,0
2024-08-15 05:00:00,0.0,0.4999999999999991,1.1999999999999997,0
2024-08-15 06:00:00,0.0,0.4999999999999991,1.1999999999999997,0
2024-08-15 07:00:00,0.0,0.0,1.1999999999999997,0
2024-08-15 08:00:00,0.0,0.0,1.1999999999999997,0
2024-08-15 09:00:00,0.1,0.09999999999999912,1.1999999999999995,0
2024-08-15 10:00:00,0.1,0.19999999999999912,1.1999999999999997,0
2024-08-15 11:00:00,0.1,0.29999999999999916,1.0999999999999996,0
2024-08-15 12:00:00,0.1,0.39999999999999913,0.9999999999999997,0
2024-08-15 13:00:00,0.0,0.39999999999999913,0.8999999999999996,0
2024-08-15 14:00:00,0.0,0.39999999999999913,0.8999999999999996,0
2024-08-15 15:00:00,0.1,0.39999999999999913,0.9999999999999996,0
2024-08-15 16:00:00,0.0,0.29999999999999916,0.9999999999999996,0
2024-08-15 17:00:00,0.0,0.19999999999999912,0.9999999999999996,0
2024-08-15 18:00:00,0.0,0.09999999999999912,0.9999999999999996,0
2024-08-15 19:00:00,0.0,0.09999999999999912,0.9999999999999996,0
2024-08-15 20:00:00,0.0,0.09999999999999912,0.9999999999999996,0
2024-08-15 21:00:00,0.0,0.0,0.9999999999999996,0
2024-08-15 22:00:00,0.0,0.0,0.9999999999999996,0
2024-08-15 23:00:00,0.0,0.0,0.9999999999999996,0
2024-08-16 00:00:00,0.0,0.0,0.9999999999999996,0
2024-08-16 01:00:00,0.0,0.0,0.49999999999999956,0
2024-08-16 02:00:00,0.0,0.0,0.49999999999999956,0
2024-08-16 03:00:00,0.0,0.0,0.49999999999999956,0
2024-08-16 04:00:00,0.0,0.0,0.49999999999999956,0
2024-08-16 05:00:00,0.0,0.0,0.49999999999999956,0
2024-08-16 06:00:00,0.0,0.0,0.49999999999999956,0
2024-08-16 07:00:00,0.0,0.0,0.49999999999999956,0
2024-08-16 08:00:00,0.0,0.0,0.49999999999999956,0
2024-08-16 09:00:00,0.2,0.19999999999999912,0.5999999999999996,0
2024-08-16 10:00:00,0.2,0.39999999999999913,0.6999999999999996,0
2024-08-16 11:00:00,0.1,0.4999999999999991,0.6999999999999996,0
2024-08-16 12:00:00,0.1,0.5999999999999992,0.6999999999999996,0
2024-08-16 13:00:00,0.0,0.5999999999999992,0.6999999999999995,0
2024-08-16 14:00:00,0.0,0.5999999999999992,0.6999999999999995,0
2024-08-16 15:00:00,0.0,0.39999999999999913,0.5999999999999995,0
2024-08-16 16:00:00,0.0,0.19999999999999912,0.5999999999999995,0
2024-08-16 17:00:00,0.0,0.09999999999999912,0.5999999999999995,0
2024-08-16 18:00:00,0.0,0.0,0.5999999999999995,0
2024-08-16 19:00:00,0.0,0.0,0.5999999999999995,0
2024-08-16 20:00:00,0.0,0.0,0.5999999999999995,0
2024-08-16 21:00:00,0.0,0.0,0.5999999999999995,0
2024-08-16 22:00:00,0.0,0.0,0.5999999999999995,0
2024-08-16 23:00:00,0.0,0.0,0.5999999999999995,0
2024-08-17 00:00:00,0.0,0.0,0.5999999999999995,0
2024-08-17 01:00:00,0.0,0.0,0.5999999999999995,0
2024-08-17 02:00:00,0.0,0.0,0.5999999999999995,0
2024-08-17 03:00:00,0.0,0.0,0.5999999999999995,0
2024-08-17 04:00:00,0.0,0.0,0.5999999999999995,0
2024-08-17 05:00:00,0.0,0.0,0.5999999999999995,0
2024-08-17 06:00:00,0.0,0.0,0.5999999999999995,0
2024-08-17 07:00:00,0.0,0.0,0.5999999999999995,0
2024-08-17 08:00:00,0.1,0.09999999999999912,0.6999999999999995,0
2024-08-17 09:00:00,0.0,0.09999999999999912,0.4999999999999996,0
2024-08-17 10:00:00,0.0,0.09999999999999912,0.2999999999999996,0
2024-08-17 11:00:00,0.1,0.19999999999999912,0.2999999999999996,0
2024-08-17 12:00:00,0.2,0.39999999999999913,0.3999999999999996,0
2024-08-17 13:00:00,0.2,0.5999999999999992,0.5999999999999996,0
2024-08-17 14:00:00,0.0,0.49999999999999917,0.5999999999999996,0
2024-08-17 15:00:00,2.8,3.299999999999999,3.3999999999999995,0
2024-08-17 16:00:00,0.0,3.299999999999999,3.3999999999999995,0
2024-08-17 17:00:00,0.0,3.199999999999999,3.3999999999999995,0
2024-08-17 18:00:00,0.0,2.999999999999999,3.3999999999999995,0
2024-08-17 19:00:00,0.0,2.799999999999999,3.3999999999999995,0
2024-08-17 20:00:00,0.0,2.799999999999999,3.3999999999999995,0
2024-08-17 21:00:00,0.0,0.0,3.3999999999999995,0
2024-08-17 22:00:00,0.0,0.0,3.3999999999999995,0
2024-08-17 23:00:00,0.0,0.0,3.3999999999999995,0
2024-08-18 00:00:00,0.0,0.0,3.3999999999999995,0
2024-08-18 01:00:00,0.0,0.0,3.3999999999999995,0
2024-08-18 02:00:00,0.0,0.0,3.3999999999999995,0
2024-08-18 03:00:00,0.0,0.0,3.3999999999999995,0
2024-08-18 04:00:00,0.0,0.0,3.3999999999999995,0
2024-08-18 05:00:00,0.0,0.0,3.3999999999999995,0
2024-08-18 06:00:00,0.0,0.0,3.3999999999999995,0
2024-08-18 07:00:00,0.0,0.0,3.3999999999999995,0
2024-08-18 08:00:00,0.0,0.0,3.2999999999999994,0
2024-08-18 09:00:00,0.0,0.0,3.2999999999999994,0
2024-08-18 10:00:00,0.0,0.0,3.2999999999999994,0
2024-08-18 11:00:00,0.0,0.0,3.1999999999999993,0
2024-08-18 12:00:00,1.7,1.699999999999999,4.699999999999999,0
2024-08-18 13:00:00,4.4,6.1,8.899999999999999,0
2024-08-18 14:00:00,0.2,6.3,9.1,0
2024-08-18 15:00:00,0.0,6.3,6.3,0
2024-08-18 16:00:00,0.0,6.3,6.3,0
2024-08-18 17:00:00,0.0,6.3,6.3,0
2024-08-18 18:00:00,0.0,4.6,6.3,0
2024-08-18 19:00:00,0.0,0.19999999999999912,6.3,0
2024-08-18 20:00:00,0.0,0.0,6.3,0
2024-08-18 21:00:00,0.0,0.0,6.3,0
2024-08-18 22:00:00,0.0,0.0,6.3,0
2024-08-18 23:00:00,0.1,0.09999999999999912,6.3999999999999995,0
2024-08-19 00:00:00,0.3,0.39999999999999913,6.699999999999999,0
2024-08-19 01:00:00,0.0,0.3999999999999991,6.699999999999999,0
2024-08-19 02:00:00,0.2,0.5999999999999991,6.8999999999999995,0
2024-08-19 03:00:00,0.0,0.5999999999999991,6.8999999999999995,0
2024-08-19 04:00:00,0.0,0.5999999999999991,6.8999999999999995,0
2024-08-19 05:00:00,0.0,0.4999999999999991,6.8999999999999995,0
2024-08-19 06:00:00,0.0,0.19999999999999907,6.8999999999999995,0
2024-08-19 07:00:00,0.0,0.19999999999999907,6.8999999999999995,0
2024-08-19 08:00:00,0.0,0.0,6.8999999999999995,0
2024-08-19 09:00:00,0.0,0.0,6.8999999999999995,0
2024-08-19 10:00:00,0.2,0.19999999999999907,7.1,0
2024-08-19 11:00:00,0.3,0.49999999999999906,7.3999999999999995,0
2024-08-19 12:00:00,0.3,0.799999999999999,5.999999999999999,0
2024-08-19 13:00:00,0.2,0.9999999999999991,1.7999999999999992,0
2024-08-19 14:00:00,3.2,4.199999999999999,4.799999999999999,0
2024-08-19 15:00:00,2.4,6.6,7.199999999999999,0
2024-08-19 16:00:00,3.1,9.5,10.299999999999999,0
2024-08-19 17:00:00,0.1,9.299999999999999,10.399999999999999,0
2024-08-19 18:00:00,0.0,9.0,10.399999999999999,0
2024-08-19 19:00:00,0.0,8.8,10.399999999999999,0
2024-08-19 20:00:00,0.0,5.599999999999999,10.399999999999999,0
2024-08-19 21:00:00,0.0,3.1999999999999993,10.399999999999999,0
2024-08-19 22:00:00,0.0,0.09999999999999912,10.399999999999999,0
2024-08-19 23:00:00,0.0,0.0,10.299999999999999,0
2024-08-20 00:00:00,0.1,0.09999999999999912,10.1,0
2024-08-20 01:00:00,0.2,0.29999999999999916,10.299999999999999,0
2024-08-20 02:00:00,0.0,0.29999999999999916,10.1,0
2024-08-20 03:00:00,0.0,0.29999999999999916,10.1,0
2024-08-20 04:00:00,0.0,0.29999999999999916,10.1,0
2024-08-20 05:00:00,0.0,0.29999999999999916,10.1,0
2024-08-20 06:00:00,0.0,0.19999999999999912,10.1,0
2024-08-20 07:00:00,0.0,0.0,10.1,0
2024-08-20 08:00:00,0.0,0.0,10.1,0
2024-08-20 09:00:00,0.0,0.0,10.1,0
2024-08-20 10:00:00,0.2,0.19999999999999912,10.099999999999998,0
2024-08-20 11:00:00,0.3,0.4999999999999991,10.1,0
2024-08-20 12:00:00,1.7,2.1999999999999993,11.5,0
2024-08-20 13:00:00,1.1,3.299999999999999,12.4,0
2024-08-20 14:00:00,1.0,4.299999999999999,10.2,0
2024-08-20 15:00:00,0.3,4.599999999999999,8.1,0
2024-08-20 16:00:00,0.1,4.499999999999999,5.1,0
2024-08-20 17:00:00,0.1,4.299999999999999,5.1,0
2024-08-20 18:00:00,0.0,2.5999999999999988,5.1,0
2024-08-20 19:00:00,0.0,1.4999999999999991,5.1,0
2024-08-20 20:00:00,0.0,0.4999999999999991,5.1,0
2024-08-20 21:00:00,0.0,0.19999999999999912,5.1,0
2024-08-20 22:00:00,0.0,0.09999999999999912,5.1,0
2024-08-20 23:00:00,0.0,0.0,5.1,0
2024-08-21 00:00:00,0.0,0.0,5.0,0
2024-08-21 01:00:00,0.0,0.0,4.799999999999999,0
2024-08-21 02:00:00,0.0,0.0,4.799999999999999,0
2024-08-21 03:00:00,0.6,0.5999999999999991,5.3999999999999995,0
2024-08-21 04:00:00,0.7,1.299999999999999,6.1,0
2024-08-21 05:00:00,0.0,1.299999999999999,6.1,0
2024-08-21 06:00:00,0.0,1.299999999999999,6.1,0
2024-08-21 07:00:00,0.0,1.299999999999999,6.1,0
2024-08-21 08:00:00,0.0,1.299999999999999,6.1,0
2024-08-21 09:00:00,0.0,0.6999999999999991,6.1,0
2024-08-21 10:00:00,0.0,0.0,5.8999999999999995,0
2024-08-21 11:00:00,0.0,0.0,5.6,0
2024-08-21 12:00:00,0.0,0.0,3.899999999999999,0
2024-08-21 13:00:00,0.1,0.09999999999999912,2.899999999999999,0
2024-08-21 14:00:00,0.1,0.19999999999999912,1.9999999999999991,0
2024-08-21 15:00:00,0.1,0.29999999999999916,1.799999999999999,0
2024-08-21 16:00:00,0.1,0.39999999999999913,1.7999999999999992,0
2024-08-21 17:00:00,1.5,1.899999999999999,3.1999999999999993,0
2024-08-21 18:00:00,0.1,1.9999999999999991,3.299999999999999,0
2024-08-21 19:00:00,0.0,1.899999999999999,3.299999999999999,0
2024-08-21 20:00:00,0.0,1.7999999999999992,3.299999999999999,0
2024-08-21 21:00:00,0.0,1.699999999999999,3.299999999999999,0
2024-08-21 22:00:00,0.0,1.5999999999999992,3.299999999999999,0
2024-08-21 23:00:00,0.0,0.09999999999999912,3.299999999999999,0
2024-08-22 00:00:00,0.0,0.0,3.299999999999999,0
2024-08-22 01:00:00,0.0,0.0,3.299999999999999,0
2024-08-22 02:00:00,0.0,0.0,3.299999999999999,0
2024-08-22 03:00:00,0.0,0.0,2.699999999999999,0
2024-08-22 04:00:00,0.0,0.0,1.9999999999999993,0
2024-08-22 05:00:00,0.0,0.0,1.9999999999999991,0
2024-08-22 06:00:00,0.0,0.0,1.9999999999999991,0
2024-08-22 07:00:00,0.0,0.0,1.9999999999999991,0
2024-08-22 08:00:00,0.1,0.09999999999999912,2.099999999999999,0
2024-08-22 09:00:00,0.0,0.09999999999999912,2.099999999999999,0
2024-08-22 10:00:00,0.1,0.19999999999999912,2.199999999999999,0
2024-08-22 11:00:00,0.1,0.29999999999999916,2.299999999999999,0
2024-08-22 12:00:00,0.0,0.29999999999999916,2.299999999999999,0
2024-08-22 13:00:00,0.0,0.29999999999999916,2.199999999999999,0
2024-08-22 14:00:00,0.1,0.29999999999999916,2.1999999999999993,0
2024-08-22 15:00:00,0.1,0.39999999999999913,2.1999999999999993,0
2024-08-22 16:00:00,0.1,0.39999999999999913,2.1999999999999993,0
2024-08-22 17:00:00,0.0,0.29999999999999916,0.6999999999999992,0
2024-08-22 18:00:00,0.0,0.29999999999999916,0.5999999999999992,0
2024-08-22 19:00:00,0.0,0.29999999999999916,0.5999999999999992,0
2024-08-22 20:00:00,0.0,0.19999999999999912,0.5999999999999992,0
2024-08-22 21:00:00,0.1,0.19999999999999912,0.6999999999999992,0
2024-08-22 22:00:00,0.3,0.39999999999999913,0.9999999999999991,0
2024-08-22 23:00:00,0.1,0.4999999999999991,1.0999999999999992,0
2024-08-23 00:00:00,0.0,0.4999999999999991,1.0999999999999992,0
2024-08-23 01:00:00,0.0,0.4999999999999991,1.0999999999999992,0
2024-08-23 02:00:00,0.0,0.4999999999999991,1.0999999999999992,0
2024-08-23 03:00:00,0.0,0.39999999999999913,1.0999999999999992,0
2024-08-23 04:00:00,0.0,0.09999999999999906,1.0999999999999992,0
2024-08-23 05:00:00,0.0,0.0,1.0999999999999992,0
2024-08-23 06:00:00,0.0,0.0,1.0999999999999992,0
2024-08-23 07:00:00,0.0,0.0,1.0999999999999992,0
2024-08-23 08:00:00,0.0,0.0,0.9999999999999991,0
2024-08-23 09:00:00,0.1,0.09999999999999906,1.0999999999999992,0
2024-08-23 10:00:00,0.3,0.399999999999999,1.2999999999999992,0
2024-08-23 11:00:00,0.1,0.4999999999999991,1.2999999999999992,0
2024-08-23 12:00:00,0.2,0.6999999999999991,1.4999999999999991,0
2024-08-23 13:00:00,0.6,1.299999999999999,2.0999999999999988,0
2024-08-23 14:00:00,0.0,1.299999999999999,1.9999999999999991,0
2024-08-23 15:00:00,0.7,1.899999999999999,2.5999999999999988,0
2024-08-23 16:00:00,2.5,4.1,4.999999999999998,0
2024-08-23 17:00:00,7.0,11.0,11.999999999999998,0
2024-08-23 18:00:00,0.1,10.9,12.099999999999998,0
2024-08-23 19:00:00,0.0,10.299999999999999,12.099999999999998,0
2024-08-23 20:00:00,0.0,10.299999999999999,12.099999999999998,0
2024-08-23 21:00:00,0.0,9.6,11.999999999999998,0
2024-08-23 22:00:00,1.6,8.7,13.299999999999997,0
2024-08-23 23:00:00,10.2,11.899999999999999,23.4,0
2024-08-24 00:00:00,0.1,11.899999999999999,23.499999999999996,0
2024-08-24 01:00:00,1.4,13.299999999999999,24.9,0
2024-08-24 02:00:00,1.4,14.7,26.299999999999997,0
2024-08-24 03:00:00,0.3,14.999999999999998,26.599999999999998,0
2024-08-24 04:00:00,0.0,13.399999999999999,26.599999999999998,0
2024-08-24 05:00:00,0.0,3.1999999999999997,26.599999999999998,0
2024-08-24 06:00:00,0.0,3.0999999999999996,26.599999999999998,0
2024-08-24 07:00:00,0.9,2.5999999999999996,27.499999999999996,0
2024-08-24 08:00:00,0.0,1.2,27.499999999999996,0
2024-08-24 09:00:00,0.1,0.9999999999999999,27.499999999999996,0
2024-08-24 10:00:00,0.2,1.2,27.4,0
2024-08-24 11:00:00,0.7,1.9,27.999999999999996,0
2024-08-24 12:00:00,0.9,2.8,28.699999999999996,0
2024-08-24 13:00:00,3.5,5.3999999999999995,31.599999999999994,0
2024-08-24 14:00:00,0.2,5.6,31.799999999999997,0
2024-08-24 15:00:00,0.0,5.5,31.099999999999998,0
2024-08-24 16:00:00,3.3,8.6,31.9,0
2024-08-24 17:00:00,0.7,8.6,25.599999999999998,0
2024-08-24 18:00:00,0.0,7.699999999999999,25.499999999999996,0
2024-08-24 19:00:00,0.1,4.299999999999999,25.599999999999994,0
2024-08-24 20:00:00,0.0,4.1,25.599999999999994,0
2024-08-24 21:00:00,0.0,4.1,25.599999999999994,0
2024-08-24 22:00:00,0.0,0.7999999999999995,23.999999999999996,0
2024-08-24 23:00:00,0.0,0.09999999999999956,13.799999999999999,0
2024-08-25 00:00:00,0.0,0.09999999999999956,13.7,0
2024-08-25 01:00:00,0.0,0.0,12.299999999999999,0
2024-08-25 02:00:00,0.0,0.0,10.899999999999999,0
2024-08-25 03:00:00,0.0,0.0,10.6,0
2024-08-25 04:00:00,0.0,0.0,10.6,0
2024-08-25 05:00:00,0.0,0.0,10.6,0
2024-08-25 06:00:00,0.0,0.0,10.6,0
2024-08-25 07:00:00,0.0,0.0,9.7,0
2024-08-25 08:00:00,0.0,0.0,9.7,0
2024-08-25 09:00:00,0.0,0.0,9.6,0
2024-08-25 10:00:00,0.2,0.19999999999999957,9.599999999999998,0
2024-08-25 11:00:00,0.2,0.3999999999999996,9.099999999999998,0
2024-08-25 12:00:00,0.5,0.8999999999999996,8.699999999999998,0
2024-08-25 13:00:00,9.5,10.4,14.699999999999998,0
2024-08-25 14:00:00,0.2,10.6,14.699999999999998,0
2024-08-25 15:00:00,0.4,11.0,15.099999999999998,0
2024-08-25 16:00:00,6.8,17.6,18.599999999999998,0
2024-08-25 17:00:00,4.3,21.700000000000003,22.199999999999996,0
2024-08-25 18:00:00,1.5,22.700000000000003,23.699999999999996,0
2024-08-25 19:00:00,1.4,14.6,24.999999999999996,0
2024-08-25 20:00:00,0.7,15.1,25.699999999999996,0
2024-08-25 21:00:00,4.9,19.6,30.599999999999994,0
2024-08-25 22:00:00,3.7,16.5,34.3,0
2024-08-25 23:00:00,0.3,12.5,34.599999999999994,0
2024-08-26 00:00:00,0.2,11.2,34.8,0
2024-08-26 01:00:00,0.5,10.3,35.3,0
2024-08-26 02:00:00,0.2,9.8,35.49999999999999,0
2024-08-26 03:00:00,0.1,5.0,35.599999999999994,0
2024-08-26 04:00:00,0.0,1.3,35.599999999999994,0
2024-08-26 05:00:00,0.0,1.0,35.599999999999994,0
2024-08-26 06:00:00,0.0,0.8,35.599999999999994,0
2024-08-26 07:00:00,0.6,0.9,36.199999999999996,0
2024-08-26 08:00:00,0.0,0.7,36.199999999999996,0
2024-08-26 09:00:00,0.0,0.6,36.199999999999996,0
2024-08-26 10:00:00,0.1,0.7,36.1,0
2024-08-26 11:00:00,0.1,0.8,36.0,0
2024-08-26 12:00:00,0.6,1.4,36.099999999999994,0
2024-08-26 13:00:00,0.2,1.0,26.799999999999997,0
2024-08-26 14:00:00,0.0,1.0,26.599999999999998,0
2024-08-26 15:00:00,0.0,1.0,26.199999999999996,0
2024-08-26 16:00:00,0.0,0.8999999999999999,19.4,0
2024-08-26 17:00:00,0.0,0.7999999999999998,15.099999999999998,0
2024-08-26 18:00:00,0.0,0.2,13.599999999999998,0
2024-08-26 19:00:00,0.1,0.1,12.299999999999997,0
2024-08-26 20:00:00,5.1,5.199999999999999,16.7,0
2024-08-26 21:00:00,7.8,13.0,19.599999999999998,0
2024-08-26 22:00:00,1.1,14.1,17.0,0
2024-08-26 23:00:00,4.6,18.7,21.299999999999997,0
2024-08-27 00:00:00,0.7,19.4,21.799999999999997,0
2024-08-27 01:00:00,0.6,19.9,21.9,0
2024-08-27 02:00:00,1.1,15.9,22.799999999999997,0
2024-08-27 03:00:00,0.6,8.700000000000001,23.299999999999997,0
2024-08-27 04:00:00,0.4,8.0,23.699999999999996,0
2024-08-27 05:00:00,0.3,3.6999999999999997,23.999999999999996,0
2024-08-27 06:00:00,0.7,3.7,24.699999999999996,0
2024-08-27 07:00:00,0.4,3.5,24.499999999999996,0
2024-08-27 08:00:00,0.1,2.5,24.599999999999994,0
2024-08-27 09:00:00,0.3,2.2,24.899999999999995,0
2024-08-27 10:00:00,0.2,2.0,24.999999999999996,0
2024-08-27 11:00:00,0.2,1.9,25.099999999999998,0
2024-08-27 12:00:00,0.2,1.4000000000000001,24.7,0
2024-08-27 13:00:00,0.1,1.0999999999999999,24.599999999999994,0
2024-08-27 14:00:00,0.2,1.2000000000000002,24.799999999999997,0
2024-08-27 15:00:00,0.0,0.9,24.799999999999997,0
2024-08-27 16:00:00,0.0,0.7,24.799999999999997,0
2024-08-27 17:00:00,0.0,0.5,24.799999999999997,0
2024-08-27 18:00:00,0.0,0.30000000000000004,24.799999999999997,0
2024-08-27 19:00:00,0.1,0.30000000000000004,24.799999999999997,0
2024-08-27 20:00:00,0.1,0.2,19.799999999999997,0
2024-08-27 21:00:00,0.0,0.2,11.999999999999998,0
2024-08-27 22:00:00,0.0,0.2,10.899999999999999,0
2024-08-27 23:00:00,0.0,0.2,6.299999999999998,0
2024-08-28 00:00:00,0.0,0.2,5.599999999999998,0
2024-08-28 01:00:00,0.0,0.1,4.999999999999998,0
2024-08-28 02:00:00,0.0,0.0,3.899999999999998,0
2024-08-28 03:00:00,0.1,0.1,3.399999999999998,0
2024-08-28 04:00:00,0.1,0.2,3.0999999999999983,0
2024-08-28 05:00:00,0.1,0.30000000000000004,2.8999999999999986,0
2024-08-28 06:00:00,0.5,0.8,2.6999999999999984,0
2024-08-28 07:00:00,1.0,1.8,3.2999999999999985,0
2024-08-28 08:00:00,0.9,2.7,4.099999999999999,0
2024-08-28 09:00:00,5.0,7.6,8.799999999999999,0
2024-08-28 10:00:00,0.5,8.0,9.099999999999998,0
2024-08-28 11:00:00,4.3,12.2,13.2,0
2024-08-28 12:00:00,0.4,12.1,13.399999999999999,0
2024-08-28 13:00:00,0.4,11.5,13.699999999999998,0
2024-08-28 14:00:00,0.4,10.999999999999998,13.899999999999999,0
2024-08-28 15:00:00,0.3,6.3,14.2,0
2024-08-28 16:00:00,0.1,5.8999999999999995,14.299999999999999,0
2024-08-28 17:00:00,0.2,1.8,14.499999999999998,0
2024-08-28 18:00:00,0.1,1.5,14.599999999999998,0
2024-08-28 19:00:00,0.1,1.2,14.6,0
2024-08-28 20:00:00,0.1,0.9,14.6,0
2024-08-28 21:00:00,0.4,1.0,15.0,0
2024-08-28 22:00:00,0.1,1.0,15.1,0
2024-08-28 23:00:00,0.0,0.8,15.1,0
2024-08-29 00:00:00,0.0,0.7,15.1,0
2024-08-29 01:00:00,0.0,0.6,15.1,0
2024-08-29 02:00:00,0.0,0.5,15.1,0
2024-08-29 03:00:00,0.0,0.1,14.999999999999998,0
2024-08-29 04:00:00,0.1,0.1,14.999999999999998,0
2024-08-29 05:00:00,0.2,0.30000000000000004,15.099999999999998,0
2024-08-29 06:00:00,0.2,0.5,14.799999999999999,0
2024-08-29 07:00:00,0.2,0.7000000000000001,13.999999999999998,0
2024-08-29 08:00:00,0.1,0.8,13.199999999999998,0
2024-08-29 09:00:00,0.2,1.0,8.399999999999999,0
2024-08-29 10:00:00,0.2,1.1,8.099999999999998,0
2024-08-29 11:00:00,0.1,1.0,3.8999999999999986,0
2024-08-29 12:00:00,0.1,0.9000000000000001,3.5999999999999983,0
2024-08-29 13:00:00,0.2,0.9,3.3999999999999986,0
2024-08-29 14:00:00,0.1,0.9,3.0999999999999983,0
2024-08-29 15:00:00,0.0,0.7,2.7999999999999985,0
2024-08-29 16:00:00,0.2,0.7000000000000001,2.8999999999999986,0
2024-08-29 17:00:00,0.0,0.6000000000000001,2.6999999999999984,0
2024-08-29 18:00:00,0.1,0.6,2.6999999999999984,0
2024-08-29 19:00:00,0.0,0.4,2.5999999999999983,0
2024-08-29 20:00:00,0.0,0.30000000000000004,2.4999999999999982,0
2024-08-29 21:00:00,0.0,0.30000000000000004,2.0999999999999983,0
2024-08-29 22:00:00,0.0,0.1,1.9999999999999984,0
2024-08-29 23:00:00,0.0,0.1,1.9999999999999984,0
2024-08-30 00:00:00,0.0,0.0,1.9999999999999984,0
2024-08-30 01:00:00,0.2,0.2,2.1999999999999984,0
2024-08-30 02:00:00,0.2,0.4,2.3999999999999986,0
2024-08-30 03:00:00,0.1,0.5,2.4999999999999982,0
2024-08-30 04:00:00,0.0,0.5,2.399999999999998,0
2024-08-30 05:00:00,0.0,0.5,2.1999999999999984,0
2024-08-30 06:00:00,0.0,0.5,1.9999999999999984,0
2024-08-30 07:00:00,0.1,0.4,1.8999999999999984,0
2024-08-30 08:00:00,0.1,0.30000000000000004,1.8999999999999984,0
2024-08-30 09:00:00,0.0,0.2,1.6999999999999984,0
2024-08-30 10:00:00,0.2,0.4,1.6999999999999982,0
2024-08-30 11:00:00,0.1,0.5,1.6999999999999984,0
2024-08-30 12:00:00,0.3,0.8,1.8999999999999981,0
2024-08-30 13:00:00,0.1,0.8,1.7999999999999983,0
2024-08-30 14:00:00,0.7,1.4,2.399999999999998,0
2024-08-30 15:00:00,0.2,1.5999999999999999,2.5999999999999983,0
2024-08-30 16:00:00,0.0,1.4,2.3999999999999986,0
2024-08-30 17:00:00,0.0,1.2999999999999998,2.3999999999999986,0
2024-08-30 18:00:00,0.0,1.0,2.2999999999999985,0
2024-08-30 19:00:00,0.0,0.8999999999999999,2.2999999999999985,0
2024-08-30 20:00:00,0.0,0.2,2.2999999999999985,0
2024-08-30 21:00:00,0.0,0.0,2.2999999999999985,0
2024-08-30 22:00:00,0.0,0.0,2.2999999999999985,0
2024-08-30 23:00:00,0.0,0.0,2.2999999999999985,0
2024-08-31 00:00:00,0.0,0.0,2.2999999999999985,0
2024-08-31 01:00:00,0.0,0.0,2.0999999999999983,0
2024-08-31 02:00:00,0.0,0.0,1.8999999999999981,0
2024-08-31 03:00:00,0.0,0.0,1.799999999999998,0
2024-08-31 04:00:00,0.0,0.0,1.799999999999998,0
2024-08-31 05:00:00,0.0,0.0,1.799999999999998,0
2024-08-31 06:00:00,0.0,0.0,1.799999999999998,0
2024-08-31 07:00:00,0.0,0.0,1.6999999999999982,0
2024-08-31 08:00:00,0.1,0.1,1.6999999999999982,0
2024-08-31 09:00:00,0.3,0.4,1.9999999999999982,0
2024-08-31 10:00:00,0.1,0.5,1.8999999999999981,0
2024-08-31 11:00:00,0.3,0.7999999999999999,2.099999999999998,0
2024-08-31 12:00:00,0.7,1.5,2.4999999999999982,0
2024-08-31 13:00:00,0.6,2.0999999999999996,2.9999999999999982,0
2024-08-31 14:00:00,0.1,2.0999999999999996,2.399999999999998,0
2024-08-31 15:00:00,0.0,1.8,2.1999999999999984,0
2024-08-31 16:00:00,0.0,1.7,2.1999999999999984,0
2024-08-31 17:00:00,0.0,1.4,2.1999999999999984,0
2024-08-31 18:00:00,0.0,0.6999999999999998,2.1999999999999984,0
2024-08-31 19:00:00,0.0,0.0999999999999999,2.1999999999999984,0
2024-08-31 20:00:00,0.0,0.0,2.1999999999999984,0
2024-08-31 21:00:00,0.0,0.0,2.1999999999999984,0
2024-08-31 22:00:00,0.0,0.0,2.1999999999999984,0
2024-08-31 23:00:00,0.0,0.0,2.1999999999999984,0
2024-09-01 00:00:00,0.0,0.0,2.1999999999999984,0
2024-09-01 01:00:00,0.0,0.0,2.1999999999999984,0
2024-09-01 02:00:00,2.0,2.0,4.199999999999998,0
2024-09-01 03:00:00,0.4,2.4,4.599999999999998,0
2024-09-01 04:00:00,0.0,2.4,4.599999999999998,0
2024-09-01 05:00:00,0.3,2.7,4.899999999999999,0
2024-09-01 06:00:00,0.4,3.1,5.299999999999998,0
2024-09-01 07:00:00,0.4,3.5,5.699999999999998,0
2024-09-01 08:00:00,0.4,1.9000000000000001,5.999999999999998,0
2024-09-01 09:00:00,0.8,2.3,6.499999999999998,0
2024-09-01 10:00:00,1.1,3.4000000000000004,7.499999999999998,0
2024-09-01 11:00:00,1.0,4.1000000000000005,8.2,0
2024-09-01 12:00:00,2.1,5.800000000000001,9.599999999999998,0
2024-09-01 13:00:00,0.5,5.9,9.5,0
2024-09-01 14:00:00,0.6,6.1000000000000005,10.0,0
2024-09-01 15:00:00,0.8,6.1,10.799999999999999,0
2024-09-01 16:00:00,3.7,8.7,14.5,0
2024-09-01 17:00:00,1.1,8.8,15.6,0
2024-09-01 18:00:00,3.0,9.7,18.6,0
2024-09-01 19:00:00,6.4,15.6,25.0,0
2024-09-01 20:00:00,7.4,22.4,32.4,0
2024-09-01 21:00:00,33.2,54.8,65.6,0
2024-09-01 22:00:00,29.8,80.89999999999999,95.4,0
2024-09-01 23:00:00,8.5,88.3,103.9,0
2024-09-02 00:00:00,13.5,98.8,117.4,0
2024-09-02 01:00:00,10.5,102.89999999999999,127.9,0
2024-09-02 02:00:00,9.2,104.7,135.1,0
2024-09-02 03:00:00,12.7,84.2,147.4,0
2024-09-02 04:00:00,8.5,62.89999999999999,155.9,0
2024-09-02 05:00:00,2.1,56.499999999999986,157.70000000000002,0
2024-09-02 06:00:00,0.8,43.79999999999999,158.1,0
2024-09-02 07:00:00,0.2,33.49999999999999,157.9,0
2024-09-02 08:00:00,0.4,24.699999999999992,157.9,0
2024-09-02 09:00:00,0.1,12.099999999999993,157.20000000000002,0
2024-09-02 10:00:00,0.3,3.8999999999999932,156.39999999999998,0
2024-09-02 11:00:00,1.4,3.199999999999993,156.79999999999998,0
2024-09-02 12:00:00,0.8,3.199999999999993,155.5,0
2024-09-02 13:00:00,1.0,3.999999999999993,156.0,0
2024-09-02 14:00:00,0.5,4.0999999999999925,155.9,0
2024-09-02 15:00:00,1.2,5.199999999999993,156.29999999999998,0
2024-09-02 16:00:00,0.8,5.699999999999993,153.4,0
2024-09-02 17:00:00,3.9,8.199999999999992,156.20000000000002,0
2024-09-02 18:00:00,0.4,7.799999999999993,153.6,0
2024-09-02 19:00:00,5.2,11.999999999999993,152.4,0
2024-09-02 20:00:00,2.8,14.299999999999994,147.79999999999998,0
2024-09-02 21:00:00,0.4,13.499999999999993,114.99999999999999,0
2024-09-02 22:00:00,0.1,12.799999999999994,85.3,0
2024-09-02 23:00:00,0.3,9.199999999999992,77.1,0
2024-09-03 00:00:00,0.3,9.099999999999993,63.9,0
2024-09-03 01:00:00,0.2,4.0999999999999925,53.59999999999999,0
2024-09-03 02:00:00,0.8,2.099999999999993,45.199999999999996,0
2024-09-03 03:00:00,0.3,1.9999999999999931,32.8,0
2024-09-03 04:00:00,0.3,2.199999999999993,24.599999999999994,0
2024-09-03 05:00:00,0.2,2.099999999999993,22.699999999999992,0
2024-09-03 06:00:00,0.3,2.099999999999993,22.199999999999996,0
2024-09-03 07:00:00,0.2,2.099999999999993,22.199999999999992,0
2024-09-03 08:00:00,0.1,1.3999999999999928,21.899999999999995,0
2024-09-03 09:00:00,0.3,1.3999999999999928,22.09999999999999,0
2024-09-03 10:00:00,0.4,1.499999999999993,22.199999999999996,0
2024-09-03 11:00:00,0.2,1.499999999999993,20.999999999999993,0
2024-09-03 12:00:00,0.4,1.599999999999993,20.59999999999999,0
2024-09-03 13:00:00,0.2,1.599999999999993,19.799999999999994,0
2024-09-03 14:00:00,1.1,2.5999999999999934,20.39999999999999,0
2024-09-03 15:00:00,0.3,2.5999999999999934,19.499999999999993,0
2024-09-03 16:00:00,0.2,2.3999999999999932,18.89999999999999,0
2024-09-03 17:00:00,0.1,2.299999999999993,15.099999999999993,0
2024-09-03 18:00:00,0.0,1.8999999999999932,14.699999999999992,0
2024-09-03 19:00:00,0.0,1.699999999999993,9.499999999999993,0
2024-09-03 20:00:00,0.1,0.6999999999999929,6.799999999999993,0
2024-09-03 21:00:00,0.1,0.4999999999999929,6.499999999999993,0
2024-09-03 22:00:00,0.2,0.4999999999999929,6.599999999999993,0
2024-09-03 23:00:00,0.3,0.699999999999993,6.599999999999993,0
2024-09-04 00:00:00,0.3,0.9999999999999929,6.599999999999993,0
2024-09-04 01:00:00,0.1,1.099999999999993,6.499999999999993,0
2024-09-04 02:00:00,0.3,1.2999999999999927,5.999999999999993,0
2024-09-04 03:00:00,0.1,1.299999999999993,5.799999999999993,0
2024-09-04 04:00:00,0.2,1.2999999999999927,5.699999999999993,0
2024-09-04 05:00:00,0.0,0.9999999999999929,5.499999999999993,0
2024-09-04 06:00:00,0.1,0.7999999999999928,5.299999999999993,0
2024-09-04 07:00:00,0.3,0.9999999999999929,5.399999999999992,0
2024-09-04 08:00:00,0.3,0.9999999999999929,5.5999999999999925,0
2024-09-04 09:00:00,0.1,0.9999999999999929,5.399999999999993,0
2024-09-04 10:00:00,0.2,0.9999999999999929,5.199999999999993,0
2024-09-04 11:00:00,0.1,1.099999999999993,5.0999999999999925,0
2024-09-04 12:00:00,0.5,1.499999999999993,5.199999999999993,0
2024-09-04 13:00:00,0.0,1.1999999999999929,4.999999999999993,0
2024-09-04 14:00:00,0.1,0.9999999999999929,3.999999999999993,0
2024-09-04 15:00:00,0.3,1.199999999999993,3.999999999999993,0
2024-09-04 16:00:00,0.0,0.9999999999999929,3.7999999999999927,0
2024-09-04 17:00:00,0.0,0.8999999999999929,3.699999999999993,0
2024-09-04 18:00:00,0.0,0.3999999999999929,3.699999999999993,0
2024-09-04 19:00:00,0.0,0.3999999999999929,3.699999999999993,0
2024-09-04 20:00:00,0.0,0.29999999999999294,3.5999999999999925,0
2024-09-04 21:00:00,0.0,0.0,3.499999999999993,0
2024-09-04 22:00:00,0.0,0.0,3.2999999999999927,0
2024-09-04 23:00:00,0.0,0.0,2.999999999999993,0
2024-09-05 00:00:00,0.0,0.0,2.699999999999993,0
2024-09-05 01:00:00,0.0,0.0,2.5999999999999925,0
2024-09-05 02:00:00,0.0,0.0,2.2999999999999927,0
2024-09-05 03:00:00,0.1,0.0999999999999929,2.2999999999999927,0
2024-09-05 04:00:00,0.1,0.1999999999999929,2.199999999999993,0
2024-09-05 05:00:00,0.2,0.3999999999999929,2.3999999999999932,0
2024-09-05 06:00:00,0.1,0.4999999999999929,2.3999999999999932,0
2024-09-05 07:00:00,0.2,0.699999999999993,2.2999999999999927,0
2024-09-05 08:00:00,2.1,2.799999999999993,4.0999999999999925,0
2024-09-05 09:00:00,0.1,2.799999999999993,4.0999999999999925,0
2024-09-05 10:00:00,1.8,4.499999999999993,5.699999999999993,0
2024-09-05 11:00:00,1.3,5.5999999999999925,6.899999999999993,0
2024-09-05 12:00:00,0.1,5.599999999999993,6.499999999999993,0
2024-09-05 13:00:00,0.6,5.999999999999993,7.0999999999999925,0
2024-09-05 14:00:00,0.2,4.099999999999993,7.199999999999993,0
2024-09-05 15:00:00,0.1,4.0999999999999925,6.999999999999993,0
2024-09-05 16:00:00,0.2,2.4999999999999933,7.199999999999993,0
2024-09-05 17:00:00,0.0,1.1999999999999929,7.199999999999993,0
2024-09-05 18:00:00,0.0,1.0999999999999928,7.199999999999993,0
2024-09-05 19:00:00,0.0,0.4999999999999929,7.199999999999993,0
2024-09-05 20:00:00,0.0,0.29999999999999294,7.199999999999993,0
2024-09-05 21:00:00,0.0,0.1999999999999929,7.199999999999993,0
2024-09-05 22:00:00,0.0,0.0,7.199999999999993,0
2024-09-05 23:00:00,0.0,0.0,7.199999999999993,0
2024-09-06 00:00:00,0.0,0.0,7.199999999999993,0
2024-09-06 01:00:00,0.0,0.0,7.199999999999993,0
2024-09-06 02:00:00,0.0,0.0,7.199999999999993,0
2024-09-06 03:00:00,0.0,0.0,7.0999999999999925,0
2024-09-06 04:00:00,0.0,0.0,6.999999999999993,0
2024-09-06 05:00:00,0.0,0.0,6.799999999999993,0
2024-09-06 06:00:00,0.0,0.0,6.699999999999993,0
2024-09-06 07:00:00,0.0,0.0,6.499999999999993,0
2024-09-06 08:00:00,0.1,0.0999999999999929,4.499999999999994,0
2024-09-06 09:00:00,0.1,0.1999999999999929,4.499999999999993,0
2024-09-06 10:00:00,0.0,0.1999999999999929,2.699999999999993,0
2024-09-06 11:00:00,0.0,0.1999999999999929,1.3999999999999928,0
2024-09-06 12:00:00,0.0,0.1999999999999929,1.2999999999999927,0
2024-09-06 13:00:00,0.0,0.1999999999999929,0.699999999999993,0
2024-09-06 14:00:00,0.0,0.0999999999999929,0.4999999999999929,0
2024-09-06 15:00:00,0.3,0.2999999999999929,0.699999999999993,0
2024-09-06 16:00:00,0.0,0.2999999999999929,0.4999999999999929,0
2024-09-06 17:00:00,0.0,0.2999999999999929,0.4999999999999929,0
2024-09-06 18:00:00,0.0,0.2999999999999929,0.4999999999999929,0
2024-09-06 19:00:00,0.0,0.2999999999999929,0.4999999999999929,0
2024-09-06 20:00:00,0.0,0.2999999999999929,0.4999999999999929,0
2024-09-06 21:00:00,0.0,0.0,0.4999999999999929,0
2024-09-06 22:00:00,0.0,0.0,0.4999999999999929,0
2024-09-06 23:00:00,0.0,0.0,0.4999999999999929,0
2024-09-07 00:00:00,0.0,0.0,0.4999999999999929,0
2024-09-07 01:00:00,0.0,0.0,0.4999999999999929,0
2024-09-07 02:00:00,0.0,0.0,0.4999999999999929,0
2024-09-07 03:00:00,0.0,0.0,0.4999999999999929,0
2024-09-07 04:00:00,0.0,0.0,0.4999999999999929,0
2024-09-07 05:00:00,0.0,0.0,0.4999999999999929,0
2024-09-07 06:00:00,0.0,0.0,0.4999999999999929,0
2024-09-07 07:00:00,0.0,0.0,0.4999999999999929,0
2024-09-07 08:00:00,0.0,0.0,0.3999999999999929,0
2024-09-07 09:00:00,0.0,0.0,0.29999999999999294,0
2024-09-07 10:00:00,0.0,0.0,0.29999999999999294,0
2024-09-07 11:00:00,0.0,0.0,0.29999999999999294,0
2024-09-07 12:00:00,0.0,0.0,0.29999999999999294,0
2024-09-07 13:00:00,0.0,0.0,0.29999999999999294,0
2024-09-07 14:00:00,0.0,0.0,0.29999999999999294,0
2024-09-07 15:00:00,0.0,0.0,0.0,0
2024-09-07 16:00:00,0.0,0.0,0.0,0
2024-09-07 17:00:00,0.0,0.0,0.0,0
2024-09-07 18:00:00,0.0,0.0,0.0,0
2024-09-07 19:00:00,0.0,0.0,0.0,0
2024-09-07 20:00:00,0.0,0.0,0.0,0
2024-09-07 21:00:00,0.0,0.0,0.0,0
2024-09-07 22:00:00,0.0,0.0,0.0,0
2024-09-07 23:00:00,0.0,0.0,0.0,0
2024-09-08 00:00:00,0.0,0.0,0.0,0
2024-09-08 01:00:00,0.0,0.0,0.0,0
2024-09-08 02:00:00,0.0,0.0,0.0,0
2024-09-08 03:00:00,0.0,0.0,0.0,0
2024-09-08 04:00:00,0.0,0.0,0.0,0
2024-09-08 05:00:00,0.0,0.0,0.0,0
2024-09-08 06:00:00,0.0,0.0,0.0,0
2024-09-08 07:00:00,0.0,0.0,0.0,0
2024-09-08 08:00:00,0.0,0.0,0.0,0
2024-09-08 09:00:00,0.0,0.0,0.0,0
2024-09-08 10:00:00,0.0,0.0,0.0,0
2024-09-08 11:00:00,0.1,0.0999999999999929,0.0999999999999929,0
2024-09-08 12:00:00,0.0,0.0999999999999929,0.0999999999999929,0
2024-09-08 13:00:00,0.1,0.1999999999999929,0.1999999999999929,0
2024-09-08 14:00:00,0.9,1.099999999999993,1.099999999999993,0
2024-09-08 15:00:00,0.5,1.599999999999993,1.599999999999993,0
2024-09-08 16:00:00,0.0,1.599999999999993,1.599999999999993,0
2024-09-08 17:00:00,0.0,1.499999999999993,1.599999999999993,0
2024-09-08 18:00:00,0.8,2.2999999999999927,2.399999999999993,0
2024-09-08 19:00:00,0.0,2.1999999999999926,2.399999999999993,0
2024-09-08 20:00:00,0.0,1.2999999999999927,2.399999999999993,0
2024-09-08 21:00:00,0.0,0.7999999999999928,2.399999999999993,0
2024-09-08 22:00:00,0.0,0.7999999999999928,2.399999999999993,0
2024-09-08 23:00:00,0.0,0.7999999999999928,2.399999999999993,0
2024-09-09 00:00:00,0.0,0.0,2.399999999999993,0
2024-09-09 01:00:00,0.0,0.0,2.399999999999993,0
2024-09-09 02:00:00,0.0,0.0,2.399999999999993,0
2024-09-09 03:00:00,0.0,0.0,2.399999999999993,0
2024-09-09 04:00:00,0.0,0.0,2.399999999999993,0
2024-09-09 05:00:00,0.0,0.0,2.399999999999993,0
2024-09-09 06:00:00,0.0,0.0,2.399999999999993,0
2024-09-09 07:00:00,0.0,0.0,2.399999999999993,0
2024-09-09 08:00:00,0.0,0.0,2.399999999999993,0
2024-09-09 09:00:00,0.0,0.0,2.399999999999993,0
2024-09-09 10:00:00,0.1,0.09999999999999279,2.499999999999993,0
2024-09-09 11:00:00,0.1,0.1999999999999928,2.499999999999993,0
2024-09-09 12:00:00,0.0,0.1999999999999928,2.499999999999993,0
2024-09-09 13:00:00,0.0,0.1999999999999928,2.399999999999993,0
2024-09-09 14:00:00,0.0,0.1999999999999928,1.499999999999993,0
2024-09-09 15:00:00,0.0,0.1999999999999928,0.9999999999999929,0
2024-09-09 16:00:00,0.0,0.09999999999999279,0.9999999999999929,0
2024-09-09 17:00:00,0.0,0.0,0.9999999999999929,0
2024-09-09 18:00:00,0.0,0.0,0.1999999999999928,0
2024-09-09 19:00:00,0.0,0.0,0.1999999999999928,0
2024-09-09 20:00:00,0.2,0.1999999999999928,0.3999999999999928,0
2024-09-09 21:00:00,0.0,0.1999999999999928,0.3999999999999928,0
2024-09-09 22:00:00,0.0,0.1999999999999928,0.3999999999999928,0
2024-09-09 23:00:00,0.0,0.1999999999999928,0.3999999999999928,0
2024-09-10 00:00:00,0.0,0.1999999999999928,0.3999999999999928,0
2024-09-10 01:00:00,0.0,0.1999999999999928,0.3999999999999928,0
2024-09-10 02:00:00,0.0,0.0,0.3999999999999928,0
2024-09-10 03:00:00,0.0,0.0,0.3999999999999928,0
2024-09-10 04:00:00,0.0,0.0,0.3999999999999928,0
2024-09-10 05:00:00,0.0,0.0,0.3999999999999928,0
2024-09-10 06:00:00,0.0,0.0,0.3999999999999928,0
2024-09-10 07:00:00,0.0,0.0,0.3999999999999928,0
2024-09-10 08:00:00,0.0,0.0,0.3999999999999928,0
2024-09-10 09:00:00,0.0,0.0,0.3999999999999928,0
2024-09-10 10:00:00,0.0,0.0,0.29999999999999283,0
2024-09-10 11:00:00,0.2,0.1999999999999928,0.3999999999999928,0
2024-09-10 12:00:00,1.1,1.299999999999993,1.499999999999993,0
2024-09-10 13:00:00,0.2,1.499999999999993,1.6999999999999929,0
2024-09-10 14:00:00,2.2,3.699999999999993,3.8999999999999932,0
2024-09-10 15:00:00,0.2,3.8999999999999932,4.099999999999993,0
2024-09-10 16:00:00,0.1,3.999999999999993,4.199999999999993,0
2024-09-10 17:00:00,0.5,4.299999999999993,4.699999999999993,0
2024-09-10 18:00:00,0.1,3.299999999999993,4.799999999999994,0
2024-09-10 19:00:00,0.0,3.099999999999993,4.799999999999994,0
2024-09-10 20:00:00,0.0,0.8999999999999929,4.599999999999993,0
2024-09-10 21:00:00,0.0,0.6999999999999929,4.599999999999993,0
2024-09-10 22:00:00,0.0,0.5999999999999929,4.599999999999993,0
2024-09-10 23:00:00,0.0,0.0999999999999929,4.599999999999993,0
2024-09-11 00:00:00,0.0,0.0,4.599999999999993,0
2024-09-11 01:00:00,0.2,0.1999999999999929,4.799999999999993,0
2024-09-11 02:00:00,0.1,0.29999999999999294,4.899999999999993,0
2024-09-11 03:00:00,0.3,0.5999999999999929,5.199999999999993,0
2024-09-11 04:00:00,0.1,0.6999999999999929,5.299999999999993,0
2024-09-11 05:00:00,0.0,0.6999999999999929,5.299999999999993,0
2024-09-11 06:00:00,0.0,0.6999999999999929,5.299999999999993,0
2024-09-11 07:00:00,0.0,0.4999999999999929,5.299999999999993,0
2024-09-11 08:00:00,0.0,0.3999999999999929,5.299999999999993,0
2024-09-11 09:00:00,0.1,0.19999999999999285,5.399999999999993,0
2024-09-11 10:00:00,0.1,0.19999999999999285,5.499999999999993,0
2024-09-11 11:00:00,0.0,0.19999999999999285,5.299999999999993,0
2024-09-11 12:00:00,5.9,6.099999999999993,10.099999999999994,0
2024-09-11 13:00:00,6.6,12.699999999999992,16.499999999999993,0
2024-09-11 14:00:00,0.1,12.799999999999994,14.399999999999993,0
2024-09-11 15:00:00,0.2,12.899999999999993,14.399999999999993,0
2024-09-11 16:00:00,1.8,14.599999999999994,16.09999999999999,0
2024-09-11 17:00:00,0.2,14.799999999999994,15.799999999999992,0
2024-09-11 18:00:00,0.1,8.999999999999991,15.799999999999992,0
2024-09-11 19:00:00,0.0,2.399999999999993,15.799999999999992,0
2024-09-11 20:00:00,0.0,2.2999999999999927,15.799999999999992,0
2024-09-11 21:00:00,0.0,2.099999999999993,15.799999999999992,0
2024-09-11 22:00:00,0.0,0.29999999999999294,15.799999999999992,0
2024-09-11 23:00:00,0.0,0.0999999999999929,15.799999999999992,0
2024-09-12 00:00:00,0.0,0.0,15.799999999999992,0
2024-09-12 01:00:00,0.2,0.1999999999999929,15.799999999999994,0
2024-09-12 02:00:00,1.3,1.499999999999993,16.999999999999993,0
2024-09-12 03:00:00,0.2,1.6999999999999929,16.89999999999999,0
2024-09-12 04:00:00,0.1,1.799999999999993,16.89999999999999,0
2024-09-12 05:00:00,0.1,1.8999999999999928,16.999999999999993,0
2024-09-12 06:00:00,0.1,1.999999999999993,17.09999999999999,0
2024-09-12 07:00:00,0.2,1.999999999999993,17.29999999999999,0
2024-09-12 08:00:00,0.0,0.699999999999993,17.29999999999999,0
2024-09-12 09:00:00,0.0,0.4999999999999929,17.199999999999992,0
2024-09-12 10:00:00,0.1,0.49999999999999295,17.199999999999992,0
2024-09-12 11:00:00,0.4,0.7999999999999929,17.59999999999999,0
2024-09-12 12:00:00,0.6,1.299999999999993,12.299999999999994,0
2024-09-12 13:00:00,2.7,3.799999999999993,8.399999999999993,0
2024-09-12 14:00:00,9.8,13.599999999999994,18.099999999999994,0
2024-09-12 15:00:00,18.6,32.199999999999996,36.5,0
2024-09-12 16:00:00,14.3,46.39999999999999,48.99999999999999,0
2024-09-12 17:00:00,7.5,53.5,56.3,0
2024-09-12 18:00:00,16.8,69.69999999999999,73.0,0
2024-09-12 19:00:00,14.5,81.5,87.5,0
2024-09-12 20:00:00,5.8,77.5,93.3,0
2024-09-12 21:00:00,0.2,59.099999999999994,93.5,0
2024-09-12 22:00:00,0.3,45.099999999999994,93.8,0
2024-09-12 23:00:00,2.6,40.199999999999996,96.39999999999999,0
2024-09-13 00:00:00,3.7,27.099999999999994,100.1,0
2024-09-13 01:00:00,2.7,15.299999999999994,102.6,0
2024-09-13 02:00:00,0.9,10.399999999999993,102.2,0
2024-09-13 03:00:00,0.5,10.699999999999994,102.5,0
2024-09-13 04:00:00,0.4,10.799999999999994,102.8,0
2024-09-13 05:00:00,0.5,8.699999999999992,103.19999999999999,0
2024-09-13 06:00:00,0.4,5.399999999999993,103.5,0
2024-09-13 07:00:00,0.1,2.799999999999993,103.39999999999999,0
2024-09-13 08:00:00,0.0,1.899999999999993,103.39999999999999,0
2024-09-13 09:00:00,0.9,2.2999999999999927,104.3,0
2024-09-13 10:00:00,0.9,2.7999999999999927,105.1,0
2024-09-13 11:00:00,0.4,2.699999999999993,105.1,0
2024-09-13 12:00:00,0.2,2.499999999999993,104.7,0
2024-09-13 13:00:00,0.2,2.599999999999993,102.2,0
2024-09-13 14:00:00,0.7,3.2999999999999927,93.1,0
2024-09-13 15:00:00,13.6,15.999999999999993,88.1,0
2024-09-13 16:00:00,9.2,24.29999999999999,83.0,0
2024-09-13 17:00:00,3.0,26.89999999999999,78.5,0
2024-09-13 18:00:00,3.8,30.49999999999999,65.5,0
2024-09-13 19:00:00,1.7,31.99999999999999,52.699999999999996,0
2024-09-13 20:00:00,0.7,31.999999999999993,47.599999999999994,0
2024-09-13 21:00:00,11.0,29.39999999999999,58.39999999999999,0
2024-09-13 22:00:00,7.9,28.099999999999994,65.99999999999999,0
2024-09-13 23:00:00,1.6,26.699999999999996,64.99999999999999,0
2024-09-14 00:00:00,3.1,25.999999999999993,64.39999999999999,0
2024-09-14 01:00:00,3.3,27.599999999999994,64.99999999999999,0
2024-09-14 02:00:00,3.2,30.09999999999999,67.29999999999998,0
2024-09-14 03:00:00,1.4,20.499999999999996,68.19999999999999,0
2024-09-14 04:00:00,0.6,13.199999999999992,68.39999999999999,0
2024-09-14 05:00:00,1.1,12.699999999999994,69.0,0
2024-09-14 06:00:00,1.3,10.899999999999993,69.89999999999999,0
2024-09-14 07:00:00,1.2,8.799999999999994,71.0,0
2024-09-14 08:00:00,1.4,6.999999999999993,72.39999999999999,0
2024-09-14 09:00:00,1.5,7.0999999999999925,72.99999999999999,0
2024-09-14 10:00:00,2.4,8.899999999999993,74.5,0
2024-09-14 11:00:00,3.1,10.899999999999993,77.19999999999999,0
2024-09-14 12:00:00,2.3,11.899999999999991,79.29999999999998,0
2024-09-14 13:00:00,0.9,11.599999999999993,79.99999999999999,0
2024-09-14 14:00:00,2.4,12.599999999999993,81.7,0
2024-09-14 15:00:00,0.6,11.699999999999992,68.69999999999999,0
2024-09-14 16:00:00,2.5,11.799999999999992,61.99999999999999,0
2024-09-14 17:00:00,1.0,9.699999999999992,59.99999999999999,0
2024-09-14 18:00:00,0.3,7.699999999999993,56.49999999999999,0
2024-09-14 19:00:00,0.4,7.199999999999992,55.199999999999996,0
2024-09-14 20:00:00,2.9,7.699999999999993,57.39999999999999,0
2024-09-14 21:00:00,0.6,7.699999999999993,46.99999999999999,0
2024-09-14 22:00:00,3.9,9.099999999999993,42.99999999999999,0
2024-09-14 23:00:00,5.6,13.699999999999992,46.999999999999986,0
2024-09-15 00:00:00,1.9,15.299999999999994,45.8,0
2024-09-15 01:00:00,2.8,17.699999999999992,45.29999999999999,0
2024-09-15 02:00:00,1.2,15.999999999999993,43.3,0
2024-09-15 03:00:00,1.4,16.799999999999994,43.29999999999999,0
2024-09-15 04:00:00,2.0,14.899999999999991,44.699999999999996,0
2024-09-15 05:00:00,2.4,11.699999999999992,45.99999999999999,0
2024-09-15 06:00:00,2.1,11.899999999999991,46.79999999999999,0
2024-09-15 07:00:00,1.6,10.699999999999992,47.199999999999996,0
2024-09-15 08:00:00,0.8,10.299999999999992,46.599999999999994,0
2024-09-15 09:00:00,0.0,8.899999999999993,45.099999999999994,0
2024-09-15 10:00:00,0.0,6.899999999999992,42.69999999999999,0
2024-09-15 11:00:00,0.0,4.499999999999993,39.599999999999994,0
2024-09-15 12:00:00,0.1,2.4999999999999925,37.39999999999999,0
2024-09-15 13:00:00,8.0,8.899999999999991,44.49999999999999,0
2024-09-15 14:00:00,3.4,11.499999999999991,45.49999999999999,0
2024-09-15 15:00:00,1.1,12.59999999999999,45.99999999999999,0
2024-09-15 16:00:00,0.1,12.699999999999992,43.599999999999994,0
2024-09-15 17:00:00,0.2,12.899999999999991,42.79999999999999,0
2024-09-15 18:00:00,0.2,12.999999999999993,42.699999999999996,0
2024-09-15 19:00:00,0.3,5.299999999999992,42.59999999999999,0
2024-09-15 20:00:00,0.4,2.2999999999999923,40.09999999999999,0
2024-09-15 21:00:00,0.0,1.1999999999999922,39.499999999999986,0
2024-09-15 22:00:00,0.2,1.299999999999992,35.79999999999999,0
2024-09-15 23:00:00,0.1,1.199999999999992,30.299999999999994,0
2024-09-16 00:00:00,0.0,0.9999999999999921,28.399999999999995,0
2024-09-16 01:00:00,0.0,0.6999999999999921,25.599999999999994,0
2024-09-16 02:00:00,0.1,0.39999999999999203,24.499999999999993,0
2024-09-16 03:00:00,0.1,0.499999999999992,23.199999999999992,0
2024-09-16 04:00:00,0.0,0.29999999999999205,21.199999999999992,0
2024-09-16 05:00:00,0.1,0.29999999999999205,18.899999999999995,0
2024-09-16 06:00:00,0.0,0.29999999999999205,16.799999999999994,0
2024-09-16 07:00:00,0.0,0.29999999999999205,15.199999999999994,0
2024-09-16 08:00:00,0.0,0.19999999999999202,14.399999999999993,0
2024-09-16 09:00:00,0.1,0.19999999999999202,14.499999999999993,0
2024-09-16 10:00:00,0.5,0.699999999999992,14.999999999999993,0
2024-09-16 11:00:00,0.1,0.6999999999999921,15.099999999999994,0
2024-09-16 12:00:00,0.1,0.799999999999992,15.099999999999994,0
2024-09-16 13:00:00,0.1,0.899999999999992,7.199999999999994,0
2024-09-16 14:00:00,0.0,0.899999999999992,3.799999999999994,0
2024-09-16 15:00:00,0.1,0.8999999999999921,2.799999999999994,0
2024-09-16 16:00:00,0.1,0.4999999999999921,2.799999999999994,0
2024-09-16 17:00:00,0.2,0.5999999999999921,2.799999999999994,0
2024-09-16 18:00:00,0.0,0.4999999999999921,2.599999999999994,0
2024-09-16 19:00:00,0.0,0.39999999999999214,2.2999999999999936,0
2024-09-16 20:00:00,0.0,0.39999999999999214,1.8999999999999937,0
2024-09-16 21:00:00,0.4,0.6999999999999922,2.2999999999999936,0
2024-09-16 22:00:00,0.1,0.6999999999999922,2.199999999999994,0
2024-09-16 23:00:00,0.0,0.4999999999999921,2.099999999999994,0
2024-09-17 00:00:00,0.0,0.4999999999999921,2.099999999999994,0
2024-09-17 01:00:00,0.4,0.8999999999999921,2.499999999999994,0
2024-09-17 02:00:00,0.0,0.8999999999999921,2.399999999999994,0
2024-09-17 03:00:00,0.0,0.4999999999999921,2.2999999999999936,0
2024-09-17 04:00:00,0.1,0.4999999999999921,2.3999999999999937,0
2024-09-17 05:00:00,0.0,0.4999999999999921,2.2999999999999936,0
2024-09-17 06:00:00,0.0,0.4999999999999921,2.2999999999999936,0
2024-09-17 07:00:00,0.0,0.09999999999999212,2.2999999999999936,0
2024-09-17 08:00:00,0.1,0.19999999999999213,2.3999999999999937,0
2024-09-17 09:00:00,0.0,0.19999999999999213,2.299999999999994,0
2024-09-17 10:00:00,0.2,0.29999999999999216,1.9999999999999938,0
2024-09-17 11:00:00,0.2,0.4999999999999921,2.099999999999994,0
2024-09-17 12:00:00,0.2,0.6999999999999922,2.199999999999994,0
2024-09-17 13:00:00,0.5,1.1999999999999922,2.599999999999994,0
2024-09-17 14:00:00,0.9,1.999999999999992,3.499999999999994,0
2024-09-17 15:00:00,2.0,3.999999999999992,5.399999999999993,0
2024-09-17 16:00:00,0.7,4.499999999999992,5.999999999999994,0
2024-09-17 17:00:00,1.3,5.5999999999999925,7.099999999999994,0
2024-09-17 18:00:00,1.6,6.999999999999992,8.699999999999994,0
2024-09-17 19:00:00,0.6,7.099999999999992,9.299999999999994,0
2024-09-17 20:00:00,0.8,6.999999999999993,10.099999999999994,0
2024-09-17 21:00:00,0.5,5.499999999999993,10.199999999999994,0
2024-09-17 22:00:00,0.2,4.999999999999992,10.299999999999994,0
2024-09-17 23:00:00,0.1,3.7999999999999923,10.399999999999993,0
2024-09-18 00:00:00,0.3,2.499999999999992,10.699999999999994,0
2024-09-18 01:00:00,0.5,2.399999999999992,10.799999999999994,0
2024-09-18 02:00:00,0.5,2.099999999999992,11.299999999999994,0
2024-09-18 03:00:00,0.3,1.8999999999999921,11.599999999999994,0
2024-09-18 04:00:00,0.2,1.899999999999992,11.699999999999994,0
2024-09-18 05:00:00,0.4,2.199999999999992,12.099999999999994,0
2024-09-18 06:00:00,0.9,2.799999999999992,12.999999999999995,0
2024-09-18 07:00:00,1.0,3.299999999999992,13.999999999999995,0
2024-09-18 08:00:00,1.5,4.299999999999992,15.399999999999995,0
2024-09-18 09:00:00,0.3,4.299999999999992,15.699999999999994,0
2024-09-18 10:00:00,0.7,4.799999999999992,16.199999999999992,0
2024-09-18 11:00:00,0.2,4.599999999999992,16.199999999999996,0
2024-09-18 12:00:00,0.7,4.399999999999992,16.699999999999996,0
2024-09-18 13:00:00,3.0,6.399999999999992,19.199999999999996,0
2024-09-18 14:00:00,0.6,5.499999999999992,18.89999999999999,0
2024-09-18 15:00:00,1.8,6.999999999999993,18.699999999999992,0
2024-09-18 16:00:00,0.6,6.899999999999992,18.599999999999994,0
2024-09-18 17:00:00,0.9,7.5999999999999925,18.199999999999992,0
2024-09-18 18:00:00,0.7,7.599999999999992,17.299999999999994,0
2024-09-18 19:00:00,0.1,4.699999999999992,16.799999999999994,0
2024-09-18 20:00:00,0.0,4.0999999999999925,15.999999999999995,0
2024-09-18 21:00:00,1.5,3.799999999999992,16.999999999999993,0
2024-09-18 22:00:00,0.0,3.199999999999992,16.799999999999994,0
2024-09-18 23:00:00,0.0,2.299999999999992,16.699999999999992,0
2024-09-19 00:00:00,0.1,1.6999999999999922,16.499999999999993,0
2024-09-19 01:00:00,0.1,1.699999999999992,16.099999999999994,0
2024-09-19 02:00:00,0.0,1.699999999999992,15.599999999999993,0
2024-09-19 03:00:00,0.0,0.19999999999999202,15.299999999999994,0
2024-09-19 04:00:00,0.0,0.19999999999999202,15.099999999999994,0
2024-09-19 05:00:00,0.2,0.39999999999999203,14.899999999999995,0
2024-09-19 06:00:00,0.0,0.29999999999999205,13.999999999999995,0
2024-09-19 07:00:00,0.1,0.29999999999999205,13.099999999999994,0
2024-09-19 08:00:00,0.0,0.29999999999999205,11.599999999999994,0
2024-09-19 09:00:00,0.2,0.499999999999992,11.499999999999993,0
2024-09-19 10:00:00,0.1,0.5999999999999921,10.899999999999995,0
2024-09-19 11:00:00,0.1,0.499999999999992,10.799999999999994,0
2024-09-19 12:00:00,0.1,0.5999999999999921,10.199999999999994,0
2024-09-19 13:00:00,0.1,0.5999999999999921,7.299999999999994,0
2024-09-19 14:00:00,0.1,0.6999999999999921,6.7999999999999945,0
2024-09-19 15:00:00,0.1,0.6000000000000001,5.099999999999994,0
2024-09-19 16:00:00,0.8,1.299999999999992,5.299999999999994,0
2024-09-19 17:00:00,0.0,1.199999999999992,4.399999999999993,0
2024-09-19 18:00:00,0.0,1.099999999999992,3.699999999999994,0
2024-09-19 19:00:00,0.1,1.099999999999992,3.699999999999994,0
2024-09-19 20:00:00,0.1,1.099999999999992,3.799999999999994,0
2024-09-19 21:00:00,0.1,1.099999999999992,2.3999999999999937,0
2024-09-19 22:00:00,0.0,0.29999999999999205,2.399999999999994,0
2024-09-19 23:00:00,0.0,0.29999999999999205,2.399999999999994,0
2024-09-20 00:00:00,0.0,0.29999999999999205,2.299999999999994,0
2024-09-20 01:00:00,0.0,0.19999999999999202,2.199999999999994,0
2024-09-20 02:00:00,0.0,0.09999999999999201,2.199999999999994,0
2024-09-20 03:00:00,0.0,0.0,2.199999999999994,0
2024-09-20 04:00:00,0.1,0.09999999999999201,2.299999999999994,0
2024-09-20 05:00:00,0.0,0.09999999999999201,2.099999999999994,0
2024-09-20 06:00:00,0.0,0.09999999999999201,2.099999999999994,0
2024-09-20 07:00:00,0.0,0.09999999999999201,1.9999999999999938,0
2024-09-20 08:00:00,1.0,1.099999999999992,2.999999999999994,0
2024-09-20 09:00:00,0.2,1.299999999999992,2.999999999999994,0
2024-09-20 10:00:00,0.1,1.299999999999992,2.999999999999994,0
2024-09-20 11:00:00,0.0,1.299999999999992,2.8999999999999937,0
2024-09-20 12:00:00,0.1,1.399999999999992,2.8999999999999937,0
2024-09-20 13:00:00,0.0,1.399999999999992,2.7999999999999936,0
2024-09-20 14:00:00,0.2,0.5999999999999921,2.8999999999999937,0
2024-09-20 15:00:00,0.1,0.4999999999999921,2.8999999999999937,0
2024-09-20 16:00:00,0.9,1.2999999999999923,2.999999999999994,0
2024-09-20 17:00:00,1.6,2.8999999999999924,4.599999999999994,0
2024-09-20 18:00:00,0.7,3.499999999999992,5.299999999999994,0
2024-09-20 19:00:00,0.4,3.8999999999999924,5.599999999999994,0
2024-09-20 20:00:00,0.2,3.899999999999992,5.699999999999994,0
2024-09-20 21:00:00,0.2,3.9999999999999925,5.799999999999994,0
2024-09-20 22:00:00,0.0,3.0999999999999925,5.799999999999994,0
2024-09-20 23:00:00,0.0,1.4999999999999922,5.799999999999994,0
2024-09-21 00:00:00,0.1,0.8999999999999923,5.899999999999994,0
2024-09-21 01:00:00,0.3,0.7999999999999923,6.199999999999994,0
2024-09-21 02:00:00,0.4,0.9999999999999923,6.599999999999994,0
2024-09-21 03:00:00,0.2,0.9999999999999922,6.7999999999999945,0
2024-09-21 04:00:00,0.1,1.0999999999999923,6.799999999999994,0
2024-09-21 05:00:00,0.1,1.1999999999999922,6.899999999999993,0
2024-09-21 06:00:00,0.1,1.1999999999999922,6.999999999999994,0
2024-09-21 07:00:00,0.1,0.9999999999999922,7.099999999999993,0
2024-09-21 08:00:00,0.1,0.6999999999999923,6.199999999999994,0
2024-09-21 09:00:00,0.1,0.6000000000000001,6.099999999999994,0
2024-09-21 10:00:00,0.2,0.6999999999999923,6.199999999999994,0
2024-09-21 11:00:00,0.5,1.0999999999999923,6.699999999999994,0
2024-09-21 12:00:00,0.6,1.599999999999992,7.199999999999994,0
2024-09-21 13:00:00,0.4,1.8999999999999921,7.599999999999994,0
2024-09-21 14:00:00,1.7,3.499999999999992,9.099999999999994,0
2024-09-21 15:00:00,0.4,3.7999999999999923,9.399999999999995,0
2024-09-21 16:00:00,0.3,3.8999999999999924,8.799999999999994,0
2024-09-21 17:00:00,0.1,3.4999999999999925,7.2999999999999945,0
2024-09-21 18:00:00,0.0,2.8999999999999924,6.599999999999994,0
2024-09-21 19:00:00,0.0,2.499999999999992,6.199999999999994,0
2024-09-21 20:00:00,0.0,0.7999999999999923,5.999999999999994,0
2024-09-21 21:00:00,0.0,0.39999999999999225,5.799999999999994,0
2024-09-21 22:00:00,0.0,0.09999999999999223,5.799999999999994,0
2024-09-21 23:00:00,0.0,0.0,5.799999999999994,0
2024-09-22 00:00:00,0.0,0.0,5.699999999999994,0
2024-09-22 01:00:00,0.0,0.0,5.399999999999994,0
2024-09-22 02:00:00,0.0,0.0,4.999999999999994,0
2024-09-22 03:00:00,0.0,0.0,4.799999999999994,0
2024-09-22 04:00:00,0.0,0.0,4.699999999999994,0
2024-09-22 05:00:00,0.0,0.0,4.599999999999994,0
2024-09-22 06:00:00,0.0,0.0,4.499999999999994,0
2024-09-22 07:00:00,0.0,0.0,4.399999999999994,0
2024-09-22 08:00:00,0.0,0.0,4.299999999999994,0
2024-09-22 09:00:00,0.1,0.09999999999999223,4.299999999999994,0
2024-09-22 10:00:00,0.3,0.39999999999999225,4.399999999999993,0
2024-09-22 11:00:00,0.3,0.6999999999999922,4.199999999999994,0
2024-09-22 12:00:00,0.5,1.1999999999999922,4.099999999999994,0
2024-09-22 13:00:00,1.0,2.199999999999992,4.699999999999994,0
2024-09-22 14:00:00,1.0,3.199999999999992,3.999999999999994,0
2024-09-22 15:00:00,2.7,5.799999999999992,6.299999999999994,0
2024-09-22 16:00:00,0.0,5.499999999999993,5.999999999999995,0
2024-09-22 17:00:00,0.0,5.199999999999992,5.899999999999993,0
2024-09-22 18:00:00,0.0,4.699999999999992,5.899999999999993,0
2024-09-22 19:00:00,0.0,3.6999999999999926,5.899999999999993,0
2024-09-22 20:00:00,0.0,2.699999999999992,5.899999999999993,0
2024-09-22 21:00:00,0.0,0.0,5.899999999999993,0
2024-09-22 22:00:00,0.0,0.0,5.899999999999993,0
2024-09-22 23:00:00,0.0,0.0,5.899999999999993,0
2024-09-23 00:00:00,0.0,0.0,5.899999999999993,0
2024-09-23 01:00:00,0.0,0.0,5.899999999999993,0
2024-09-23 02:00:00,0.0,0.0,5.899999999999993,0
2024-09-23 03:00:00,0.0,0.0,5.899999999999993,0
2024-09-23 04:00:00,0.0,0.0,5.899999999999993,0
2024-09-23 05:00:00,0.0,0.0,5.899999999999993,0
2024-09-23 06:00:00,0.0,0.0,5.899999999999993,0
2024-09-23 07:00:00,0.0,0.0,5.899999999999993,0
2024-09-23 08:00:00,0.0,0.0,5.899999999999993,0
2024-09-23 09:00:00,0.1,0.09999999999999201,5.899999999999994,0
2024-09-23 10:00:00,0.1,0.19999999999999202,5.699999999999994,0
2024-09-23 11:00:00,0.4,0.5999999999999921,5.799999999999994,0
2024-09-23 12:00:00,2.3,2.899999999999992,7.599999999999993,0
2024-09-23 13:00:00,0.7,3.5999999999999917,7.2999999999999945,0
2024-09-23 14:00:00,0.2,3.799999999999992,6.499999999999994,0
2024-09-23 15:00:00,1.0,4.699999999999992,4.799999999999994,0
2024-09-23 16:00:00,0.3,4.899999999999992,5.099999999999993,0
2024-09-23 17:00:00,0.1,4.599999999999992,5.199999999999994,0
2024-09-23 18:00:00,0.1,2.399999999999992,5.299999999999994,0
2024-09-23 19:00:00,0.0,1.699999999999992,5.299999999999994,0
2024-09-23 20:00:00,0.1,1.599999999999992,5.399999999999993,0
2024-09-23 21:00:00,0.0,0.599999999999992,5.399999999999993,0
2024-09-23 22:00:00,0.0,0.29999999999999205,5.399999999999993,0
2024-09-23 23:00:00,0.0,0.19999999999999202,5.399999999999993,0
2024-09-24 00:00:00,0.0,0.09999999999999201,5.399999999999993,0
2024-09-24 01:00:00,0.0,0.09999999999999201,5.399999999999993,0
2024-09-24 02:00:00,0.0,0.0,5.399999999999993,0
2024-09-24 03:00:00,0.0,0.0,5.399999999999993,0
2024-09-24 04:00:00,0.0,0.0,5.399999999999993,0
2024-09-24 05:00:00,0.0,0.0,5.399999999999993,0
2024-09-24 06:00:00,0.0,0.0,5.399999999999993,0
2024-09-24 07:00:00,0.0,0.0,5.399999999999993,0
2024-09-24 08:00:00,0.0,0.0,5.399999999999993,0
2024-09-24 09:00:00,0.0,0.0,5.299999999999994,0
2024-09-24 10:00:00,0.0,0.0,5.199999999999993,0
2024-09-24 11:00:00,0.0,0.0,4.799999999999994,0
2024-09-24 12:00:00,0.0,0.0,2.499999999999994,0
2024-09-24 13:00:00,0.0,0.0,1.7999999999999938,0
2024-09-24 14:00:00,0.1,0.09999999999999201,1.6999999999999937,0
2024-09-24 15:00:00,0.3,0.39999999999999203,0.9999999999999938,0
2024-09-24 16:00:00,0.8,1.1999999999999922,1.4999999999999938,0
2024-09-24 17:00:00,0.0,1.1999999999999922,1.399999999999994,0
2024-09-24 18:00:00,0.0,1.1999999999999922,1.2999999999999938,0
2024-09-24 19:00:00,0.0,1.1999999999999922,1.2999999999999938,0
2024-09-24 20:00:00,0.0,1.099999999999992,1.1999999999999937,0
2024-09-24 21:00:00,0.0,0.799999999999992,1.1999999999999937,0
2024-09-24 22:00:00,0.0,0.0,1.1999999999999937,0
2024-09-24 23:00:00,0.0,0.0,1.1999999999999937,0
2024-09-25 00:00:00,0.0,0.0,1.1999999999999937,0
2024-09-25 01:00:00,0.0,0.0,1.1999999999999937,0
2024-09-25 02:00:00,0.0,0.0,1.1999999999999937,0
2024-09-25 03:00:00,0.0,0.0,1.1999999999999937,0
2024-09-25 04:00:00,0.0,0.0,1.1999999999999937,0
2024-09-25 05:00:00,0.0,0.0,1.1999999999999937,0
2024-09-25 06:00:00,0.0,0.0,1.1999999999999937,0
2024-09-25 07:00:00,0.0,0.0,1.1999999999999937,0
2024-09-25 08:00:00,0.0,0.0,1.1999999999999937,0
2024-09-25 09:00:00,0.1,0.09999999999999201,1.2999999999999938,0
2024-09-25 10:00:00,0.7,0.7999999999999919,1.9999999999999938,0
2024-09-25 11:00:00,3.6,4.399999999999992,5.599999999999994,0
2024-09-25 12:00:00,0.1,4.499999999999992,5.699999999999994,0
2024-09-25 13:00:00,0.2,4.699999999999992,5.899999999999994,0
2024-09-25 14:00:00,0.1,4.799999999999992,5.899999999999994,0
2024-09-25 15:00:00,0.0,4.699999999999992,5.599999999999994,0
2024-09-25 16:00:00,0.2,4.199999999999992,4.999999999999994,0
2024-09-25 17:00:00,0.4,0.999999999999992,5.399999999999994,0
2024-09-25 18:00:00,0.1,0.9999999999999921,5.499999999999994,0
2024-09-25 19:00:00,1.6,2.3999999999999924,7.099999999999994,0
2024-09-25 20:00:00,1.0,3.299999999999992,8.099999999999994,0
2024-09-25 21:00:00,0.0,3.299999999999992,8.099999999999994,0
2024-09-25 22:00:00,0.0,3.0999999999999925,8.099999999999994,0
2024-09-25 23:00:00,0.0,2.699999999999992,8.099999999999994,0
2024-09-26 00:00:00,0.0,2.5999999999999925,8.099999999999994,0
2024-09-26 01:00:00,0.0,0.999999999999992,8.099999999999994,0
2024-09-26 02:00:00,0.0,0.0,8.099999999999994,0
2024-09-26 03:00:00,0.0,0.0,8.099999999999994,0
2024-09-26 04:00:00,0.0,0.0,8.099999999999994,0
2024-09-26 05:00:00,0.0,0.0,8.099999999999994,0
2024-09-26 06:00:00,0.0,0.0,8.099999999999994,0
2024-09-26 07:00:00,0.0,0.0,8.099999999999994,0
2024-09-26 08:00:00,0.0,0.0,8.099999999999994,0
2024-09-26 09:00:00,0.1,0.09999999999999201,8.099999999999994,0
2024-09-26 10:00:00,0.0,0.09999999999999201,7.399999999999994,0
2024-09-26 11:00:00,0.0,0.09999999999999201,3.799999999999994,0
2024-09-26 12:00:00,0.0,0.09999999999999201,3.699999999999994,0
2024-09-26 13:00:00,0.0,0.09999999999999201,3.4999999999999942,0
2024-09-26 14:00:00,0.0,0.09999999999999201,3.399999999999994,0
2024-09-26 15:00:00,0.0,0.0,3.399999999999994,0
2024-09-26 16:00:00,0.0,0.0,3.199999999999994,0
2024-09-26 17:00:00,0.3,0.299999999999992,3.099999999999994,0
2024-09-26 18:00:00,0.0,0.299999999999992,2.999999999999994,0
2024-09-26 19:00:00,0.0,0.299999999999992,1.3999999999999937,0
2024-09-26 20:00:00,0.0,0.299999999999992,0.3999999999999938,0
2024-09-26 21:00:00,0.0,0.299999999999992,0.3999999999999938,0
2024-09-26 22:00:00,0.0,0.299999999999992,0.3999999999999938,0
2024-09-26 23:00:00,0.0,0.0,0.3999999999999938,0
2024-09-27 00:00:00,0.0,0.0,0.3999999999999938,0
2024-09-27 01:00:00,0.0,0.0,0.3999999999999938,0
2024-09-27 02:00:00,0.0,0.0,0.3999999999999938,0
2024-09-27 03:00:00,0.0,0.0,0.3999999999999938,0
2024-09-27 04:00:00,0.0,0.0,0.3999999999999938,0
2024-09-27 05:00:00,0.0,0.0,0.3999999999999938,0
2024-09-27 06:00:00,0.0,0.0,0.3999999999999938,0
2024-09-27 07:00:00,0.0,0.0,0.3999999999999938,0
2024-09-27 08:00:00,0.0,0.0,0.3999999999999938,0
2024-09-27 09:00:00,0.0,0.0,0.2999999999999938,0
2024-09-27 10:00:00,0.1,0.09999999999999201,0.3999999999999938,0
2024-09-27 11:00:00,0.1,0.19999999999999202,0.49999999999999384,0
2024-09-27 12:00:00,0.1,0.29999999999999205,0.5999999999999938,0
2024-09-27 13:00:00,0.0,0.29999999999999205,0.5999999999999938,0
2024-09-27 14:00:00,0.0,0.29999999999999205,0.5999999999999938,0
2024-09-27 15:00:00,0.0,0.29999999999999205,0.5999999999999938,0
2024-09-27 16:00:00,0.0,0.19999999999999202,0.5999999999999938,0
2024-09-27 17:00:00,2.6,2.699999999999992,2.899999999999994,0
2024-09-27 18:00:00,0.9,3.499999999999992,3.7999999999999936,0
2024-09-27 19:00:00,0.0,3.499999999999992,3.7999999999999936,0
2024-09-27 20:00:00,0.0,3.499999999999992,3.7999999999999936,0
2024-09-27 21:00:00,0.0,3.499999999999992,3.7999999999999936,0
2024-09-27 22:00:00,0.0,3.499999999999992,3.7999999999999936,0
2024-09-27 23:00:00,0.0,0.899999999999992,3.7999999999999936,0
2024-09-28 00:00:00,0.0,0.0,3.7999999999999936,0
2024-09-28 01:00:00,0.0,0.0,3.7999999999999936,0
2024-09-28 02:00:00,0.0,0.0,3.7999999999999936,0
2024-09-28 03:00:00,0.0,0.0,3.7999999999999936,0
2024-09-28 04:00:00,0.0,0.0,3.7999999999999936,0
2024-09-28 05:00:00,0.0,0.0,3.7999999999999936,0
2024-09-28 06:00:00,0.0,0.0,3.7999999999999936,0
2024-09-28 07:00:00,0.0,0.0,3.7999999999999936,0
2024-09-28 08:00:00,0.0,0.0,3.7999999999999936,0
2024-09-28 09:00:00,0.0,0.0,3.7999999999999936,0
2024-09-28 10:00:00,0.0,0.0,3.6999999999999935,0
2024-09-28 11:00:00,0.4,0.39999999999999203,3.999999999999994,0
2024-09-28 12:00:00,0.4,0.799999999999992,4.299999999999994,0
2024-09-28 13:00:00,0.0,0.799999999999992,4.299999999999994,0
2024-09-28 14:00:00,0.1,0.899999999999992,4.399999999999994,0
2024-09-28 15:00:00,0.2,1.099999999999992,4.599999999999994,0
2024-09-28 16:00:00,1.0,2.099999999999992,5.599999999999994,0
2024-09-28 17:00:00,0.0,1.6999999999999922,2.999999999999994,0
2024-09-28 18:00:00,0.0,1.299999999999992,2.099999999999994,0
2024-09-28 19:00:00,0.0,1.299999999999992,2.099999999999994,0
2024-09-28 20:00:00,0.0,1.199999999999992,2.099999999999994,0
2024-09-28 21:00:00,0.0,0.999999999999992,2.099999999999994,0
2024-09-28 22:00:00,0.0,0.0,2.099999999999994,0
2024-09-28 23:00:00,0.0,0.0,2.099999999999994,0
2024-09-29 00:00:00,0.0,0.0,2.099999999999994,0
2024-09-29 01:00:00,0.0,0.0,2.099999999999994,0
2024-09-29 02:00:00,0.0,0.0,2.099999999999994,0
2024-09-29 03:00:00,0.0,0.0,2.099999999999994,0
2024-09-29 04:00:00,0.0,0.0,2.099999999999994,0
2024-09-29 05:00:00,0.0,0.0,2.099999999999994,0
2024-09-29 06:00:00,0.0,0.0,2.099999999999994,0
2024-09-29 07:00:00,0.0,0.0,2.099999999999994,0
2024-09-29 08:00:00,0.0,0.0,2.099999999999994,0
2024-09-29 09:00:00,0.0,0.0,2.099999999999994,0
2024-09-29 10:00:00,0.0,0.0,2.099999999999994,0
2024-09-29 11:00:00,0.0,0.0,1.699999999999994,0
2024-09-29 12:00:00,0.0,0.0,1.299999999999994,0
2024-09-29 13:00:00,0.0,0.0,1.299999999999994,0
2024-09-29 14:00:00,0.0,0.0,1.199999999999994,0
2024-09-29 15:00:00,0.1,0.09999999999999201,1.0999999999999939,0
2024-09-29 16:00:00,0.0,0.09999999999999201,0.09999999999999379,0
2024-09-29 17:00:00,0.0,0.09999999999999201,0.09999999999999379,0
2024-09-29 18:00:00,0.0,0.09999999999999201,0.09999999999999379,0
2024-09-29 19:00:00,0.0,0.09999999999999201,0.09999999999999379,0
2024-09-29 20:00:00,0.0,0.09999999999999201,0.09999999999999379,0
2024-09-29 21:00:00,0.0,0.0,0.09999999999999379,0
2024-09-29 22:00:00,0.0,0.0,0.09999999999999379,0
2024-09-29 23:00:00,0.0,0.0,0.09999999999999379,0
2024-09-30 00:00:00,0.1,0.09999999999999201,0.1999999999999938,0
2024-09-30 01:00:00,0.0,0.09999999999999201,0.1999999999999938,0
2024-09-30 02:00:00,0.0,0.09999999999999201,0.1999999999999938,0
2024-09-30 03:00:00,0.0,0.09999999999999201,0.1999999999999938,0
2024-09-30 04:00:00,0.0,0.09999999999999201,0.1999999999999938,0
2024-09-30 05:00:00,0.0,0.09999999999999201,0.1999999999999938,0
2024-09-30 06:00:00,0.0,0.0,0.1999999999999938,0
2024-09-30 07:00:00,0.1,0.09999999999999201,0.2999999999999938,0
2024-09-30 08:00:00,0.1,0.19999999999999202,0.3999999999999938,0
2024-09-30 09:00:00,0.1,0.29999999999999205,0.4999999999999938,0
2024-09-30 10:00:00,0.2,0.499999999999992,0.6999999999999938,0
2024-09-30 11:00:00,0.0,0.499999999999992,0.6999999999999938,0
2024-09-30 12:00:00,0.1,0.5999999999999921,0.7999999999999938,0
2024-09-30 13:00:00,0.3,0.799999999999992,1.0999999999999939,0
2024-09-30 14:00:00,0.2,0.8999999999999919,1.2999999999999938,0
2024-09-30 15:00:00,0.0,0.799999999999992,1.1999999999999937,0
2024-09-30 16:00:00,0.0,0.5999999999999921,1.1999999999999937,0
2024-09-30 17:00:00,0.0,0.5999999999999921,1.1999999999999937,0
2024-09-30 18:00:00,0.0,0.499999999999992,1.1999999999999937,0
2024-09-30 19:00:00,0.0,0.19999999999999202,1.1999999999999937,0
2024-09-30 20:00:00,0.0,0.0,1.1999999999999937,0
2024-09-30 21:00:00,0.0,0.0,1.1999999999999937,0
2024-09-30 22:00:00,0.0,0.0,1.1999999999999937,0
2024-09-30 23:00:00,0.0,0.0,1.1999999999999937,0
2024-10-01 00:00:00,0.0,0.0,1.0999999999999939,0
2024-10-01 01:00:00,0.0,0.0,1.0999999999999939,0
2024-10-01 02:00:00,0.0,0.0,1.0999999999999939,0
2024-10-01 03:00:00,0.0,0.0,1.0999999999999939,0
2024-10-01 04:00:00,0.0,0.0,1.0999999999999939,0
2024-10-01 05:00:00,0.0,0.0,1.0999999999999939,0
2024-10-01 06:00:00,0.0,0.0,1.0999999999999939,0
2024-10-01 07:00:00,0.0,0.0,0.9999999999999938,0
2024-10-01 08:00:00,0.2,0.19999999999999202,1.0999999999999939,0
2024-10-01 09:00:00,0.0,0.19999999999999202,0.9999999999999938,0
2024-10-01 10:00:00,0.0,0.19999999999999202,0.7999999999999938,0
2024-10-01 11:00:00,0.0,0.19999999999999202,0.7999999999999938,0
2024-10-01 12:00:00,0.0,0.19999999999999202,0.6999999999999937,0
2024-10-01 13:00:00,0.0,0.19999999999999202,0.3999999999999938,0
2024-10-01 14:00:00,0.0,0.0,0.1999999999999938,0
2024-10-01 15:00:00,0.0,0.0,0.1999999999999938,0
2024-10-01 16:00:00,0.0,0.0,0.1999999999999938,0
2024-10-01 17:00:00,0.0,0.0,0.1999999999999938,0
2024-10-01 18:00:00,0.0,0.0,0.1999999999999938,0
2024-10-01 19:00:00,0.0,0.0,0.1999999999999938,0
2024-10-01 20:00:00,0.0,0.0,0.1999999999999938,0
2024-10-01 21:00:00,0.0,0.0,0.1999999999999938,0
2024-10-01 22:00:00,0.0,0.0,0.1999999999999938,0
2024-10-01 23:00:00,0.0,0.0,0.1999999999999938,0
2024-10-02 00:00:00,0.0,0.0,0.1999999999999938,0
2024-10-02 01:00:00,0.0,0.0,0.1999999999999938,0
2024-10-02 02:00:00,0.0,0.0,0.1999999999999938,0
2024-10-02 03:00:00,0.0,0.0,0.1999999999999938,0
2024-10-02 04:00:00,0.0,0.0,0.1999999999999938,0
2024-10-02 05:00:00,0.0,0.0,0.1999999999999938,0
2024-10-02 06:00:00,0.0,0.0,0.1999999999999938,0
2024-10-02 07:00:00,0.0,0.0,0.1999999999999938,0
2024-10-02 08:00:00,0.0,0.0,0.0,0
2024-10-02 09:00:00,0.0,0.0,0.0,0
2024-10-02 10:00:00,0.0,0.0,0.0,0
2024-10-02 11:00:00,0.0,0.0,0.0,0
2024-10-02 12:00:00,0.0,0.0,0.0,0
2024-10-02 13:00:00,0.0,0.0,0.0,0
2024-10-02 14:00:00,0.0,0.0,0.0,0
2024-10-02 15:00:00,0.0,0.0,0.0,0
2024-10-02 16:00:00,0.0,0.0,0.0,0
2024-10-02 17:00:00,0.5,0.499999999999992,0.4999999999999938,0
2024-10-02 18:00:00,0.0,0.499999999999992,0.4999999999999938,0
2024-10-02 19:00:00,0.0,0.499999999999992,0.4999999999999938,0
2024-10-02 20:00:00,0.0,0.499999999999992,0.4999999999999938,0
2024-10-02 21:00:00,0.0,0.499999999999992,0.4999999999999938,0
2024-10-02 22:00:00,0.0,0.499999999999992,0.4999999999999938,0
2024-10-02 23:00:00,0.0,0.0,0.4999999999999938,0
2024-10-03 00:00:00,0.0,0.0,0.4999999999999938,0
2024-10-03 01:00:00,0.0,0.0,0.4999999999999938,0
2024-10-03 02:00:00,0.0,0.0,0.4999999999999938,0
2024-10-03 03:00:00,0.0,0.0,0.4999999999999938,0
2024-10-03 04:00:00,0.0,0.0,0.4999999999999938,0
2024-10-03 05:00:00,0.0,0.0,0.4999999999999938,0
2024-10-03 06:00:00,0.0,0.0,0.4999999999999938,0
2024-10-03 07:00:00,0.0,0.0,0.4999999999999938,0
2024-10-03 08:00:00,0.0,0.0,0.4999999999999938,0
2024-10-03 09:00:00,0.1,0.09999999999999201,0.5999999999999938,0
2024-10-03 10:00:00,0.2,0.29999999999999205,0.7999999999999938,0
2024-10-03 11:00:00,0.1,0.39999999999999203,0.8999999999999938,0
2024-10-03 12:00:00,0.2,0.5999999999999921,1.0999999999999939,0
2024-10-03 13:00:00,13.2,13.799999999999992,14.299999999999994,0
2024-10-03 14:00:00,0.0,13.799999999999992,14.299999999999994,0
2024-10-03 15:00:00,0.1,13.799999999999992,14.399999999999993,0
2024-10-03 16:00:00,0.0,13.59999999999999,14.399999999999993,0
2024-10-03 17:00:00,0.0,13.499999999999991,13.899999999999993,0
2024-10-03 18:00:00,0.1,13.399999999999991,13.999999999999993,0
2024-10-03 19:00:00,1.0,1.1999999999999929,14.999999999999993,0
2024-10-03 20:00:00,0.0,1.1999999999999929,14.999999999999993,0
2024-10-03 21:00:00,0.0,1.0999999999999928,14.999999999999993,0
2024-10-03 22:00:00,0.0,1.0999999999999928,14.999999999999993,0
2024-10-03 23:00:00,0.0,1.0999999999999928,14.999999999999993,0
2024-10-04 00:00:00,0.0,0.9999999999999929,14.999999999999993,0
2024-10-04 01:00:00,0.0,0.0,14.999999999999993,0
2024-10-04 02:00:00,0.0,0.0,14.999999999999993,0
2024-10-04 03:00:00,0.0,0.0,14.999999999999993,0
2024-10-04 04:00:00,0.1,0.0999999999999929,15.099999999999994,0
2024-10-04 05:00:00,0.1,0.1999999999999929,15.199999999999994,0
2024-10-04 06:00:00,0.1,0.29999999999999294,15.299999999999994,0
2024-10-04 07:00:00,0.9,1.199999999999993,16.199999999999992,0
2024-10-04 08:00:00,0.1,1.299999999999993,16.299999999999994,0
2024-10-04 09:00:00,0.0,1.299999999999993,16.199999999999992,0
2024-10-04 10:00:00,0.0,1.1999999999999929,15.999999999999993,0
2024-10-04 11:00:00,0.0,1.099999999999993,15.899999999999993,0
2024-10-04 12:00:00,0.1,1.099999999999993,15.799999999999994,0
2024-10-04 13:00:00,0.0,0.1999999999999929,2.5999999999999948,0
2024-10-04 14:00:00,0.0,0.0999999999999929,2.5999999999999948,0
2024-10-04 15:00:00,0.6,0.6999999999999929,3.0999999999999943,0
2024-10-04 16:00:00,0.9,1.599999999999993,3.9999999999999947,0
2024-10-04 17:00:00,0.2,1.799999999999993,4.199999999999995,0
2024-10-04 18:00:00,0.0,1.6999999999999929,4.099999999999995,0
2024-10-04 19:00:00,0.0,1.6999999999999929,3.0999999999999948,0
2024-10-04 20:00:00,0.0,1.6999999999999929,3.0999999999999943,0
2024-10-04 21:00:00,0.0,1.099999999999993,3.0999999999999943,0
2024-10-04 22:00:00,0.0,0.1999999999999929,3.0999999999999943,0
2024-10-04 23:00:00,0.0,0.0,3.0999999999999943,0
2024-10-05 00:00:00,0.0,0.0,3.0999999999999943,0
2024-10-05 01:00:00,0.0,0.0,3.0999999999999943,0
2024-10-05 02:00:00,0.0,0.0,3.0999999999999943,0
2024-10-05 03:00:00,0.0,0.0,3.0999999999999943,0
2024-10-05 04:00:00,0.0,0.0,2.9999999999999947,0
2024-10-05 05:00:00,0.3,0.2999999999999929,3.199999999999995,0
2024-10-05 06:00:00,0.2,0.4999999999999929,3.2999999999999945,0
2024-10-05 07:00:00,0.0,0.4999999999999929,2.3999999999999946,0
2024-10-05 08:00:00,0.1,0.5999999999999929,2.3999999999999946,0
2024-10-05 09:00:00,0.1,0.6999999999999929,2.4999999999999947,0
2024-10-05 10:00:00,0.1,0.7999999999999929,2.5999999999999948,0
2024-10-05 11:00:00,0.1,0.599999999999993,2.699999999999995,0
2024-10-05 12:00:00,0.1,0.4999999999999929,2.6999999999999944,0
2024-10-05 13:00:00,0.1,0.6000000000000001,2.7999999999999945,0
2024-10-05 14:00:00,0.3,0.7999999999999929,3.0999999999999948,0
2024-10-05 15:00:00,0.1,0.7999999999999928,2.5999999999999943,0
2024-10-05 16:00:00,0.8,1.499999999999993,2.4999999999999947,0
2024-10-05 17:00:00,1.8,3.199999999999993,4.099999999999995,0
2024-10-05 18:00:00,3.2,6.299999999999994,7.299999999999995,0
2024-10-05 19:00:00,0.8,6.999999999999994,8.099999999999996,0
2024-10-05 20:00:00,0.1,6.799999999999994,8.199999999999996,0
2024-10-05 21:00:00,0.0,6.699999999999993,8.199999999999996,0
2024-10-05 22:00:00,0.0,5.899999999999993,8.199999999999996,0
2024-10-05 23:00:00,0.0,4.099999999999993,8.199999999999996,0
2024-10-06 00:00:00,0.0,0.8999999999999934,8.199999999999996,0
2024-10-06 01:00:00,0.0,0.09999999999999334,8.199999999999996,0
2024-10-06 02:00:00,0.0,0.0,8.199999999999996,0
2024-10-06 03:00:00,0.3,0.2999999999999933,8.499999999999995,0
2024-10-06 04:00:00,0.0,0.2999999999999933,8.499999999999995,0
2024-10-06 05:00:00,0.0,0.2999999999999933,8.199999999999994,0
2024-10-06 06:00:00,0.1,0.39999999999999336,8.099999999999996,0
2024-10-06 07:00:00,0.0,0.39999999999999336,8.099999999999996,0
2024-10-06 08:00:00,0.1,0.49999999999999334,8.099999999999994,0
2024-10-06 09:00:00,0.1,0.2999999999999934,8.099999999999996,0
2024-10-06 10:00:00,0.1,0.39999999999999336,8.099999999999996,0
2024-10-06 11:00:00,2.4,2.799999999999993,10.399999999999995,0
2024-10-06 12:00:00,1.5,4.199999999999993,11.799999999999995,0
2024-10-06 13:00:00,0.2,4.399999999999993,11.899999999999995,0
2024-10-06 14:00:00,0.2,4.499999999999994,11.799999999999995,0
2024-10-06 15:00:00,0.9,5.299999999999993,12.599999999999996,0
2024-10-06 16:00:00,0.4,5.599999999999993,12.199999999999994,0
2024-10-06 17:00:00,0.1,3.2999999999999936,10.499999999999996,0
2024-10-06 18:00:00,0.0,1.7999999999999934,7.2999999999999945,0
2024-10-06 19:00:00,0.0,1.5999999999999934,6.499999999999995,0
2024-10-06 20:00:00,0.4,1.7999999999999932,6.7999999999999945,0
2024-10-06 21:00:00,0.5,1.3999999999999932,7.2999999999999945,0
2024-10-06 22:00:00,0.0,0.9999999999999933,7.2999999999999945,0
2024-10-06 23:00:00,0.0,0.8999999999999934,7.2999999999999945,0
2024-10-07 00:00:00,0.0,0.8999999999999934,7.2999999999999945,0
2024-10-07 01:00:00,0.0,0.8999999999999934,7.2999999999999945,0
2024-10-07 02:00:00,0.0,0.49999999999999334,7.2999999999999945,0
2024-10-07 03:00:00,0.0,0.0,6.999999999999995,0
2024-10-07 04:00:00,0.0,0.0,6.999999999999995,0
2024-10-07 05:00:00,0.1,0.09999999999999334,7.099999999999994,0
2024-10-07 06:00:00,0.1,0.19999999999999335,7.099999999999995,0
2024-10-07 07:00:00,0.0,0.19999999999999335,7.099999999999995,0
2024-10-07 08:00:00,0.0,0.19999999999999335,6.999999999999995,0
2024-10-07 09:00:00,0.0,0.19999999999999335,6.899999999999995,0
2024-10-07 10:00:00,0.1,0.2999999999999934,6.899999999999995,0
2024-10-07 11:00:00,0.2,0.39999999999999336,4.699999999999995,0
2024-10-07 12:00:00,0.2,0.4999999999999934,3.3999999999999946,0
2024-10-07 13:00:00,0.6,1.0999999999999934,3.7999999999999945,0
2024-10-07 14:00:00,0.5,1.5999999999999934,4.099999999999995,0
2024-10-07 15:00:00,0.8,2.3999999999999932,3.9999999999999947,0
2024-10-07 16:00:00,1.1,3.3999999999999932,4.699999999999995,0
2024-10-07 17:00:00,1.0,4.199999999999994,5.599999999999995,0
2024-10-07 18:00:00,0.1,4.099999999999993,5.699999999999995,0
2024-10-07 19:00:00,0.0,3.4999999999999933,5.699999999999995,0
2024-10-07 20:00:00,0.0,2.9999999999999933,5.2999999999999945,0
2024-10-07 21:00:00,0.0,2.1999999999999935,4.7999999999999945,0
2024-10-07 22:00:00,0.0,1.0999999999999934,4.7999999999999945,0
2024-10-07 23:00:00,0.0,0.09999999999999334,4.7999999999999945,0
2024-10-08 00:00:00,0.0,0.0,4.7999999999999945,0
2024-10-08 01:00:00,0.0,0.0,4.7999999999999945,0
2024-10-08 02:00:00,0.0,0.0,4.7999999999999945,0
2024-10-08 03:00:00,0.0,0.0,4.7999999999999945,0
2024-10-08 04:00:00,0.0,0.0,4.7999999999999945,0
2024-10-08 05:00:00,1.5,1.4999999999999933,6.199999999999996,0
2024-10-08 06:00:00,0.2,1.6999999999999933,6.2999999999999945,0
2024-10-08 07:00:00,0.0,1.6999999999999933,6.2999999999999945,0
2024-10-08 08:00:00,0.0,1.6999999999999933,6.2999999999999945,0
2024-10-08 09:00:00,0.0,1.6999999999999933,6.2999999999999945,0
2024-10-08 10:00:00,0.0,1.6999999999999933,6.199999999999995,0
2024-10-08 11:00:00,0.0,0.19999999999999335,5.999999999999995,0
2024-10-08 12:00:00,0.0,0.0,5.7999999999999945,0
2024-10-08 13:00:00,0.0,0.0,5.199999999999995,0
2024-10-08 14:00:00,0.0,0.0,4.699999999999995,0
2024-10-08 15:00:00,0.0,0.0,3.899999999999995,0
2024-10-08 16:00:00,0.0,0.0,2.799999999999995,0
2024-10-08 17:00:00,0.1,0.09999999999999334,1.8999999999999948,0
2024-10-08 18:00:00,0.0,0.09999999999999334,1.7999999999999947,0
2024-10-08 19:00:00,0.0,0.09999999999999334,1.7999999999999947,0
2024-10-08 20:00:00,0.0,0.09999999999999334,1.7999999999999947,0
2024-10-08 21:00:00,0.0,0.09999999999999334,1.7999999999999947,0
2024-10-08 22:00:00,0.0,0.09999999999999334,1.7999999999999947,0
2024-10-08 23:00:00,0.0,0.0,1.7999999999999947,0
2024-10-09 00:00:00,0.0,0.0,1.7999999999999947,0
2024-10-09 01:00:00,0.0,0.0,1.7999999999999947,0
2024-10-09 02:00:00,0.0,0.0,1.7999999999999947,0
2024-10-09 03:00:00,0.0,0.0,1.7999999999999947,0
2024-10-09 04:00:00,0.0,0.0,1.7999999999999947,0
2024-10-09 05:00:00,0.0,0.0,0.2999999999999947,0
2024-10-09 06:00:00,0.0,0.0,0.09999999999999468,0
2024-10-09 07:00:00,0.0,0.0,0.09999999999999468,0
2024-10-09 08:00:00,0.0,0.0,0.09999999999999468,0
2024-10-09 09:00:00,0.0,0.0,0.09999999999999468,0
2024-10-09 10:00:00,0.0,0.0,0.09999999999999468,0
2024-10-09 11:00:00,0.0,0.0,0.09999999999999468,0
2024-10-09 12:00:00,0.0,0.0,0.09999999999999468,0
2024-10-09 13:00:00,0.0,0.0,0.09999999999999468,0
2024-10-09 14:00:00,0.0,0.0,0.09999999999999468,0
2024-10-09 15:00:00,1.1,1.0999999999999934,1.1999999999999948,0
2024-10-09 16:00:00,3.6,4.699999999999994,4.799999999999995,0
2024-10-09 17:00:00,0.2,4.899999999999993,4.899999999999995,0
2024-10-09 18:00:00,0.0,4.899999999999993,4.899999999999995,0
2024-10-09 19:00:00,0.0,4.899999999999993,4.899999999999995,0
2024-10-09 20:00:00,0.0,4.899999999999993,4.899999999999995,0
2024-10-09 21:00:00,0.0,3.7999999999999936,4.899999999999995,0
2024-10-09 22:00:00,0.0,0.19999999999999335,4.899999999999995,0
2024-10-09 23:00:00,0.0,0.0,4.899999999999995,0
2024-10-10 00:00:00,0.0,0.0,4.899999999999995,0
2024-10-10 01:00:00,0.0,0.0,4.899999999999995,0
2024-10-10 02:00:00,0.0,0.0,4.899999999999995,0
2024-10-10 03:00:00,0.0,0.0,4.899999999999995,0
2024-10-10 04:00:00,0.0,0.0,4.899999999999995,0
2024-10-10 05:00:00,0.0,0.0,4.899999999999995,0
2024-10-10 06:00:00,0.0,0.0,4.899999999999995,0
2024-10-10 07:00:00,0.0,0.0,4.899999999999995,0
2024-10-10 08:00:00,0.0,0.0,4.899999999999995,0
2024-10-10 09:00:00,0.1,0.09999999999999334,4.999999999999996,0
2024-10-10 10:00:00,0.0,0.09999999999999334,4.999999999999996,0
2024-10-10 11:00:00,0.0,0.09999999999999334,4.999999999999996,0
2024-10-10 12:00:00,0.3,0.39999999999999336,5.299999999999995,0
2024-10-10 13:00:00,0.0,0.3999999999999933,5.299999999999995,0
2024-10-10 14:00:00,0.1,0.49999999999999334,5.399999999999995,0
2024-10-10 15:00:00,0.2,0.5999999999999933,4.499999999999995,0
2024-10-10 16:00:00,1.4,1.9999999999999933,2.2999999999999945,0
2024-10-10 17:00:00,0.2,2.1999999999999935,2.2999999999999945,0
2024-10-10 18:00:00,0.0,1.8999999999999932,2.2999999999999945,0
2024-10-10 19:00:00,0.0,1.8999999999999932,2.2999999999999945,0
2024-10-10 20:00:00,0.0,1.7999999999999932,2.2999999999999945,0
2024-10-10 21:00:00,0.0,1.5999999999999932,2.2999999999999945,0
2024-10-10 22:00:00,0.0,0.19999999999999335,2.2999999999999945,0
2024-10-10 23:00:00,0.0,0.0,2.2999999999999945,0
2024-10-11 00:00:00,0.0,0.0,2.2999999999999945,0
2024-10-11 01:00:00,0.0,0.0,2.2999999999999945,0
2024-10-11 02:00:00,0.0,0.0,2.2999999999999945,0
2024-10-11 03:00:00,0.0,0.0,2.2999999999999945,0
2024-10-11 04:00:00,0.0,0.0,2.2999999999999945,0
2024-10-11 05:00:00,0.0,0.0,2.2999999999999945,0
2024-10-11 06:00:00,0.0,0.0,2.2999999999999945,0
2024-10-11 07:00:00,0.0,0.0,2.2999999999999945,0
2024-10-11 08:00:00,0.1,0.09999999999999334,2.399999999999994,0
2024-10-11 09:00:00,0.2,0.2999999999999934,2.4999999999999947,0
2024-10-11 10:00:00,0.5,0.7999999999999934,2.9999999999999947,0
2024-10-11 11:00:00,4.1,4.899999999999993,7.099999999999994,0
2024-10-11 12:00:00,0.2,5.099999999999993,6.999999999999995,0
2024-10-11 13:00:00,0.3,5.399999999999993,7.2999999999999945,0
2024-10-11 14:00:00,0.2,5.499999999999994,7.399999999999994,0
2024-10-11 15:00:00,0.4,5.699999999999993,7.599999999999993,0
2024-10-11 16:00:00,0.0,5.199999999999993,6.199999999999994,0
2024-10-11 17:00:00,0.1,1.1999999999999937,6.099999999999994,0
2024-10-11 18:00:00,0.0,0.9999999999999939,6.099999999999994,0
2024-10-11 19:00:00,0.0,0.6999999999999938,6.099999999999994,0
2024-10-11 20:00:00,0.0,0.4999999999999938,6.099999999999994,0
2024-10-11 21:00:00,0.0,0.09999999999999379,6.099999999999994,0
2024-10-11 22:00:00,3.3,3.3999999999999937,9.399999999999995,0
2024-10-11 23:00:00,1.9,5.199999999999994,11.299999999999994,0
2024-10-12 00:00:00,0.1,5.299999999999994,11.399999999999993,0
2024-10-12 01:00:00,0.0,5.299999999999994,11.399999999999993,0
2024-10-12 02:00:00,0.0,5.299999999999994,11.399999999999993,0
2024-10-12 03:00:00,0.0,5.299999999999994,11.399999999999993,0
2024-10-12 04:00:00,0.4,2.3999999999999937,11.799999999999994,0
2024-10-12 05:00:00,1.3,1.7999999999999938,13.099999999999994,0
2024-10-12 06:00:00,0.1,1.7999999999999938,13.199999999999994,0
2024-10-12 07:00:00,0.0,1.7999999999999938,13.199999999999994,0
2024-10-12 08:00:00,0.0,1.7999999999999938,13.099999999999994,0
2024-10-12 09:00:00,0.0,1.7999999999999938,12.899999999999993,0
2024-10-12 10:00:00,0.1,1.4999999999999938,12.499999999999995,0
2024-10-12 11:00:00,2.6,2.7999999999999936,10.999999999999996,0
2024-10-12 12:00:00,7.7,10.399999999999995,18.499999999999993,0
2024-10-12 13:00:00,1.9,12.299999999999995,20.099999999999994,0
2024-10-12 14:00:00,3.6,15.899999999999995,23.499999999999993,0
2024-10-12 15:00:00,0.2,16.099999999999994,23.299999999999997,0
2024-10-12 16:00:00,1.9,17.899999999999995,25.199999999999996,0
2024-10-12 17:00:00,1.7,16.999999999999993,26.799999999999994,0
2024-10-12 18:00:00,0.0,9.299999999999994,26.799999999999994,0
2024-10-12 19:00:00,0.0,7.399999999999994,26.799999999999994,0
2024-10-12 20:00:00,0.0,3.7999999999999945,26.799999999999994,0
2024-10-12 21:00:00,0.0,3.5999999999999943,26.799999999999994,0
2024-10-12 22:00:00,0.0,1.6999999999999946,23.499999999999993,0
2024-10-12 23:00:00,0.0,0.0,21.599999999999994,0
2024-10-13 00:00:00,0.0,0.0,21.499999999999993,0
2024-10-13 01:00:00,0.0,0.0,21.499999999999993,0
2024-10-13 02:00:00,0.0,0.0,21.499999999999993,0
2024-10-13 03:00:00,0.0,0.0,21.499999999999993,0
2024-10-13 04:00:00,0.0,0.0,21.099999999999994,0
2024-10-13 05:00:00,0.0,0.0,19.799999999999994,0
2024-10-13 06:00:00,0.0,0.0,19.699999999999992,0
2024-10-13 07:00:00,0.0,0.0,19.699999999999992,0
2024-10-13 08:00:00,0.0,0.0,19.699999999999992,0
2024-10-13 09:00:00,0.0,0.0,19.699999999999992,0
2024-10-13 10:00:00,0.1,0.09999999999999468,19.699999999999996,0
2024-10-13 11:00:00,0.1,0.19999999999999468,17.199999999999992,0
2024-10-13 12:00:00,0.1,0.2999999999999947,9.599999999999994,0
2024-10-13 13:00:00,0.1,0.3999999999999947,7.7999999999999945,0
2024-10-13 14:00:00,2.0,2.3999999999999946,6.199999999999994,0
2024-10-13 15:00:00,1.3,3.699999999999995,7.2999999999999945,0
2024-10-13 16:00:00,0.3,3.8999999999999946,5.699999999999995,0
2024-10-13 17:00:00,1.3,5.099999999999994,5.2999999999999945,0
2024-10-13 18:00:00,1.6,6.599999999999995,6.899999999999995,0
2024-10-13 19:00:00,0.2,6.699999999999995,7.099999999999995,0
2024-10-13 20:00:00,0.0,4.699999999999996,7.099999999999995,0
2024-10-13 21:00:00,5.4,8.799999999999995,12.499999999999996,0
2024-10-13 22:00:00,0.3,8.799999999999997,12.799999999999995,0
2024-10-13 23:00:00,0.0,7.499999999999996,12.799999999999995,0
2024-10-14 00:00:00,0.0,5.899999999999995,12.799999999999995,0
2024-10-14 01:00:00,0.0,5.699999999999995,12.799999999999995,0
2024-10-14 02:00:00,0.0,5.699999999999995,12.799999999999995,0
2024-10-14 03:00:00,0.0,0.29999999999999466,12.799999999999995,0
2024-10-14 04:00:00,0.0,0.0,12.799999999999995,0
2024-10-14 05:00:00,0.0,0.0,12.799999999999995,0
2024-10-14 06:00:00,0.0,0.0,12.799999999999995,0
2024-10-14 07:00:00,0.0,0.0,12.799999999999995,0
2024-10-14 08:00:00,0.0,0.0,12.799999999999995,0
2024-10-14 09:00:00,0.2,0.19999999999999468,12.999999999999996,0
2024-10-14 10:00:00,0.1,0.2999999999999947,12.999999999999996,0
2024-10-14 11:00:00,6.5,6.7999999999999945,19.399999999999995,0
2024-10-14 12:00:00,0.1,6.899999999999994,19.399999999999995,0
2024-10-14 13:00:00,0.2,7.099999999999994,19.499999999999996,0
2024-10-14 14:00:00,0.4,7.499999999999995,17.899999999999995,0
2024-10-14 15:00:00,0.7,7.999999999999995,17.299999999999997,0
2024-10-14 16:00:00,0.3,8.199999999999994,17.299999999999994,0
2024-10-14 17:00:00,1.4,3.0999999999999943,17.399999999999995,0
2024-10-14 18:00:00,0.0,2.9999999999999947,15.799999999999995,0
2024-10-14 19:00:00,0.0,2.7999999999999945,15.599999999999996,0
2024-10-14 20:00:00,0.0,2.399999999999994,15.599999999999996,0
2024-10-14 21:00:00,0.0,1.6999999999999946,10.199999999999996,0
2024-10-14 22:00:00,8.7,10.099999999999994,18.599999999999994,0
2024-10-14 23:00:00,0.0,8.699999999999994,18.599999999999994,0
2024-10-15 00:00:00,0.0,8.699999999999994,18.599999999999994,0
2024-10-15 01:00:00,0.0,8.699999999999994,18.599999999999994,0
2024-10-15 02:00:00,0.0,8.699999999999994,18.599999999999994,0
2024-10-15 03:00:00,0.0,8.699999999999994,18.599999999999994,0
2024-10-15 04:00:00,0.0,0.0,18.599999999999994,0
2024-10-15 05:00:00,0.0,0.0,18.599999999999994,0
2024-10-15 06:00:00,0.0,0.0,18.599999999999994,0
2024-10-15 07:00:00,0.0,0.0,18.599999999999994,0
2024-10-15 08:00:00,0.0,0.0,18.599999999999994,0
2024-10-15 09:00:00,0.1,0.09999999999999468,18.499999999999996,0
2024-10-15 10:00:00,0.4,0.49999999999999467,18.799999999999994,0
2024-10-15 11:00:00,0.2,0.6999999999999946,12.499999999999993,0
2024-10-15 12:00:00,0.1,0.7999999999999947,12.499999999999995,0
2024-10-15 13:00:00,0.0,0.7999999999999947,12.299999999999995,0
2024-10-15 14:00:00,0.1,0.8999999999999947,11.999999999999995,0
2024-10-15 15:00:00,0.4,1.1999999999999948,11.699999999999996,0
2024-10-15 16:00:00,0.1,0.8999999999999947,11.499999999999995,0
2024-10-15 17:00:00,0.0,0.6999999999999946,10.099999999999994,0
2024-10-15 18:00:00,0.0,0.5999999999999946,10.099999999999994,0
2024-10-15 19:00:00,0.0,0.5999999999999946,10.099999999999994,0
2024-10-15 20:00:00,0.0,0.49999999999999467,10.099999999999994,0
2024-10-15 21:00:00,0.0,0.09999999999999468,10.099999999999994,0
2024-10-15 22:00:00,0.0,0.0,1.3999999999999948,0
2024-10-15 23:00:00,0.0,0.0,1.3999999999999948,0
2024-10-16 00:00:00,0.0,0.0,1.3999999999999948,0
2024-10-16 01:00:00,0.0,0.0,1.3999999999999948,0
2024-10-16 02:00:00,0.0,0.0,1.3999999999999948,0
2024-10-16 03:00:00,0.0,0.0,1.3999999999999948,0
2024-10-16 04:00:00,0.0,0.0,1.3999999999999948,0
2024-10-16 05:00:00,0.0,0.0,1.3999999999999948,0
2024-10-16 06:00:00,0.0,0.0,1.3999999999999948,0
2024-10-16 07:00:00,0.0,0.0,1.3999999999999948,0
2024-10-16 08:00:00,0.0,0.0,1.3999999999999948,0
2024-10-16 09:00:00,0.1,0.09999999999999468,1.3999999999999946,0
2024-10-16 10:00:00,0.1,0.19999999999999468,1.0999999999999948,0
2024-10-16 11:00:00,0.1,0.2999999999999947,0.9999999999999948,0
2024-10-16 12:00:00,0.1,0.3999999999999947,0.9999999999999947,0
2024-10-16 13:00:00,0.3,0.6999999999999946,1.2999999999999947,0
2024-10-16 14:00:00,0.1,0.7999999999999947,1.299999999999995,0
2024-10-16 15:00:00,0.0,0.6999999999999947,0.8999999999999947,0
2024-10-16 16:00:00,0.3,0.8999999999999947,1.0999999999999948,0
2024-10-16 17:00:00,0.0,0.7999999999999946,1.0999999999999948,0
2024-10-16 18:00:00,0.0,0.6999999999999946,1.0999999999999948,0
2024-10-16 19:00:00,0.0,0.39999999999999464,1.0999999999999948,0
2024-10-16 20:00:00,0.0,0.2999999999999946,1.0999999999999948,0
2024-10-16 21:00:00,0.0,0.2999999999999946,1.0999999999999948,0
2024-10-16 22:00:00,0.0,0.0,1.0999999999999948,0
2024-10-16 23:00:00,0.0,0.0,1.0999999999999948,0
2024-10-17 00:00:00,0.0,0.0,1.0999999999999948,0
2024-10-17 01:00:00,0.0,0.0,1.0999999999999948,0
2024-10-17 02:00:00,0.0,0.0,1.0999999999999948,0
2024-10-17 03:00:00,0.0,0.0,1.0999999999999948,0
2024-10-17 04:00:00,0.0,0.0,1.0999999999999948,0
2024-10-17 05:00:00,0.0,0.0,1.0999999999999948,0
2024-10-17 06:00:00,0.0,0.0,1.0999999999999948,0
2024-10-17 07:00:00,0.0,0.0,1.0999999999999948,0
2024-10-17 08:00:00,0.1,0.09999999999999468,1.1999999999999948,0
2024-10-17 09:00:00,0.1,0.19999999999999468,1.1999999999999946,0
2024-10-17 10:00:00,0.1,0.2999999999999947,1.1999999999999948,0
2024-10-17 11:00:00,0.5,0.7999999999999947,1.5999999999999948,0
2024-10-17 12:00:00,0.0,0.7999999999999947,1.4999999999999947,0
2024-10-17 13:00:00,0.0,0.7999999999999947,1.1999999999999948,0
2024-10-17 14:00:00,0.0,0.6999999999999947,1.0999999999999948,0
2024-10-17 15:00:00,0.0,0.5999999999999948,1.0999999999999948,0
2024-10-17 16:00:00,0.0,0.49999999999999467,0.7999999999999947,0
2024-10-17 17:00:00,0.0,0.0,0.7999999999999947,0
2024-10-17 18:00:00,0.0,0.0,0.7999999999999947,0
2024-10-17 19:00:00,0.0,0.0,0.7999999999999947,0
2024-10-17 20:00:00,0.0,0.0,0.7999999999999947,0
2024-10-17 21:00:00,0.0,0.0,0.7999999999999947,0
2024-10-17 22:00:00,0.0,0.0,0.7999999999999947,0
2024-10-17 23:00:00,0.0,0.0,0.7999999999999947,0
2024-10-18 00:00:00,0.0,0.0,0.7999999999999947,0
2024-10-18 01:00:00,0.0,0.0,0.7999999999999947,0
2024-10-18 02:00:00,0.0,0.0,0.7999999999999947,0
2024-10-18 03:00:00,0.0,0.0,0.7999999999999947,0
2024-10-18 04:00:00,0.0,0.0,0.7999999999999947,0
2024-10-18 05:00:00,0.0,0.0,0.7999999999999947,0
2024-10-18 06:00:00,0.1,0.09999999999999468,0.8999999999999947,0
2024-10-18 07:00:00,0.1,0.19999999999999468,0.9999999999999947,0
2024-10-18 08:00:00,0.0,0.19999999999999468,0.8999999999999948,0
2024-10-18 09:00:00,0.0,0.19999999999999468,0.7999999999999947,0
2024-10-18 10:00:00,0.1,0.2999999999999947,0.7999999999999947,0
2024-10-18 11:00:00,0.1,0.3999999999999947,0.3999999999999947,0
2024-10-18 12:00:00,0.3,0.5999999999999948,0.6999999999999946,0
2024-10-18 13:00:00,0.0,0.49999999999999467,0.6999999999999946,0
2024-10-18 14:00:00,0.1,0.5999999999999946,0.7999999999999947,0
2024-10-18 15:00:00,0.1,0.6999999999999946,0.8999999999999947,0
2024-10-18 16:00:00,0.0,0.5999999999999948,0.8999999999999947,0
2024-10-18 17:00:00,0.0,0.49999999999999467,0.8999999999999947,0
2024-10-18 18:00:00,0.0,0.19999999999999468,0.8999999999999947,0
2024-10-18 19:00:00,0.0,0.19999999999999468,0.8999999999999947,0
2024-10-18 20:00:00,0.0,0.09999999999999468,0.8999999999999947,0
2024-10-18 21:00:00,0.0,0.0,0.8999999999999947,0
2024-10-18 22:00:00,0.0,0.0,0.8999999999999947,0
2024-10-18 23:00:00,0.0,0.0,0.8999999999999947,0
2024-10-19 00:00:00,0.0,0.0,0.8999999999999947,0
2024-10-19 01:00:00,0.0,0.0,0.8999999999999947,0
2024-10-19 02:00:00,0.0,0.0,0.8999999999999947,0
2024-10-19 03:00:00,0.0,0.0,0.8999999999999947,0
2024-10-19 04:00:00,0.0,0.0,0.8999999999999947,0
2024-10-19 05:00:00,0.0,0.0,0.8999999999999947,0
2024-10-19 06:00:00,0.0,0.0,0.7999999999999947,0
2024-10-19 07:00:00,0.0,0.0,0.6999999999999946,0
2024-10-19 08:00:00,0.0,0.0,0.6999999999999946,0
2024-10-19 09:00:00,0.1,0.09999999999999468,0.7999999999999946,0
2024-10-19 10:00:00,0.1,0.19999999999999468,0.7999999999999947,0
2024-10-19 11:00:00,0.0,0.19999999999999468,0.6999999999999946,0
2024-10-19 12:00:00,0.0,0.19999999999999468,0.3999999999999947,0
2024-10-19 13:00:00,0.1,0.2999999999999947,0.49999999999999467,0
2024-10-19 14:00:00,0.1,0.3999999999999947,0.4999999999999947,0
2024-10-19 15:00:00,0.0,0.2999999999999947,0.3999999999999947,0
2024-10-19 16:00:00,0.4,0.5999999999999948,0.7999999999999947,0
2024-10-19 17:00:00,0.8,1.3999999999999948,1.5999999999999948,0
2024-10-19 18:00:00,0.1,1.499999999999995,1.6999999999999948,0
2024-10-19 19:00:00,0.0,1.3999999999999948,1.6999999999999948,0
2024-10-19 20:00:00,0.0,1.299999999999995,1.6999999999999948,0
2024-10-19 21:00:00,0.0,1.299999999999995,1.6999999999999948,0
2024-10-19 22:00:00,0.0,0.8999999999999947,1.6999999999999948,0
2024-10-19 23:00:00,0.0,0.09999999999999468,1.6999999999999948,0
2024-10-20 00:00:00,0.0,0.0,1.6999999999999948,0
2024-10-20 01:00:00,0.0,0.0,1.6999999999999948,0
2024-10-20 02:00:00,0.0,0.0,1.6999999999999948,0
2024-10-20 03:00:00,0.2,0.19999999999999468,1.8999999999999948,0
2024-10-20 04:00:00,0.1,0.2999999999999947,1.9999999999999947,0
2024-10-20 05:00:00,0.3,0.5999999999999946,2.299999999999995,0
2024-10-20 06:00:00,0.1,0.6999999999999946,2.3999999999999946,0
2024-10-20 07:00:00,0.2,0.8999999999999947,2.5999999999999948,0
2024-10-20 08:00:00,0.1,0.9999999999999947,2.699999999999995,0
2024-10-20 09:00:00,0.1,0.8999999999999947,2.699999999999995,0
2024-10-20 10:00:00,0.0,0.7999999999999946,2.5999999999999948,0
2024-10-20 11:00:00,0.1,0.5999999999999948,2.699999999999995,0
2024-10-20 12:00:00,0.5,0.9999999999999947,3.199999999999995,0
2024-10-20 13:00:00,0.4,1.1999999999999946,3.499999999999995,0
2024-10-20 14:00:00,0.3,1.3999999999999948,3.699999999999995,0
2024-10-20 15:00:00,0.1,1.3999999999999948,3.799999999999995,0
2024-10-20 16:00:00,0.2,1.5999999999999948,3.599999999999995,0
2024-10-20 17:00:00,0.0,1.4999999999999947,2.799999999999995,0
2024-10-20 18:00:00,0.1,1.0999999999999948,2.7999999999999945,0
2024-10-20 19:00:00,0.1,0.7999999999999947,2.8999999999999946,0
2024-10-20 20:00:00,0.2,0.6999999999999947,3.0999999999999948,0
2024-10-20 21:00:00,0.1,0.6999999999999947,3.199999999999995,0
2024-10-20 22:00:00,0.2,0.6999999999999946,3.3999999999999946,0
2024-10-20 23:00:00,0.3,0.9999999999999947,3.699999999999995,0
2024-10-21 00:00:00,0.9,1.7999999999999947,4.599999999999994,0
2024-10-21 01:00:00,0.8,2.4999999999999947,5.399999999999995,0
2024-10-21 02:00:00,0.5,2.799999999999995,5.899999999999995,0
2024-10-21 03:00:00,0.9,3.5999999999999948,6.599999999999994,0
2024-10-21 04:00:00,4.0,7.399999999999995,10.499999999999995,0
2024-10-21 05:00:00,0.6,7.699999999999995,10.799999999999994,0
2024-10-21 06:00:00,0.0,6.7999999999999945,10.699999999999994,0
2024-10-21 07:00:00,0.0,5.999999999999995,10.499999999999995,0
2024-10-21 08:00:00,0.1,5.599999999999995,10.499999999999995,0
2024-10-21 09:00:00,0.1,4.7999999999999945,10.499999999999995,0
2024-10-21 10:00:00,0.5,1.2999999999999952,10.999999999999995,0
2024-10-21 11:00:00,1.1,1.7999999999999954,11.999999999999995,0
2024-10-21 12:00:00,1.8,3.599999999999995,13.299999999999994,0
2024-10-21 13:00:00,0.5,4.099999999999995,13.399999999999995,0
2024-10-21 14:00:00,0.6,4.599999999999995,13.699999999999996,0
2024-10-21 15:00:00,0.5,4.999999999999996,14.099999999999996,0
2024-10-21 16:00:00,0.4,4.899999999999996,14.299999999999994,0
2024-10-21 17:00:00,0.7,4.499999999999995,14.999999999999995,0
2024-10-21 18:00:00,0.5,3.1999999999999953,15.399999999999995,0
2024-10-21 19:00:00,1.0,3.6999999999999953,16.299999999999994,0
2024-10-21 20:00:00,0.7,3.7999999999999954,16.799999999999997,0
2024-10-21 21:00:00,0.6,3.899999999999995,17.299999999999994,0
2024-10-21 22:00:00,0.9,4.399999999999995,17.999999999999996,0
2024-10-21 23:00:00,0.2,3.899999999999995,17.899999999999995,0
2024-10-22 00:00:00,0.0,3.399999999999995,16.999999999999996,0
2024-10-22 01:00:00,0.9,3.2999999999999954,17.099999999999994,0
2024-10-22 02:00:00,2.8,5.399999999999995,19.399999999999995,0
2024-10-22 03:00:00,1.8,6.599999999999996,20.299999999999994,0
2024-10-22 04:00:00,2.3,7.999999999999996,18.599999999999994,0
2024-10-22 05:00:00,2.0,9.799999999999995,19.999999999999993,0
2024-10-22 06:00:00,5.1,14.899999999999995,25.099999999999994,0
2024-10-22 07:00:00,7.9,21.899999999999995,32.99999999999999,0
2024-10-22 08:00:00,4.4,23.499999999999993,37.3,0
2024-10-22 09:00:00,4.6,26.299999999999997,41.79999999999999,0
2024-10-22 10:00:00,5.3,29.299999999999997,46.599999999999994,0
2024-10-22 11:00:00,5.5,32.8,50.99999999999999,0
2024-10-22 12:00:00,7.0,34.699999999999996,56.199999999999996,0
2024-10-22 13:00:00,6.9,33.699999999999996,62.599999999999994,0
2024-10-22 14:00:00,6.5,35.8,68.49999999999999,0
2024-10-22 15:00:00,4.9,36.099999999999994,72.89999999999999,0
2024-10-22 16:00:00,5.0,35.8,77.5,0
2024-10-22 17:00:00,6.7,37.0,83.5,0
2024-10-22 18:00:00,8.5,38.5,91.5,0
2024-10-22 19:00:00,8.0,39.599999999999994,98.5,0
2024-10-22 20:00:00,7.2,40.3,105.0,0
2024-10-22 21:00:00,16.8,52.19999999999999,121.2,0
2024-10-22 22:00:00,15.6,62.79999999999999,135.9,0
2024-10-22 23:00:00,9.1,65.19999999999999,144.8,0
2024-10-23 00:00:00,9.5,66.19999999999999,154.3,0
2024-10-23 01:00:00,12.2,70.39999999999999,165.6,0
2024-10-23 02:00:00,13.1,76.3,175.89999999999998,0
2024-10-23 03:00:00,14.5,74.0,188.6,0
2024-10-23 04:00:00,15.7,74.1,202.0,0
2024-10-23 05:00:00,10.5,75.5,210.5,0
2024-10-23 06:00:00,6.5,72.5,211.9,0
2024-10-23 07:00:00,4.5,64.8,208.5,0
2024-10-23 08:00:00,4.1,55.8,208.2,0
2024-10-23 09:00:00,1.7,42.99999999999999,205.29999999999998,0
2024-10-23 10:00:00,1.7,28.999999999999996,201.7,0
2024-10-23 11:00:00,3.1,21.599999999999994,199.29999999999998,0
2024-10-23 12:00:00,1.2,16.299999999999997,193.49999999999997,0
2024-10-23 13:00:00,0.4,12.199999999999996,187.0,0
2024-10-23 14:00:00,0.1,8.199999999999996,180.6,0
2024-10-23 15:00:00,0.4,6.899999999999996,176.1,0
2024-10-23 16:00:00,2.2,7.399999999999997,173.3,0
2024-10-23 17:00:00,1.2,5.4999999999999964,167.79999999999998,0
2024-10-23 18:00:00,1.0,5.299999999999996,160.29999999999998,0
2024-10-23 19:00:00,0.2,5.099999999999997,152.49999999999997,0
2024-10-23 20:00:00,0.0,4.9999999999999964,145.29999999999998,0
2024-10-23 21:00:00,0.3,4.899999999999997,128.79999999999998,0
2024-10-23 22:00:00,0.1,2.7999999999999963,113.29999999999998,0
2024-10-23 23:00:00,0.2,1.7999999999999965,104.39999999999999,0
2024-10-24 00:00:00,0.3,1.0999999999999965,95.19999999999999,0
2024-10-24 01:00:00,0.1,0.9999999999999964,83.1,0
2024-10-24 02:00:00,4.8,5.799999999999996,74.8,0
2024-10-24 03:00:00,1.5,6.9999999999999964,61.8,0
2024-10-24 04:00:00,0.2,7.099999999999996,46.3,0
2024-10-24 05:00:00,0.2,7.099999999999997,35.99999999999999,0
2024-10-24 06:00:00,0.1,6.899999999999996,29.599999999999994,0
2024-10-24 07:00:00,0.7,7.4999999999999964,25.799999999999994,0
2024-10-24 08:00:00,0.5,3.1999999999999966,22.199999999999996,0
2024-10-24 09:00:00,0.7,2.3999999999999964,21.199999999999996,0
2024-10-24 10:00:00,2.0,4.199999999999996,21.499999999999996,0
2024-10-24 11:00:00,1.1,5.099999999999996,19.499999999999996,0
2024-10-24 12:00:00,1.6,6.599999999999996,19.9,0
2024-10-24 13:00:00,0.3,6.199999999999997,19.799999999999994,0
2024-10-24 14:00:00,0.3,5.9999999999999964,19.999999999999996,0
2024-10-24 15:00:00,0.3,5.599999999999997,19.899999999999995,0
2024-10-24 16:00:00,0.1,3.6999999999999966,17.799999999999997,0
2024-10-24 17:00:00,0.1,2.6999999999999966,16.699999999999996,0
2024-10-24 18:00:00,0.2,1.2999999999999965,15.899999999999997,0
2024-10-24 19:00:00,0.5,1.4999999999999964,16.199999999999996,0
2024-10-24 20:00:00,2.5,3.6999999999999966,18.699999999999996,0
2024-10-24 21:00:00,0.6,3.9999999999999964,18.999999999999993,0
2024-10-24 22:00:00,0.2,4.099999999999997,19.099999999999998,0
2024-10-24 23:00:00,0.0,3.9999999999999964,18.9,0
2024-10-25 00:00:00,0.0,3.7999999999999963,18.599999999999998,0
2024-10-25 01:00:00,0.0,3.2999999999999963,18.499999999999996,0
2024-10-25 02:00:00,0.0,0.7999999999999965,13.699999999999996,0
2024-10-25 03:00:00,0.0,0.19999999999999646,12.199999999999996,0
2024-10-25 04:00:00,0.1,0.09999999999999645,12.099999999999998,0
2024-10-25 05:00:00,0.1,0.19999999999999646,11.999999999999996,0
2024-10-25 06:00:00,0.2,0.39999999999999647,12.099999999999996,0
2024-10-25 07:00:00,0.3,0.6999999999999964,11.699999999999998,0
2024-10-25 08:00:00,0.4,1.0999999999999965,11.599999999999998,0
2024-10-25 09:00:00,0.1,1.1999999999999964,10.999999999999996,0
2024-10-25 10:00:00,0.1,1.1999999999999964,9.099999999999996,0
2024-10-25 11:00:00,0.2,1.2999999999999965,8.199999999999996,0
2024-10-25 12:00:00,0.7,1.7999999999999965,7.299999999999997,0
2024-10-25 13:00:00,0.1,1.5999999999999965,7.099999999999996,0
2024-10-25 14:00:00,0.0,1.1999999999999964,6.799999999999996,0
2024-10-25 15:00:00,0.1,1.1999999999999964,6.599999999999996,0
2024-10-25 16:00:00,0.2,1.2999999999999963,6.699999999999997,0
2024-10-25 17:00:00,0.0,1.0999999999999965,6.599999999999996,0
2024-10-25 18:00:00,0.0,0.39999999999999647,6.399999999999996,0
2024-10-25 19:00:00,0.0,0.2999999999999965,5.899999999999996,0
2024-10-25 20:00:00,0.1,0.39999999999999647,3.4999999999999964,0
2024-10-25 21:00:00,0.1,0.39999999999999647,2.9999999999999964,0
2024-10-25 22:00:00,0.1,0.2999999999999965,2.899999999999997,0
2024-10-25 23:00:00,0.0,0.2999999999999965,2.899999999999997,0
2024-10-26 00:00:00,0.0,0.2999999999999965,2.899999999999997,0
2024-10-26 01:00:00,0.0,0.2999999999999965,2.899999999999997,0
2024-10-26 02:00:00,0.0,0.19999999999999646,2.899999999999997,0
2024-10-26 03:00:00,0.0,0.09999999999999645,2.899999999999997,0
2024-10-26 04:00:00,0.0,0.0,2.7999999999999967,0
2024-10-26 05:00:00,0.0,0.0,2.6999999999999966,0
2024-10-26 06:00:00,0.0,0.0,2.4999999999999964,0
2024-10-26 07:00:00,0.0,0.0,2.1999999999999966,0
2024-10-26 08:00:00,0.2,0.19999999999999646,1.9999999999999967,0
2024-10-26 09:00:00,0.2,0.39999999999999647,2.0999999999999965,0
2024-10-26 10:00:00,0.1,0.49999999999999645,2.0999999999999965,0
2024-10-26 11:00:00,0.2,0.6999999999999965,2.0999999999999965,0
2024-10-26 12:00:00,0.1,0.7999999999999965,1.4999999999999964,0
2024-10-26 13:00:00,0.3,1.0999999999999965,1.6999999999999964,0
2024-10-26 14:00:00,0.0,0.8999999999999966,1.6999999999999964,0
2024-10-26 15:00:00,0.5,1.1999999999999964,2.0999999999999965,0
2024-10-26 16:00:00,0.6,1.6999999999999964,2.4999999999999964,0
2024-10-26 17:00:00,0.1,1.5999999999999965,2.5999999999999965,0
2024-10-26 18:00:00,0.0,1.4999999999999964,2.5999999999999965,0
2024-10-26 19:00:00,0.0,1.1999999999999966,2.5999999999999965,0
2024-10-26 20:00:00,0.0,1.1999999999999966,2.4999999999999964,0
2024-10-26 21:00:00,0.0,0.6999999999999965,2.399999999999997,0
2024-10-26 22:00:00,0.0,0.09999999999999656,2.2999999999999967,0
2024-10-26 23:00:00,0.0,0.0,2.2999999999999967,0
2024-10-27 00:00:00,0.0,0.0,2.2999999999999967,0
2024-10-27 01:00:00,0.3,0.29999999999999655,2.5999999999999965,0
2024-10-27 02:00:00,0.0,0.29999999999999655,2.5999999999999965,0
2024-10-27 03:00:00,0.5,0.7999999999999965,3.0999999999999965,0
2024-10-27 04:00:00,0.0,0.7999999999999965,3.0999999999999965,0
2024-10-27 05:00:00,0.0,0.7999999999999965,3.0999999999999965,0
2024-10-27 06:00:00,0.0,0.7999999999999965,3.0999999999999965,0
2024-10-27 07:00:00,0.0,0.49999999999999656,3.0999999999999965,0
2024-10-27 08:00:00,0.0,0.49999999999999656,2.8999999999999964,0
2024-10-27 09:00:00,0.0,0.0,2.6999999999999966,0
2024-10-27 10:00:00,0.2,0.19999999999999657,2.7999999999999967,0
2024-10-27 11:00:00,0.1,0.2999999999999966,2.699999999999996,0
2024-10-27 12:00:00,0.0,0.2999999999999966,2.599999999999996,0
2024-10-27 13:00:00,0.0,0.2999999999999966,2.2999999999999963,0
2024-10-27 14:00:00,0.0,0.2999999999999966,2.2999999999999963,0
2024-10-27 15:00:00,0.1,0.3999999999999966,1.8999999999999964,0
2024-10-27 16:00:00,0.4,0.5999999999999965,1.6999999999999964,0
2024-10-27 17:00:00,0.1,0.5999999999999966,1.6999999999999966,0
2024-10-27 18:00:00,0.0,0.5999999999999966,1.6999999999999966,0
2024-10-27 19:00:00,0.0,0.5999999999999966,1.6999999999999966,0
2024-10-27 20:00:00,0.0,0.5999999999999966,1.6999999999999966,0
2024-10-27 21:00:00,0.0,0.49999999999999656,1.6999999999999966,0
2024-10-27 22:00:00,0.0,0.09999999999999656,1.6999999999999966,0
2024-10-27 23:00:00,0.0,0.0,1.6999999999999966,0
2024-10-28 00:00:00,0.0,0.0,1.6999999999999966,0
2024-10-28 01:00:00,0.0,0.0,1.3999999999999966,0
2024-10-28 02:00:00,0.0,0.0,1.3999999999999966,0
2024-10-28 03:00:00,0.0,0.0,0.8999999999999965,0
2024-10-28 04:00:00,0.0,0.0,0.8999999999999965,0
2024-10-28 05:00:00,0.0,0.0,0.8999999999999965,0
2024-10-28 06:00:00,0.0,0.0,0.8999999999999965,0
2024-10-28 07:00:00,0.0,0.0,0.8999999999999965,0
2024-10-28 08:00:00,0.0,0.0,0.8999999999999965,0
2024-10-28 09:00:00,0.0,0.0,0.8999999999999965,0
2024-10-28 10:00:00,0.0,0.0,0.6999999999999964,0
2024-10-28 11:00:00,0.0,0.0,0.5999999999999964,0
2024-10-28 12:00:00,0.0,0.0,0.5999999999999964,0
2024-10-28 13:00:00,0.0,0.0,0.5999999999999964,0
2024-10-28 14:00:00,0.1,0.09999999999999656,0.6999999999999964,0
2024-10-28 15:00:00,0.0,0.09999999999999656,0.5999999999999965,0
2024-10-28 16:00:00,0.0,0.09999999999999656,0.19999999999999646,0
2024-10-28 17:00:00,0.0,0.09999999999999656,0.09999999999999645,0
2024-10-28 18:00:00,0.0,0.09999999999999656,0.09999999999999645,0
2024-10-28 19:00:00,0.0,0.09999999999999656,0.09999999999999645,0
2024-10-28 20:00:00,0.0,0.0,0.09999999999999645,0
2024-10-28 21:00:00,0.0,0.0,0.09999999999999645,0
2024-10-28 22:00:00,0.0,0.0,0.09999999999999645,0
2024-10-28 23:00:00,0.0,0.0,0.09999999999999645,0
2024-10-29 00:00:00,0.0,0.0,0.09999999999999645,0
2024-10-29 01:00:00,0.0,0.0,0.09999999999999645,0
2024-10-29 02:00:00,0.0,0.0,0.09999999999999645,0
2024-10-29 03:00:00,0.0,0.0,0.09999999999999645,0
2024-10-29 04:00:00,0.0,0.0,0.09999999999999645,0
2024-10-29 05:00:00,0.0,0.0,0.09999999999999645,0
2024-10-29 06:00:00,0.0,0.0,0.09999999999999645,0
2024-10-29 07:00:00,0.0,0.0,0.09999999999999645,0
2024-10-29 08:00:00,0.0,0.0,0.09999999999999645,0
2024-10-29 09:00:00,0.0,0.0,0.09999999999999645,0
2024-10-29 10:00:00,0.0,0.0,0.09999999999999645,0
2024-10-29 11:00:00,0.0,0.0,0.09999999999999645,0
2024-10-29 12:00:00,0.0,0.0,0.09999999999999645,0
2024-10-29 13:00:00,0.0,0.0,0.09999999999999645,0
2024-10-29 14:00:00,0.0,0.0,0.0,0
2024-10-29 15:00:00,0.0,0.0,0.0,0
2024-10-29 16:00:00,0.0,0.0,0.0,0
2024-10-29 17:00:00,0.0,0.0,0.0,0
2024-10-29 18:00:00,0.0,0.0,0.0,0
2024-10-29 19:00:00,0.0,0.0,0.0,0
2024-10-29 20:00:00,0.0,0.0,0.0,0
2024-10-29 21:00:00,0.0,0.0,0.0,0
2024-10-29 22:00:00,0.0,0.0,0.0,0
2024-10-29 23:00:00,0.0,0.0,0.0,0
2024-10-30 00:00:00,0.0,0.0,0.0,0
2024-10-30 01:00:00,0.0,0.0,0.0,0
2024-10-30 02:00:00,0.0,0.0,0.0,0
2024-10-30 03:00:00,0.0,0.0,0.0,0
2024-10-30 04:00:00,0.0,0.0,0.0,0
2024-10-30 05:00:00,0.0,0.0,0.0,0
2024-10-30 06:00:00,0.0,0.0,0.0,0
2024-10-30 07:00:00,0.0,0.0,0.0,0
2024-10-30 08:00:00,0.0,0.0,0.0,0
2024-10-30 09:00:00,0.0,0.0,0.0,0
2024-10-30 10:00:00,0.0,0.0,0.0,0
2024-10-30 11:00:00,0.0,0.0,0.0,0
2024-10-30 12:00:00,0.1,0.09999999999999656,0.09999999999999645,0
2024-10-30 13:00:00,0.3,0.3999999999999966,0.39999999999999647,0
2024-10-30 14:00:00,0.1,0.49999999999999656,0.49999999999999645,0
2024-10-30 15:00:00,0.2,0.6999999999999965,0.6999999999999964,0
2024-10-30 16:00:00,0.0,0.6999999999999965,0.6999999999999964,0
2024-10-30 17:00:00,0.0,0.6999999999999965,0.6999999999999964,0
2024-10-30 18:00:00,0.0,0.5999999999999965,0.6999999999999964,0
2024-10-30 19:00:00,0.0,0.2999999999999965,0.6999999999999964,0
2024-10-30 20:00:00,0.0,0.19999999999999651,0.6999999999999964,0
2024-10-30 21:00:00,0.0,0.0,0.6999999999999964,0
2024-10-30 22:00:00,0.0,0.0,0.6999999999999964,0
2024-10-30 23:00:00,0.1,0.09999999999999651,0.7999999999999965,0
2024-10-31 00:00:00,0.1,0.19999999999999651,0.8999999999999965,0
2024-10-31 01:00:00,0.1,0.2999999999999965,0.9999999999999964,0
2024-10-31 02:00:00,1.4,1.6999999999999964,2.3999999999999964,0
2024-10-31 03:00:00,0.3,1.9999999999999964,2.699999999999996,0
2024-10-31 04:00:00,0.4,2.3999999999999964,3.0999999999999965,0
2024-10-31 05:00:00,0.1,2.3999999999999964,3.199999999999996,0
2024-10-31 06:00:00,0.3,2.599999999999996,3.4999999999999964,0
2024-10-31 07:00:00,0.1,2.5999999999999965,3.5999999999999965,0
2024-10-31 08:00:00,0.3,1.4999999999999964,3.8999999999999964,0
2024-10-31 09:00:00,0.7,1.8999999999999964,4.599999999999996,0
2024-10-31 10:00:00,0.3,1.7999999999999965,4.899999999999996,0
2024-10-31 11:00:00,0.2,1.8999999999999964,5.099999999999996,0
2024-10-31 12:00:00,0.5,2.0999999999999965,5.4999999999999964,0
2024-10-31 13:00:00,0.7,2.6999999999999966,5.899999999999996,0
2024-10-31 14:00:00,0.3,2.6999999999999966,6.099999999999996,0
2024-10-31 15:00:00,0.4,2.3999999999999964,6.299999999999996,0
2024-10-31 16:00:00,0.2,2.2999999999999967,6.4999999999999964,0
2024-10-31 17:00:00,0.1,2.1999999999999966,6.599999999999996,0
2024-10-31 18:00:00,0.1,1.7999999999999965,6.699999999999996,0
2024-10-31 19:00:00,0.0,1.0999999999999965,6.699999999999996,0
2024-10-31 20:00:00,0.0,0.7999999999999965,6.699999999999996,0
2024-10-31 21:00:00,0.0,0.39999999999999647,6.699999999999996,0
2024-10-31 22:00:00,0.0,0.19999999999999646,6.699999999999996,0
2024-10-31 23:00:00,0.0,0.09999999999999645,6.599999999999996,0
2024-11-01 00:00:00,0.0,0.0,6.499999999999996,0
2024-11-01 01:00:00,0.0,0.0,6.399999999999996,0
2024-11-01 02:00:00,0.0,0.0,4.9999999999999964,0
2024-11-01 03:00:00,0.0,0.0,4.699999999999996,0
2024-11-01 04:00:00,0.0,0.0,4.299999999999996,0
2024-11-01 05:00:00,0.0,0.0,4.199999999999996,0
2024-11-01 06:00:00,0.0,0.0,3.8999999999999964,0
2024-11-01 07:00:00,0.0,0.0,3.7999999999999963,0
2024-11-01 08:00:00,0.0,0.0,3.4999999999999964,0
2024-11-01 09:00:00,0.1,0.09999999999999645,2.8999999999999964,0
2024-11-01 10:00:00,0.0,0.09999999999999645,2.5999999999999965,0
2024-11-01 11:00:00,0.1,0.19999999999999646,2.4999999999999964,0
2024-11-01 12:00:00,0.1,0.2999999999999965,2.0999999999999965,0
2024-11-01 13:00:00,0.2,0.49999999999999645,1.5999999999999965,0
2024-11-01 14:00:00,0.1,0.5999999999999965,1.3999999999999964,0
2024-11-01 15:00:00,0.1,0.5999999999999965,1.0999999999999965,0
2024-11-01 16:00:00,0.9,1.4999999999999964,1.7999999999999965,0
2024-11-01 17:00:00,0.2,1.5999999999999965,1.8999999999999964,0
2024-11-01 18:00:00,0.0,1.4999999999999967,1.7999999999999965,0
2024-11-01 19:00:00,0.0,1.2999999999999965,1.7999999999999965,0
2024-11-01 20:00:00,0.0,1.1999999999999966,1.7999999999999965,0
2024-11-01 21:00:00,0.0,1.0999999999999965,1.7999999999999965,0
2024-11-01 22:00:00,0.0,0.19999999999999646,1.7999999999999965,0
2024-11-01 23:00:00,0.0,0.0,1.7999999999999965,0
2024-11-02 00:00:00,0.0,0.0,1.7999999999999965,0
2024-11-02 01:00:00,0.0,0.0,1.7999999999999965,0
2024-11-02 02:00:00,0.0,0.0,1.7999999999999965,0
2024-11-02 03:00:00,0.0,0.0,1.7999999999999965,0
2024-11-02 04:00:00,0.0,0.0,1.7999999999999965,0
2024-11-02 05:00:00,0.0,0.0,1.7999999999999965,0
2024-11-02 06:00:00,0.0,0.0,1.7999999999999965,0
2024-11-02 07:00:00,0.0,0.0,1.7999999999999965,0
2024-11-02 08:00:00,0.0,0.0,1.7999999999999965,0
2024-11-02 09:00:00,0.0,0.0,1.6999999999999964,0
2024-11-02 10:00:00,0.0,0.0,1.6999999999999964,0
2024-11-02 11:00:00,0.0,0.0,1.5999999999999965,0
2024-11-02 12:00:00,0.4,0.39999999999999647,1.8999999999999966,0
2024-11-02 13:00:00,0.0,0.39999999999999647,1.6999999999999966,0
2024-11-02 14:00:00,0.2,0.5999999999999965,1.7999999999999965,0
2024-11-02 15:00:00,0.1,0.6999999999999965,1.7999999999999965,0
2024-11-02 16:00:00,0.0,0.6999999999999965,0.8999999999999965,0
2024-11-02 17:00:00,0.0,0.6999999999999965,0.6999999999999964,0
2024-11-02 18:00:00,0.0,0.2999999999999965,0.6999999999999964,0
2024-11-02 19:00:00,0.0,0.2999999999999965,0.6999999999999964,0
2024-11-02 20:00:00,0.0,0.09999999999999645,0.6999999999999964,0
2024-11-02 21:00:00,0.0,0.0,0.6999999999999964,0
2024-11-02 22:00:00,0.0,0.0,0.6999999999999964,0
2024-11-02 23:00:00,0.0,0.0,0.6999999999999964,0
2024-11-03 00:00:00,0.0,0.0,0.6999999999999964,0
2024-11-03 01:00:00,0.0,0.0,0.6999999999999964,0
2024-11-03 02:00:00,0.0,0.0,0.6999999999999964,0
2024-11-03 03:00:00,0.0,0.0,0.6999999999999964,0
2024-11-03 04:00:00,0.0,0.0,0.6999999999999964,0
2024-11-03 05:00:00,0.0,0.0,0.6999999999999964,0
2024-11-03 06:00:00,0.0,0.0,0.6999999999999964,0
2024-11-03 07:00:00,0.0,0.0,0.6999999999999964,0
2024-11-03 08:00:00,0.0,0.0,0.6999999999999964,0
2024-11-03 09:00:00,0.0,0.0,0.6999999999999964,0
2024-11-03 10:00:00,0.2,0.19999999999999646,0.8999999999999965,0
2024-11-03 11:00:00,0.6,0.7999999999999965,1.4999999999999964,0
2024-11-03 12:00:00,0.2,0.9999999999999964,1.2999999999999965,0
2024-11-03 13:00:00,1.2,2.1999999999999966,2.4999999999999964,0
2024-11-03 14:00:00,0.2,2.3999999999999964,2.4999999999999964,0
2024-11-03 15:00:00,0.8,3.1999999999999966,3.1999999999999966,0
2024-11-03 16:00:00,0.0,2.9999999999999964,3.1999999999999966,0
2024-11-03 17:00:00,0.0,2.399999999999997,3.1999999999999966,0
2024-11-03 18:00:00,0.0,2.1999999999999966,3.1999999999999966,0
2024-11-03 19:00:00,0.0,0.9999999999999964,3.1999999999999966,0
2024-11-03 20:00:00,0.0,0.7999999999999965,3.1999999999999966,0
2024-11-03 21:00:00,0.0,0.0,3.1999999999999966,0
2024-11-03 22:00:00,0.0,0.0,3.1999999999999966,0
2024-11-03 23:00:00,0.0,0.0,3.1999999999999966,0
2024-11-04 00:00:00,1.3,1.2999999999999965,4.4999999999999964,0
2024-11-04 01:00:00,0.0,1.2999999999999965,4.4999999999999964,0
2024-11-04 02:00:00,0.0,1.2999999999999965,4.4999999999999964,0
2024-11-04 03:00:00,0.0,1.2999999999999965,4.4999999999999964,0
2024-11-04 04:00:00,0.0,1.2999999999999965,4.4999999999999964,0
2024-11-04 05:00:00,0.0,1.2999999999999965,4.4999999999999964,0
2024-11-04 06:00:00,0.0,0.0,4.4999999999999964,0
2024-11-04 07:00:00,0.1,0.09999999999999645,4.599999999999997,0
2024-11-04 08:00:00,0.0,0.09999999999999645,4.599999999999997,0
2024-11-04 09:00:00,0.1,0.19999999999999646,4.699999999999997,0
2024-11-04 10:00:00,0.7,0.8999999999999964,5.199999999999997,0
2024-11-04 11:00:00,0.2,1.0999999999999963,4.799999999999997,0
2024-11-04 12:00:00,0.0,1.0999999999999963,4.599999999999997,0
2024-11-04 13:00:00,0.0,0.9999999999999964,3.3999999999999964,0
2024-11-04 14:00:00,0.2,1.1999999999999964,3.3999999999999964,0
2024-11-04 15:00:00,0.0,1.0999999999999963,2.5999999999999965,0
2024-11-04 16:00:00,0.0,0.39999999999999636,2.5999999999999965,0
2024-11-04 17:00:00,0.0,0.19999999999999635,2.5999999999999965,0
2024-11-04 18:00:00,0.0,0.19999999999999635,2.5999999999999965,0
2024-11-04 19:00:00,0.0,0.19999999999999635,2.5999999999999965,0
2024-11-04 20:00:00,0.0,0.0,2.5999999999999965,0
2024-11-04 21:00:00,0.0,0.0,2.5999999999999965,0
2024-11-04 22:00:00,0.0,0.0,2.5999999999999965,0
2024-11-04 23:00:00,0.0,0.0,2.5999999999999965,0
2024-11-05 00:00:00,0.0,0.0,1.2999999999999963,0
2024-11-05 01:00:00,0.0,0.0,1.2999999999999963,0
2024-11-05 02:00:00,0.0,0.0,1.2999999999999963,0
2024-11-05 03:00:00,0.0,0.0,1.2999999999999963,0
2024-11-05 04:00:00,0.0,0.0,1.2999999999999963,0
2024-11-05 05:00:00,0.0,0.0,1.2999999999999963,0
2024-11-05 06:00:00,0.0,0.0,1.2999999999999963,0
2024-11-05 07:00:00,0.0,0.0,1.1999999999999962,0
2024-11-05 08:00:00,0.1,0.09999999999999634,1.2999999999999963,0
2024-11-05 09:00:00,0.1,0.19999999999999635,1.2999999999999965,0
2024-11-05 10:00:00,0.2,0.39999999999999636,0.7999999999999965,0
2024-11-05 11:00:00,0.2,0.5999999999999963,0.7999999999999965,0
2024-11-05 12:00:00,0.1,0.6999999999999964,0.8999999999999966,0
2024-11-05 13:00:00,0.0,0.6999999999999964,0.8999999999999966,0
2024-11-05 14:00:00,0.0,0.5999999999999964,0.6999999999999965,0
2024-11-05 15:00:00,0.0,0.49999999999999634,0.6999999999999965,0
2024-11-05 16:00:00,0.2,0.49999999999999634,0.8999999999999965,0
2024-11-05 17:00:00,0.3,0.5999999999999963,1.1999999999999966,0
2024-11-05 18:00:00,0.0,0.4999999999999964,1.1999999999999966,0
2024-11-05 19:00:00,0.9,1.3999999999999964,2.0999999999999965,0
2024-11-05 20:00:00,0.2,1.5999999999999963,2.2999999999999967,0
2024-11-05 21:00:00,0.8,2.3999999999999964,3.0999999999999965,0
2024-11-05 22:00:00,1.4,3.599999999999996,4.4999999999999964,0
2024-11-05 23:00:00,0.1,3.3999999999999964,4.599999999999996,0
2024-11-06 00:00:00,0.9,4.299999999999996,5.4999999999999964,0
2024-11-06 01:00:00,0.8,4.199999999999997,6.299999999999996,0
2024-11-06 02:00:00,0.4,4.399999999999996,6.699999999999997,0
2024-11-06 03:00:00,0.6,4.199999999999997,7.299999999999996,0
2024-11-06 04:00:00,1.5,4.299999999999996,8.799999999999997,0
2024-11-06 05:00:00,0.5,4.699999999999997,9.299999999999997,0
2024-11-06 06:00:00,0.2,3.999999999999996,9.499999999999996,0
2024-11-06 07:00:00,0.2,3.3999999999999964,9.699999999999996,0
2024-11-06 08:00:00,0.1,3.0999999999999965,9.699999999999998,0
2024-11-06 09:00:00,0.1,2.599999999999996,9.699999999999998,0
2024-11-06 10:00:00,0.0,1.0999999999999963,9.499999999999996,0
2024-11-06 11:00:00,0.0,0.5999999999999963,9.299999999999997,0
2024-11-06 12:00:00,0.1,0.4999999999999962,9.299999999999997,0
2024-11-06 13:00:00,3.9,4.199999999999996,13.199999999999998,0
2024-11-06 14:00:00,0.1,4.199999999999997,13.299999999999997,0
2024-11-06 15:00:00,0.0,4.099999999999996,13.299999999999997,0
2024-11-06 16:00:00,0.0,4.099999999999996,13.099999999999996,0
2024-11-06 17:00:00,0.0,4.099999999999996,12.799999999999997,0
2024-11-06 18:00:00,0.1,4.099999999999996,12.899999999999997,0
2024-11-06 19:00:00,0.1,0.2999999999999965,12.099999999999996,0
2024-11-06 20:00:00,0.0,0.19999999999999646,11.899999999999995,0
2024-11-06 21:00:00,0.0,0.19999999999999646,11.099999999999996,0
2024-11-06 22:00:00,0.0,0.19999999999999646,9.699999999999996,0
2024-11-06 23:00:00,0.0,0.19999999999999646,9.599999999999996,0
2024-11-07 00:00:00,0.0,0.09999999999999645,8.699999999999996,0
2024-11-07 01:00:00,0.0,0.0,7.899999999999997,0
2024-11-07 02:00:00,0.0,0.0,7.4999999999999964,0
2024-11-07 03:00:00,0.0,0.0,6.899999999999997,0
2024-11-07 04:00:00,0.0,0.0,5.399999999999997,0
2024-11-07 05:00:00,0.0,0.0,4.899999999999997,0
2024-11-07 06:00:00,0.0,0.0,4.699999999999997,0
2024-11-07 07:00:00,0.0,0.0,4.4999999999999964,0
2024-11-07 08:00:00,0.0,0.0,4.399999999999997,0
2024-11-07 09:00:00,0.0,0.0,4.299999999999996,0
2024-11-07 10:00:00,0.0,0.0,4.299999999999996,0
2024-11-07 11:00:00,0.1,0.09999999999999645,4.399999999999996,0
2024-11-07 12:00:00,0.2,0.2999999999999965,4.4999999999999964,0
2024-11-07 13:00:00,0.1,0.39999999999999647,0.6999999999999965,0
2024-11-07 14:00:00,0.3,0.6999999999999964,0.8999999999999965,0
2024-11-07 15:00:00,0.1,0.7999999999999965,0.9999999999999964,0
2024-11-07 16:00:00,0.8,1.5999999999999965,1.7999999999999965,0
2024-11-07 17:00:00,0.0,1.4999999999999964,1.7999999999999965,0
2024-11-07 18:00:00,0.0,1.2999999999999965,1.6999999999999964,0
2024-11-07 19:00:00,0.0,1.1999999999999966,1.5999999999999965,0
2024-11-07 20:00:00,0.0,0.8999999999999966,1.5999999999999965,0
2024-11-07 21:00:00,0.0,0.7999999999999965,1.5999999999999965,0
2024-11-07 22:00:00,0.1,0.09999999999999645,1.6999999999999966,0
2024-11-07 23:00:00,0.0,0.09999999999999645,1.6999999999999966,0
2024-11-08 00:00:00,0.0,0.09999999999999645,1.6999999999999966,0
2024-11-08 01:00:00,0.0,0.09999999999999645,1.6999999999999966,0
2024-11-08 02:00:00,0.0,0.09999999999999645,1.6999999999999966,0
2024-11-08 03:00:00,0.0,0.09999999999999645,1.6999999999999966,0
2024-11-08 04:00:00,0.0,0.0,1.6999999999999966,0
2024-11-08 05:00:00,0.0,0.0,1.6999999999999966,0
2024-11-08 06:00:00,0.0,0.0,1.6999999999999966,0
2024-11-08 07:00:00,0.0,0.0,1.6999999999999966,0
2024-11-08 08:00:00,0.0,0.0,1.6999999999999966,0
2024-11-08 09:00:00,0.1,0.09999999999999645,1.7999999999999965,0
2024-11-08 10:00:00,0.3,0.39999999999999647,2.0999999999999965,0
2024-11-08 11:00:00,0.4,0.7999999999999965,2.3999999999999964,0
2024-11-08 12:00:00,0.8,1.5999999999999965,2.9999999999999964,0
2024-11-08 13:00:00,6.9,8.499999999999996,9.799999999999997,0
2024-11-08 14:00:00,5.3,13.799999999999997,14.799999999999997,0
2024-11-08 15:00:00,0.1,13.799999999999997,14.799999999999997,0
2024-11-08 16:00:00,1.4,14.899999999999995,15.399999999999995,0
2024-11-08 17:00:00,0.1,14.599999999999996,15.499999999999996,0
2024-11-08 18:00:00,0.0,13.799999999999997,15.499999999999996,0
2024-11-08 19:00:00,0.0,6.899999999999996,15.499999999999996,0
2024-11-08 20:00:00,0.0,1.5999999999999965,15.499999999999996,0
2024-11-08 21:00:00,0.0,1.4999999999999964,15.499999999999996,0
2024-11-08 22:00:00,0.0,0.09999999999999645,15.399999999999997,0
2024-11-08 23:00:00,0.0,0.0,15.399999999999997,0
2024-11-09 00:00:00,0.0,0.0,15.399999999999997,0
2024-11-09 01:00:00,0.0,0.0,15.399999999999997,0
2024-11-09 02:00:00,0.0,0.0,15.399999999999997,0
2024-11-09 03:00:00,0.0,0.0,15.399999999999997,0
2024-11-09 04:00:00,0.0,0.0,15.399999999999997,0
2024-11-09 05:00:00,0.0,0.0,15.399999999999997,0
2024-11-09 06:00:00,0.0,0.0,15.399999999999997,0
2024-11-09 07:00:00,0.0,0.0,15.399999999999997,0
2024-11-09 08:00:00,0.0,0.0,15.399999999999997,0
2024-11-09 09:00:00,0.0,0.0,15.299999999999997,0
2024-11-09 10:00:00,0.0,0.0,14.999999999999996,0
2024-11-09 11:00:00,0.5,0.49999999999999645,15.099999999999998,0
2024-11-09 12:00:00,0.7,1.1999999999999964,14.999999999999996,0
2024-11-09 13:00:00,0.0,1.1999999999999964,8.099999999999996,0
2024-11-09 14:00:00,0.0,1.1999999999999964,2.7999999999999963,0
2024-11-09 15:00:00,0.0,1.1999999999999964,2.699999999999996,0
2024-11-09 16:00:00,0.0,1.1999999999999964,1.2999999999999963,0
2024-11-09 17:00:00,0.0,0.6999999999999964,1.1999999999999962,0
2024-11-09 18:00:00,0.0,0.0,1.1999999999999962,0
2024-11-09 19:00:00,0.0,0.0,1.1999999999999962,0
2024-11-09 20:00:00,0.0,0.0,1.1999999999999962,0
2024-11-09 21:00:00,0.0,0.0,1.1999999999999962,0
2024-11-09 22:00:00,0.0,0.0,1.1999999999999962,0
2024-11-09 23:00:00,0.0,0.0,1.1999999999999962,0
2024-11-10 00:00:00,0.0,0.0,1.1999999999999962,0
2024-11-10 01:00:00,0.0,0.0,1.1999999999999962,0
2024-11-10 02:00:00,0.0,0.0,1.1999999999999962,0
2024-11-10 03:00:00,0.0,0.0,1.1999999999999962,0
2024-11-10 04:00:00,0.1,0.09999999999999645,1.2999999999999963,0
2024-11-10 05:00:00,0.5,0.5999999999999964,1.7999999999999963,0
2024-11-10 06:00:00,0.5,1.0999999999999965,2.2999999999999963,0
2024-11-10 07:00:00,0.2,1.2999999999999965,2.4999999999999964,0
2024-11-10 08:00:00,0.4,1.6999999999999964,2.8999999999999964,0
2024-11-10 09:00:00,0.6,2.2999999999999963,3.4999999999999964,0
2024-11-10 10:00:00,0.5,2.6999999999999966,3.9999999999999964,0
2024-11-10 11:00:00,0.4,2.5999999999999965,3.8999999999999964,0
2024-11-10 12:00:00,0.5,2.5999999999999965,3.6999999999999966,0
2024-11-10 13:00:00,0.5,2.899999999999997,4.199999999999997,0
2024-11-10 14:00:00,0.1,2.5999999999999965,4.299999999999996,0
2024-11-10 15:00:00,0.0,1.9999999999999964,4.299999999999996,0
2024-11-10 16:00:00,0.3,1.7999999999999965,4.599999999999996,0
2024-11-10 17:00:00,0.3,1.6999999999999964,4.899999999999997,0
2024-11-10 18:00:00,0.1,1.2999999999999965,4.9999999999999964,0
2024-11-10 19:00:00,0.1,0.8999999999999965,5.099999999999996,0
2024-11-10 20:00:00,0.2,0.9999999999999964,5.299999999999996,0
2024-11-10 21:00:00,0.3,1.2999999999999965,5.599999999999996,0
2024-11-10 22:00:00,0.2,1.1999999999999964,5.799999999999996,0
2024-11-10 23:00:00,0.2,1.0999999999999965,5.9999999999999964,0
2024-11-11 00:00:00,0.2,1.1999999999999964,6.199999999999997,0
2024-11-11 01:00:00,1.6,2.6999999999999966,7.799999999999997,0
2024-11-11 02:00:00,0.5,2.9999999999999964,8.299999999999997,0
2024-11-11 03:00:00,0.0,2.6999999999999966,8.299999999999997,0
2024-11-11 04:00:00,0.0,2.4999999999999964,8.199999999999998,0
2024-11-11 05:00:00,0.0,2.2999999999999963,7.6999999999999975,0
2024-11-11 06:00:00,0.0,2.0999999999999965,7.1999999999999975,0
2024-11-11 07:00:00,0.0,0.49999999999999645,6.9999999999999964,0
2024-11-11 08:00:00,0.1,0.09999999999999645,6.699999999999997,0
2024-11-11 09:00:00,0.1,0.19999999999999646,6.199999999999997,0
2024-11-11 10:00:00,0.1,0.2999999999999965,5.799999999999997,0
2024-11-11 11:00:00,0.1,0.39999999999999647,5.4999999999999964,0
2024-11-11 12:00:00,1.1,1.4999999999999964,6.099999999999996,0
2024-11-11 13:00:00,0.1,1.5999999999999965,5.699999999999997,0
2024-11-11 14:00:00,0.0,1.4999999999999964,5.599999999999997,0
2024-11-11 15:00:00,0.0,1.3999999999999966,5.599999999999997,0
2024-11-11 16:00:00,0.0,1.2999999999999965,5.299999999999997,0
2024-11-11 17:00:00,0.0,1.1999999999999966,4.9999999999999964,0
2024-11-11 18:00:00,0.0,0.09999999999999645,4.899999999999997,0
2024-11-11 19:00:00,0.0,0.0,4.799999999999997,0
2024-11-11 20:00:00,0.0,0.0,4.599999999999997,0
2024-11-11 21:00:00,0.0,0.0,4.299999999999997,0
2024-11-11 22:00:00,0.0,0.0,4.099999999999997,0
2024-11-11 23:00:00,0.0,0.0,3.899999999999997,0
2024-11-12 00:00:00,0.0,0.0,3.6999999999999966,0
2024-11-12 01:00:00,0.0,0.0,2.0999999999999965,0
2024-11-12 02:00:00,0.0,0.0,1.5999999999999965,0
2024-11-12 03:00:00,0.0,0.0,1.5999999999999965,0
2024-11-12 04:00:00,0.0,0.0,1.5999999999999965,0
2024-11-12 05:00:00,0.0,0.0,1.5999999999999965,0
2024-11-12 06:00:00,0.0,0.0,1.5999999999999965,0
2024-11-12 07:00:00,0.0,0.0,1.5999999999999965,0
2024-11-12 08:00:00,0.0,0.0,1.4999999999999964,0
2024-11-12 09:00:00,0.0,0.0,1.3999999999999966,0
2024-11-12 10:00:00,0.0,0.0,1.2999999999999965,0
2024-11-12 11:00:00,0.0,0.0,1.1999999999999966,0
2024-11-12 12:00:00,0.1,0.09999999999999645,0.19999999999999646,0
2024-11-12 13:00:00,0.2,0.2999999999999965,0.2999999999999965,0
2024-11-12 14:00:00,0.5,0.7999999999999965,0.7999999999999965,0
2024-11-12 15:00:00,1.7,2.4999999999999964,2.4999999999999964,0
2024-11-12 16:00:00,0.0,2.4999999999999964,2.4999999999999964,0
2024-11-12 17:00:00,0.4,2.8999999999999964,2.8999999999999964,0
2024-11-12 18:00:00,0.6,3.3999999999999964,3.4999999999999964,0
2024-11-12 19:00:00,0.0,3.1999999999999966,3.4999999999999964,0
2024-11-12 20:00:00,0.0,2.6999999999999966,3.4999999999999964,0
2024-11-12 21:00:00,0.0,0.9999999999999964,3.4999999999999964,0
2024-11-12 22:00:00,0.0,0.9999999999999964,3.4999999999999964,0
2024-11-12 23:00:00,0.0,0.5999999999999964,3.4999999999999964,0
2024-11-13 00:00:00,0.0,0.0,3.4999999999999964,0
2024-11-13 01:00:00,0.2,0.19999999999999646,3.6999999999999966,0
2024-11-13 02:00:00,0.0,0.19999999999999646,3.6999999999999966,0
2024-11-13 03:00:00,0.0,0.19999999999999646,3.6999999999999966,0
2024-11-13 04:00:00,0.0,0.19999999999999646,3.6999999999999966,0
2024-11-13 05:00:00,0.0,0.19999999999999646,3.6999999999999966,0
2024-11-13 06:00:00,0.0,0.19999999999999646,3.6999999999999966,0
2024-11-13 07:00:00,0.0,0.0,3.6999999999999966,0
2024-11-13 08:00:00,0.0,0.0,3.6999999999999966,0
2024-11-13 09:00:00,0.1,0.09999999999999645,3.7999999999999963,0
2024-11-13 10:00:00,0.0,0.09999999999999645,3.7999999999999963,0
2024-11-13 11:00:00,0.0,0.09999999999999645,3.7999999999999963,0
2024-11-13 12:00:00,0.0,0.09999999999999645,3.699999999999996,0
2024-11-13 13:00:00,0.0,0.09999999999999645,3.4999999999999964,0
2024-11-13 14:00:00,0.0,0.09999999999999645,2.9999999999999964,0
2024-11-13 15:00:00,0.1,0.09999999999999645,1.3999999999999964,0
2024-11-13 16:00:00,0.0,0.09999999999999645,1.3999999999999964,0
2024-11-13 17:00:00,0.0,0.09999999999999645,0.9999999999999964,0
2024-11-13 18:00:00,0.0,0.09999999999999645,0.39999999999999647,0
2024-11-13 19:00:00,0.0,0.09999999999999645,0.39999999999999647,0
2024-11-13 20:00:00,0.0,0.09999999999999645,0.39999999999999647,0
2024-11-13 21:00:00,0.0,0.0,0.39999999999999647,0
2024-11-13 22:00:00,0.0,0.0,0.39999999999999647,0
2024-11-13 23:00:00,0.0,0.0,0.39999999999999647,0
2024-11-14 00:00:00,0.0,0.0,0.39999999999999647,0
2024-11-14 01:00:00,0.0,0.0,0.19999999999999646,0
2024-11-14 02:00:00,0.0,0.0,0.19999999999999646,0
2024-11-14 03:00:00,0.0,0.0,0.19999999999999646,0
2024-11-14 04:00:00,0.0,0.0,0.19999999999999646,0
2024-11-14 05:00:00,0.0,0.0,0.19999999999999646,0
2024-11-14 06:00:00,0.0,0.0,0.19999999999999646,0
2024-11-14 07:00:00,0.0,0.0,0.19999999999999646,0
2024-11-14 08:00:00,0.0,0.0,0.19999999999999646,0
2024-11-14 09:00:00,0.0,0.0,0.09999999999999645,0
2024-11-14 10:00:00,0.0,0.0,0.09999999999999645,0
2024-11-14 11:00:00,0.0,0.0,0.09999999999999645,0
2024-11-14 12:00:00,0.3,0.29999999999999644,0.39999999999999647,0
2024-11-14 13:00:00,0.4,0.6999999999999964,0.7999999999999965,0
2024-11-14 14:00:00,0.0,0.6999999999999964,0.7999999999999965,0
2024-11-14 15:00:00,0.0,0.6999999999999964,0.6999999999999964,0
2024-11-14 16:00:00,0.0,0.6999999999999964,0.6999999999999964,0
2024-11-14 17:00:00,0.0,0.6999999999999964,0.6999999999999964,0
2024-11-14 18:00:00,0.0,0.39999999999999647,0.6999999999999964,0
2024-11-14 19:00:00,0.0,0.0,0.6999999999999964,0
2024-11-14 20:00:00,0.0,0.0,0.6999999999999964,0
2024-11-14 21:00:00,0.0,0.0,0.6999999999999964,0
2024-11-14 22:00:00,0.0,0.0,0.6999999999999964,0
2024-11-14 23:00:00,0.0,0.0,0.6999999999999964,0
2024-11-15 00:00:00,0.0,0.0,0.6999999999999964,0
2024-11-15 01:00:00,0.0,0.0,0.6999999999999964,0
2024-11-15 02:00:00,0.0,0.0,0.6999999999999964,0
2024-11-15 03:00:00,0.0,0.0,0.6999999999999964,0
2024-11-15 04:00:00,0.0,0.0,0.6999999999999964,0
2024-11-15 05:00:00,0.0,0.0,0.6999999999999964,0
2024-11-15 06:00:00,0.0,0.0,0.6999999999999964,0
2024-11-15 07:00:00,0.0,0.0,0.6999999999999964,0
2024-11-15 08:00:00,0.0,0.0,0.6999999999999964,0
2024-11-15 09:00:00,0.1,0.09999999999999645,0.7999999999999965,0
2024-11-15 10:00:00,0.1,0.19999999999999646,0.8999999999999965,0
2024-11-15 11:00:00,0.1,0.2999999999999965,0.9999999999999964,0
2024-11-15 12:00:00,0.1,0.39999999999999647,0.7999999999999965,0
2024-11-15 13:00:00,0.1,0.49999999999999645,0.49999999999999645,0
2024-11-15 14:00:00,0.1,0.6000000000000001,0.5999999999999964,0
2024-11-15 15:00:00,0.0,0.4999999999999965,0.5999999999999964,0
2024-11-15 16:00:00,0.0,0.39999999999999647,0.5999999999999964,0
2024-11-15 17:00:00,0.0,0.2999999999999965,0.5999999999999964,0
2024-11-15 18:00:00,0.0,0.19999999999999646,0.5999999999999964,0
2024-11-15 19:00:00,0.0,0.09999999999999645,0.5999999999999964,0
2024-11-15 20:00:00,0.0,0.0,0.5999999999999964,0
2024-11-15 21:00:00,0.0,0.0,0.5999999999999964,0
2024-11-15 22:00:00,0.0,0.0,0.5999999999999964,0
2024-11-15 23:00:00,0.0,0.0,0.5999999999999964,0
2024-11-16 00:00:00,0.0,0.0,0.5999999999999964,0
2024-11-16 01:00:00,0.0,0.0,0.5999999999999964,0
2024-11-16 02:00:00,0.0,0.0,0.5999999999999964,0
2024-11-16 03:00:00,0.0,0.0,0.5999999999999964,0
2024-11-16 04:00:00,0.0,0.0,0.5999999999999964,0
2024-11-16 05:00:00,0.0,0.0,0.5999999999999964,0
2024-11-16 06:00:00,0.0,0.0,0.5999999999999964,0
2024-11-16 07:00:00,0.0,0.0,0.5999999999999964,0
2024-11-16 08:00:00,0.0,0.0,0.5999999999999964,0
2024-11-16 09:00:00,0.1,0.09999999999999645,0.5999999999999964,0
2024-11-16 10:00:00,0.1,0.19999999999999646,0.5999999999999964,0
2024-11-16 11:00:00,0.0,0.19999999999999646,0.49999999999999645,0
2024-11-16 12:00:00,0.6,0.7999999999999965,0.9999999999999964,0
2024-11-16 13:00:00,0.3,1.0999999999999963,1.1999999999999964,0
2024-11-16 14:00:00,0.5,1.5999999999999963,1.5999999999999963,0
2024-11-16 15:00:00,1.5,2.9999999999999964,3.099999999999996,0
2024-11-16 16:00:00,3.2,6.099999999999996,6.299999999999996,0
2024-11-16 17:00:00,4.3,10.399999999999997,10.599999999999996,0
2024-11-16 18:00:00,3.4,13.199999999999998,13.999999999999996,0
2024-11-16 19:00:00,4.1,16.999999999999996,18.099999999999994,0
2024-11-16 20:00:00,3.7,20.199999999999996,21.799999999999997,0
2024-11-16 21:00:00,6.6,25.299999999999997,28.399999999999995,0
2024-11-16 22:00:00,5.6,27.699999999999996,33.99999999999999,0
2024-11-16 23:00:00,8.7,32.099999999999994,42.699999999999996,0
2024-11-17 00:00:00,12.0,40.699999999999996,54.699999999999996,0
2024-11-17 01:00:00,4.5,41.099999999999994,59.199999999999996,0
2024-11-17 02:00:00,6.8,44.19999999999999,66.0,0
2024-11-17 03:00:00,5.3,42.9,71.3,0
2024-11-17 04:00:00,5.2,42.49999999999999,76.5,0
2024-11-17 05:00:00,7.8,41.6,84.3,0
2024-11-17 06:00:00,7.8,37.4,92.1,0
2024-11-17 07:00:00,6.3,39.199999999999996,98.39999999999999,0
2024-11-17 08:00:00,6.1,38.5,104.5,0
2024-11-17 09:00:00,2.6,35.8,107.0,0
2024-11-17 10:00:00,3.6,34.199999999999996,110.49999999999999,0
2024-11-17 11:00:00,3.3,29.699999999999996,113.8,0
2024-11-17 12:00:00,0.3,22.199999999999996,113.5,0
2024-11-17 13:00:00,0.0,15.899999999999997,113.2,0
2024-11-17 14:00:00,0.0,9.799999999999997,112.7,0
2024-11-17 15:00:00,0.0,7.199999999999997,111.2,0
2024-11-17 16:00:00,0.0,3.599999999999996,108.0,0
2024-11-17 17:00:00,0.0,0.29999999999999644,103.7,0
2024-11-17 18:00:00,0.0,0.0,100.3,0
2024-11-17 19:00:00,0.0,0.0,96.2,0
2024-11-17 20:00:00,0.0,0.0,92.5,0
2024-11-17 21:00:00,0.0,0.0,85.89999999999999,0
2024-11-17 22:00:00,0.0,0.0,80.3,0
2024-11-17 23:00:00,0.5,0.49999999999999645,72.1,0
2024-11-18 00:00:00,0.3,0.7999999999999965,60.39999999999999,0
2024-11-18 01:00:00,0.0,0.7999999999999965,55.89999999999999,0
2024-11-18 02:00:00,0.0,0.7999999999999965,49.099999999999994,0
2024-11-18 03:00:00,0.0,0.7999999999999965,43.8,0
2024-11-18 04:00:00,0.0,0.7999999999999965,38.599999999999994,0
2024-11-18 05:00:00,0.0,0.29999999999999644,30.799999999999997,0
2024-11-18 06:00:00,0.0,0.0,22.999999999999996,0
2024-11-18 07:00:00,0.0,0.0,16.699999999999996,0
2024-11-18 08:00:00,0.0,0.0,10.599999999999996,0
2024-11-18 09:00:00,0.0,0.0,7.9999999999999964,0
2024-11-18 10:00:00,0.0,0.0,4.399999999999996,0
2024-11-18 11:00:00,0.0,0.0,1.0999999999999965,0
2024-11-18 12:00:00,0.0,0.0,0.7999999999999964,0
2024-11-18 13:00:00,0.1,0.09999999999999645,0.8999999999999965,0
2024-11-18 14:00:00,0.1,0.19999999999999646,0.9999999999999964,0
2024-11-18 15:00:00,0.0,0.19999999999999646,0.9999999999999964,0
2024-11-18 16:00:00,0.0,0.19999999999999646,0.9999999999999964,0
2024-11-18 17:00:00,0.0,0.19999999999999646,0.9999999999999964,0
2024-11-18 18:00:00,0.0,0.19999999999999646,0.9999999999999964,0
2024-11-18 19:00:00,0.0,0.09999999999999645,0.9999999999999964,0
2024-11-18 20:00:00,0.0,0.0,0.9999999999999964,0
2024-11-18 21:00:00,0.0,0.0,0.9999999999999964,0
2024-11-18 22:00:00,0.0,0.0,0.9999999999999964,0
2024-11-18 23:00:00,0.0,0.0,0.49999999999999645,0
2024-11-19 00:00:00,0.0,0.0,0.19999999999999646,0
2024-11-19 01:00:00,0.0,0.0,0.19999999999999646,0
2024-11-19 02:00:00,0.0,0.0,0.19999999999999646,0
2024-11-19 03:00:00,0.0,0.0,0.19999999999999646,0
2024-11-19 04:00:00,0.0,0.0,0.19999999999999646,0
2024-11-19 05:00:00,0.0,0.0,0.19999999999999646,0
2024-11-19 06:00:00,0.0,0.0,0.19999999999999646,0
2024-11-19 07:00:00,0.0,0.0,0.19999999999999646,0
2024-11-19 08:00:00,0.0,0.0,0.19999999999999646,0
2024-11-19 09:00:00,0.0,0.0,0.19999999999999646,0
2024-11-19 10:00:00,0.0,0.0,0.19999999999999646,0
2024-11-19 11:00:00,0.0,0.0,0.19999999999999646,0
2024-11-19 12:00:00,0.0,0.0,0.19999999999999646,0
2024-11-19 13:00:00,0.1,0.09999999999999645,0.19999999999999646,0
2024-11-19 14:00:00,0.2,0.2999999999999965,0.2999999999999965,0
2024-11-19 15:00:00,0.0,0.2999999999999965,0.2999999999999965,0
2024-11-19 16:00:00,0.0,0.2999999999999965,0.2999999999999965,0
2024-11-19 17:00:00,0.0,0.2999999999999965,0.2999999999999965,0
2024-11-19 18:00:00,0.0,0.2999999999999965,0.2999999999999965,0
2024-11-19 19:00:00,0.0,0.19999999999999646,0.2999999999999965,0
2024-11-19 20:00:00,0.0,0.0,0.2999999999999965,0
2024-11-19 21:00:00,0.0,0.0,0.2999999999999965,0
2024-11-19 22:00:00,0.0,0.0,0.2999999999999965,0
2024-11-19 23:00:00,0.0,0.0,0.2999999999999965,0
2024-11-20 00:00:00,0.0,0.0,0.2999999999999965,0
2024-11-20 01:00:00,0.0,0.0,0.2999999999999965,0
2024-11-20 02:00:00,0.0,0.0,0.2999999999999965,0
2024-11-20 03:00:00,0.0,0.0,0.2999999999999965,0
2024-11-20 04:00:00,0.0,0.0,0.2999999999999965,0
2024-11-20 05:00:00,0.0,0.0,0.2999999999999965,0
2024-11-20 06:00:00,0.0,0.0,0.2999999999999965,0
2024-11-20 07:00:00,0.0,0.0,0.2999999999999965,0
2024-11-20 08:00:00,0.0,0.0,0.2999999999999965,0
2024-11-20 09:00:00,0.0,0.0,0.2999999999999965,0
2024-11-20 10:00:00,0.0,0.0,0.2999999999999965,0
2024-11-20 11:00:00,1.3,1.2999999999999965,1.5999999999999965,0
2024-11-20 12:00:00,1.3,2.5999999999999965,2.899999999999997,0
2024-11-20 13:00:00,0.1,2.6999999999999966,2.8999999999999964,0
2024-11-20 14:00:00,0.0,2.6999999999999966,2.6999999999999966,0
2024-11-20 15:00:00,0.0,2.6999999999999966,2.6999999999999966,0
2024-11-20 16:00:00,0.0,2.6999999999999966,2.6999999999999966,0
2024-11-20 17:00:00,0.0,1.3999999999999966,2.6999999999999966,0
2024-11-20 18:00:00,0.0,0.09999999999999645,2.6999999999999966,0
2024-11-20 19:00:00,0.0,0.0,2.6999999999999966,0
2024-11-20 20:00:00,0.0,0.0,2.6999999999999966,0
2024-11-20 21:00:00,0.0,0.0,2.6999999999999966,0
2024-11-20 22:00:00,0.0,0.0,2.6999999999999966,0
2024-11-20 23:00:00,0.0,0.0,2.6999999999999966,0
2024-11-21 00:00:00,0.0,0.0,2.6999999999999966,0
2024-11-21 01:00:00,0.0,0.0,2.6999999999999966,0
2024-11-21 02:00:00,0.0,0.0,2.6999999999999966,0
2024-11-21 03:00:00,0.0,0.0,2.6999999999999966,0
2024-11-21 04:00:00,0.0,0.0,2.6999999999999966,0
2024-11-21 05:00:00,0.0,0.0,2.6999999999999966,0
2024-11-21 06:00:00,0.0,0.0,2.6999999999999966,0
2024-11-21 07:00:00,0.0,0.0,2.6999999999999966,0
2024-11-21 08:00:00,0.0,0.0,2.6999999999999966,0
2024-11-21 09:00:00,0.0,0.0,2.6999999999999966,0
2024-11-21 10:00:00,0.0,0.0,2.6999999999999966,0
2024-11-21 11:00:00,0.0,0.0,1.3999999999999966,0
2024-11-21 12:00:00,0.1,0.09999999999999645,0.19999999999999646,0
2024-11-21 13:00:00,0.9,0.9999999999999964,0.9999999999999964,0
2024-11-21 14:00:00,0.4,1.3999999999999964,1.3999999999999964,0
2024-11-21 15:00:00,0.6,1.9999999999999964,1.9999999999999964,0
2024-11-21 16:00:00,0.0,1.9999999999999964,1.9999999999999964,0
2024-11-21 17:00:00,0.0,1.9999999999999964,1.9999999999999964,0
2024-11-21 18:00:00,0.0,1.8999999999999964,1.9999999999999964,0
2024-11-21 19:00:00,0.0,0.9999999999999964,1.9999999999999964,0
2024-11-21 20:00:00,0.0,0.5999999999999964,1.9999999999999964,0
2024-11-21 21:00:00,0.0,0.0,1.9999999999999964,0
2024-11-21 22:00:00,0.0,0.0,1.9999999999999964,0
2024-11-21 23:00:00,0.0,0.0,1.9999999999999964,0
2024-11-22 00:00:00,0.0,0.0,1.9999999999999964,0
2024-11-22 01:00:00,0.0,0.0,1.9999999999999964,0
2024-11-22 02:00:00,0.0,0.0,1.9999999999999964,0
2024-11-22 03:00:00,0.0,0.0,1.9999999999999964,0
2024-11-22 04:00:00,0.0,0.0,1.9999999999999964,0
2024-11-22 05:00:00,0.0,0.0,1.9999999999999964,0
2024-11-22 06:00:00,0.0,0.0,1.9999999999999964,0
2024-11-22 07:00:00,0.0,0.0,1.9999999999999964,0
2024-11-22 08:00:00,0.0,0.0,1.9999999999999964,0
2024-11-22 09:00:00,0.0,0.0,1.9999999999999964,0
2024-11-22 10:00:00,0.0,0.0,1.9999999999999964,0
2024-11-22 11:00:00,0.1,0.09999999999999645,2.0999999999999965,0
2024-11-22 12:00:00,0.1,0.19999999999999646,2.0999999999999965,0
2024-11-22 13:00:00,0.1,0.2999999999999965,1.2999999999999965,0
2024-11-22 14:00:00,0.2,0.49999999999999645,1.0999999999999965,0
2024-11-22 15:00:00,0.0,0.49999999999999645,0.49999999999999645,0
2024-11-22 16:00:00,0.0,0.49999999999999645,0.49999999999999645,0
2024-11-22 17:00:00,0.0,0.39999999999999647,0.49999999999999645,0
2024-11-22 18:00:00,0.0,0.2999999999999965,0.49999999999999645,0
2024-11-22 19:00:00,0.0,0.19999999999999646,0.49999999999999645,0
2024-11-22 20:00:00,0.0,0.0,0.49999999999999645,0
2024-11-22 21:00:00,0.0,0.0,0.49999999999999645,0
2024-11-22 22:00:00,0.0,0.0,0.49999999999999645,0
2024-11-22 23:00:00,0.0,0.0,0.49999999999999645,0
2024-11-23 00:00:00,0.0,0.0,0.49999999999999645,0
2024-11-23 01:00:00,0.0,0.0,0.49999999999999645,0
2024-11-23 02:00:00,0.0,0.0,0.49999999999999645,0
2024-11-23 03:00:00,0.0,0.0,0.49999999999999645,0
2024-11-23 04:00:00,0.0,0.0,0.49999999999999645,0
2024-11-23 05:00:00,0.0,0.0,0.49999999999999645,0
2024-11-23 06:00:00,0.0,0.0,0.49999999999999645,0
2024-11-23 07:00:00,0.0,0.0,0.49999999999999645,0
2024-11-23 08:00:00,0.0,0.0,0.49999999999999645,0
2024-11-23 09:00:00,0.0,0.0,0.49999999999999645,0
2024-11-23 10:00:00,0.0,0.0,0.49999999999999645,0
2024-11-23 11:00:00,0.0,0.0,0.39999999999999647,0
2024-11-23 12:00:00,1.0,0.9999999999999964,1.2999999999999965,0
2024-11-23 13:00:00,0.1,1.0999999999999965,1.2999999999999965,0
2024-11-23 14:00:00,0.1,1.1999999999999964,1.1999999999999964,0
2024-11-23 15:00:00,0.0,1.1999999999999964,1.1999999999999964,0
2024-11-23 16:00:00,0.0,1.1999999999999964,1.1999999999999964,0
2024-11-23 17:00:00,0.0,1.1999999999999964,1.1999999999999964,0
2024-11-23 18:00:00,0.0,0.19999999999999646,1.1999999999999964,0
2024-11-23 19:00:00,0.0,0.09999999999999645,1.1999999999999964,0
2024-11-23 20:00:00,0.0,0.0,1.1999999999999964,0
2024-11-23 21:00:00,0.0,0.0,1.1999999999999964,0
2024-11-23 22:00:00,0.0,0.0,1.1999999999999964,0
2024-11-23 23:00:00,0.0,0.0,1.1999999999999964,0
2024-11-24 00:00:00,0.0,0.0,1.1999999999999964,0
2024-11-24 01:00:00,0.0,0.0,1.1999999999999964,0
2024-11-24 02:00:00,0.0,0.0,1.1999999999999964,0
2024-11-24 03:00:00,0.0,0.0,1.1999999999999964,0
2024-11-24 04:00:00,0.0,0.0,1.1999999999999964,0
2024-11-24 05:00:00,0.0,0.0,1.1999999999999964,0
2024-11-24 06:00:00,0.0,0.0,1.1999999999999964,0
2024-11-24 07:00:00,0.0,0.0,1.1999999999999964,0
2024-11-24 08:00:00,0.0,0.0,1.1999999999999964,0
2024-11-24 09:00:00,0.0,0.0,1.1999999999999964,0
2024-11-24 10:00:00,0.0,0.0,1.1999999999999964,0
2024-11-24 11:00:00,0.3,0.29999999999999644,1.4999999999999964,0
2024-11-24 12:00:00,0.1,0.39999999999999647,0.5999999999999964,0
2024-11-24 13:00:00,0.1,0.49999999999999645,0.5999999999999965,0
2024-11-24 14:00:00,0.1,0.5999999999999964,0.5999999999999964,0
2024-11-24 15:00:00,0.0,0.5999999999999964,0.5999999999999964,0
2024-11-24 16:00:00,0.0,0.5999999999999964,0.5999999999999964,0
2024-11-24 17:00:00,0.0,0.2999999999999965,0.5999999999999964,0
2024-11-24 18:00:00,0.0,0.19999999999999646,0.5999999999999964,0
2024-11-24 19:00:00,0.0,0.09999999999999645,0.5999999999999964,0
2024-11-24 20:00:00,0.0,0.0,0.5999999999999964,0
2024-11-24 21:00:00,0.0,0.0,0.5999999999999964,0
2024-11-24 22:00:00,0.0,0.0,0.5999999999999964,0
2024-11-24 23:00:00,0.0,0.0,0.5999999999999964,0
2024-11-25 00:00:00,0.0,0.0,0.5999999999999964,0
2024-11-25 01:00:00,0.0,0.0,0.5999999999999964,0
2024-11-25 02:00:00,0.0,0.0,0.5999999999999964,0
2024-11-25 03:00:00,0.0,0.0,0.5999999999999964,0
2024-11-25 04:00:00,0.0,0.0,0.5999999999999964,0
2024-11-25 05:00:00,0.0,0.0,0.5999999999999964,0
2024-11-25 06:00:00,0.0,0.0,0.5999999999999964,0
2024-11-25 07:00:00,0.0,0.0,0.5999999999999964,0
2024-11-25 08:00:00,0.0,0.0,0.5999999999999964,0
2024-11-25 09:00:00,0.0,0.0,0.5999999999999964,0
2024-11-25 10:00:00,0.0,0.0,0.5999999999999964,0
2024-11-25 11:00:00,0.0,0.0,0.2999999999999965,0
2024-11-25 12:00:00,0.2,0.19999999999999646,0.39999999999999647,0
2024-11-25 13:00:00,0.1,0.2999999999999965,0.39999999999999647,0
2024-11-25 14:00:00,0.4,0.6999999999999965,0.6999999999999964,0
2024-11-25 15:00:00,0.0,0.6999999999999965,0.6999999999999964,0
2024-11-25 16:00:00,0.0,0.6999999999999965,0.6999999999999964,0
2024-11-25 17:00:00,0.0,0.6999999999999965,0.6999999999999964,0
2024-11-25 18:00:00,0.0,0.4999999999999965,0.6999999999999964,0
2024-11-25 19:00:00,0.0,0.39999999999999647,0.6999999999999964,0
2024-11-25 20:00:00,0.0,0.0,0.6999999999999964,0
2024-11-25 21:00:00,0.0,0.0,0.6999999999999964,0
2024-11-25 22:00:00,0.0,0.0,0.6999999999999964,0
2024-11-25 23:00:00,0.0,0.0,0.6999999999999964,0
2024-11-26 00:00:00,0.0,0.0,0.6999999999999964,0
2024-11-26 01:00:00,0.0,0.0,0.6999999999999964,0
2024-11-26 02:00:00,0.0,0.0,0.6999999999999964,0
2024-11-26 03:00:00,0.0,0.0,0.6999999999999964,0
2024-11-26 04:00:00,0.0,0.0,0.6999999999999964,0
2024-11-26 05:00:00,0.0,0.0,0.6999999999999964,0
2024-11-26 06:00:00,0.0,0.0,0.6999999999999964,0
2024-11-26 07:00:00,0.0,0.0,0.6999999999999964,0
2024-11-26 08:00:00,0.0,0.0,0.6999999999999964,0
2024-11-26 09:00:00,0.0,0.0,0.6999999999999964,0
2024-11-26 10:00:00,0.1,0.09999999999999645,0.7999999999999965,0
2024-11-26 11:00:00,0.1,0.19999999999999646,0.8999999999999965,0
2024-11-26 12:00:00,0.4,0.5999999999999965,1.0999999999999965,0
2024-11-26 13:00:00,0.4,0.9999999999999964,1.3999999999999964,0
2024-11-26 14:00:00,0.1,1.0999999999999965,1.0999999999999965,0
2024-11-26 15:00:00,1.3,2.399999999999997,2.399999999999997,0
2024-11-26 16:00:00,0.0,2.2999999999999963,2.399999999999997,0
2024-11-26 17:00:00,0.0,2.1999999999999966,2.399999999999997,0
2024-11-26 18:00:00,0.0,1.7999999999999965,2.399999999999997,0
2024-11-26 19:00:00,0.0,1.3999999999999966,2.399999999999997,0
2024-11-26 20:00:00,0.0,1.2999999999999965,2.399999999999997,0
2024-11-26 21:00:00,0.0,0.0,2.399999999999997,0
2024-11-26 22:00:00,0.1,0.09999999999999645,2.4999999999999964,0
2024-11-26 23:00:00,0.0,0.09999999999999645,2.4999999999999964,0
2024-11-27 00:00:00,0.0,0.09999999999999645,2.4999999999999964,0
2024-11-27 01:00:00,0.0,0.09999999999999645,2.4999999999999964,0
2024-11-27 02:00:00,0.0,0.09999999999999645,2.4999999999999964,0
2024-11-27 03:00:00,0.0,0.09999999999999645,2.4999999999999964,0
2024-11-27 04:00:00,0.0,0.0,2.4999999999999964,0
2024-11-27 05:00:00,0.0,0.0,2.4999999999999964,0
2024-11-27 06:00:00,0.0,0.0,2.4999999999999964,0
2024-11-27 07:00:00,0.0,0.0,2.4999999999999964,0
2024-11-27 08:00:00,0.0,0.0,2.4999999999999964,0
2024-11-27 09:00:00,0.0,0.0,2.4999999999999964,0
2024-11-27 10:00:00,0.0,0.0,2.3999999999999964,0
2024-11-27 11:00:00,0.0,0.0,2.2999999999999963,0
2024-11-27 12:00:00,0.0,0.0,1.8999999999999966,0
2024-11-27 13:00:00,0.1,0.09999999999999645,1.5999999999999965,0
2024-11-27 14:00:00,0.1,0.19999999999999646,1.5999999999999965,0
2024-11-27 15:00:00,0.0,0.19999999999999646,0.2999999999999965,0
2024-11-27 16:00:00,0.0,0.19999999999999646,0.2999999999999965,0
2024-11-27 17:00:00,0.0,0.19999999999999646,0.2999999999999965,0
2024-11-27 18:00:00,0.0,0.19999999999999646,0.2999999999999965,0
2024-11-27 19:00:00,0.0,0.09999999999999645,0.2999999999999965,0
2024-11-27 20:00:00,0.0,0.0,0.2999999999999965,0
2024-11-27 21:00:00,0.0,0.0,0.2999999999999965,0
2024-11-27 22:00:00,0.0,0.0,0.19999999999999646,0
2024-11-27 23:00:00,0.0,0.0,0.19999999999999646,0
2024-11-28 00:00:00,0.0,0.0,0.19999999999999646,0
2024-11-28 01:00:00,0.0,0.0,0.19999999999999646,0
2024-11-28 02:00:00,0.0,0.0,0.19999999999999646,0
2024-11-28 03:00:00,0.0,0.0,0.19999999999999646,0
2024-11-28 04:00:00,0.0,0.0,0.19999999999999646,0
2024-11-28 05:00:00,0.0,0.0,0.19999999999999646,0
2024-11-28 06:00:00,0.0,0.0,0.19999999999999646,0
2024-11-28 07:00:00,0.0,0.0,0.19999999999999646,0
2024-11-28 08:00:00,0.0,0.0,0.19999999999999646,0
2024-11-28 09:00:00,0.0,0.0,0.19999999999999646,0
2024-11-28 10:00:00,0.0,0.0,0.19999999999999646,0
2024-11-28 11:00:00,0.1,0.09999999999999645,0.2999999999999965,0
2024-11-28 12:00:00,0.1,0.19999999999999646,0.39999999999999647,0
2024-11-28 13:00:00,0.1,0.2999999999999965,0.39999999999999647,0
2024-11-28 14:00:00,0.5,0.7999999999999965,0.7999999999999965,0
2024-11-28 15:00:00,0.1,0.8999999999999965,0.8999999999999965,0
2024-11-28 16:00:00,0.0,0.8999999999999965,0.8999999999999965,0
2024-11-28 17:00:00,0.0,0.7999999999999965,0.8999999999999965,0
2024-11-28 18:00:00,0.0,0.6999999999999964,0.8999999999999965,0
2024-11-28 19:00:00,0.0,0.5999999999999964,0.8999999999999965,0
2024-11-28 20:00:00,0.0,0.09999999999999645,0.8999999999999965,0
2024-11-28 21:00:00,0.0,0.0,0.8999999999999965,0
2024-11-28 22:00:00,0.0,0.0,0.8999999999999965,0
2024-11-28 23:00:00,0.0,0.0,0.8999999999999965,0
2024-11-29 00:00:00,0.0,0.0,0.8999999999999965,0
2024-11-29 01:00:00,0.0,0.0,0.8999999999999965,0
2024-11-29 02:00:00,0.0,0.0,0.8999999999999965,0
2024-11-29 03:00:00,0.1,0.09999999999999645,0.9999999999999964,0
2024-11-29 04:00:00,0.0,0.09999999999999645,0.9999999999999964,0
2024-11-29 05:00:00,0.0,0.09999999999999645,0.9999999999999964,0
2024-11-29 06:00:00,0.0,0.09999999999999645,0.9999999999999964,0
2024-11-29 07:00:00,0.0,0.09999999999999645,0.9999999999999964,0
2024-11-29 08:00:00,0.0,0.09999999999999645,0.9999999999999964,0
2024-11-29 09:00:00,0.1,0.09999999999999645,1.0999999999999965,0
2024-11-29 10:00:00,0.1,0.19999999999999646,1.1999999999999966,0
2024-11-29 11:00:00,0.1,0.2999999999999965,1.1999999999999964,0
2024-11-29 12:00:00,0.1,0.39999999999999647,1.1999999999999966,0
2024-11-29 13:00:00,0.0,0.39999999999999647,1.0999999999999965,0
2024-11-29 14:00:00,0.0,0.39999999999999647,0.5999999999999965,0
2024-11-29 15:00:00,0.0,0.2999999999999965,0.4999999999999965,0
2024-11-29 16:00:00,0.0,0.19999999999999646,0.49999999999999645,0
2024-11-29 17:00:00,0.0,0.09999999999999645,0.49999999999999645,0
2024-11-29 18:00:00,0.0,0.0,0.49999999999999645,0
2024-11-29 19:00:00,0.0,0.0,0.49999999999999645,0
2024-11-29 20:00:00,0.0,0.0,0.49999999999999645,0
2024-11-29 21:00:00,0.0,0.0,0.49999999999999645,0
2024-11-29 22:00:00,0.0,0.0,0.49999999999999645,0
2024-11-29 23:00:00,0.0,0.0,0.49999999999999645,0
2024-11-30 00:00:00,0.0,0.0,0.49999999999999645,0
2024-11-30 01:00:00,0.0,0.0,0.49999999999999645,0
2024-11-30 02:00:00,0.0,0.0,0.49999999999999645,0
2024-11-30 03:00:00,0.0,0.0,0.39999999999999647,0
2024-11-30 04:00:00,0.0,0.0,0.39999999999999647,0
2024-11-30 05:00:00,0.0,0.0,0.39999999999999647,0
2024-11-30 06:00:00,0.0,0.0,0.39999999999999647,0
2024-11-30 07:00:00,0.0,0.0,0.39999999999999647,0
2024-11-30 08:00:00,0.2,0.19999999999999646,0.5999999999999965,0
2024-11-30 09:00:00,4.5,4.699999999999997,4.9999999999999964,0
2024-11-30 10:00:00,4.4,9.099999999999998,9.299999999999997,0
2024-11-30 11:00:00,7.4,16.499999999999996,16.599999999999998,0
2024-11-30 12:00:00,6.5,22.999999999999996,22.999999999999996,0
2024-11-30 13:00:00,6.2,29.199999999999996,29.199999999999996,0
2024-11-30 14:00:00,2.0,31.0,31.199999999999996,0
2024-11-30 15:00:00,1.2,27.7,32.4,0
2024-11-30 16:00:00,0.3,23.599999999999994,32.699999999999996,0
2024-11-30 17:00:00,0.1,16.299999999999997,32.8,0
2024-11-30 18:00:00,0.0,9.799999999999997,32.8,0
2024-11-30 19:00:00,0.1,3.6999999999999966,32.9,0
2024-11-30 20:00:00,0.0,1.6999999999999964,32.9,0
2024-11-30 21:00:00,2.3,2.7999999999999963,35.199999999999996,0
2024-11-30 22:00:00,9.5,11.999999999999996,44.699999999999996,0
2024-11-30 23:00:00,16.1,28.0,60.8,0
2024-12-01 00:00:00,21.1,49.1,81.9,0
2024-12-01 01:00:00,15.4,64.4,97.3,0
2024-12-01 02:00:00,17.5,81.9,114.8,0
2024-12-01 03:00:00,12.1,91.7,126.89999999999999,0
2024-12-01 04:00:00,9.9,92.1,136.8,0
2024-12-01 05:00:00,9.7,85.7,146.5,0
2024-12-01 06:00:00,9.3,73.9,155.8,0
2024-12-01 07:00:00,7.1,65.6,162.9,0
2024-12-01 08:00:00,6.5,54.6,169.20000000000002,0
2024-12-01 09:00:00,2.9,45.4,167.6,0
2024-12-01 10:00:00,2.0,37.5,165.2,0
2024-12-01 11:00:00,1.4,29.2,159.2,0
2024-12-01 12:00:00,0.9,20.8,153.6,0
2024-12-01 13:00:00,1.0,14.7,148.4,0
2024-12-01 14:00:00,0.2,8.4,146.6,0
2024-12-01 15:00:00,0.0,5.499999999999999,145.39999999999998,0
2024-12-01 16:00:00,0.0,3.5,145.1,0
2024-12-01 17:00:00,0.0,2.1,144.99999999999997,0
2024-12-01 18:00:00,0.0,1.2000000000000002,144.99999999999997,0
2024-12-01 19:00:00,0.1,0.30000000000000016,145.0,0
2024-12-01 20:00:00,0.1,0.20000000000000012,145.1,0
2024-12-01 21:00:00,0.0,0.20000000000000012,142.8,0
2024-12-01 22:00:00,0.0,0.20000000000000012,133.3,0
2024-12-01 23:00:00,0.0,0.20000000000000012,117.2,0
2024-12-02 00:00:00,0.0,0.20000000000000012,96.1,0
2024-12-02 01:00:00,0.0,0.10000000000000012,80.7,0
2024-12-02 02:00:00,0.0,0.0,63.199999999999996,0
2024-12-02 03:00:00,0.0,0.0,51.099999999999994,0
2024-12-02 04:00:00,0.0,0.0,41.199999999999996,0
2024-12-02 05:00:00,0.0,0.0,31.499999999999993,0
2024-12-02 06:00:00,0.0,0.0,22.199999999999992,0
2024-12-02 07:00:00,0.0,0.0,15.099999999999993,0
2024-12-02 08:00:00,0.0,0.0,8.599999999999993,0
2024-12-02 09:00:00,1.4,1.4,7.0999999999999925,0
2024-12-02 10:00:00,4.2,5.6,9.299999999999992,0
2024-12-02 11:00:00,0.5,6.1000000000000005,8.399999999999991,0
2024-12-02 12:00:00,6.0,12.100000000000001,13.499999999999993,0
2024-12-02 13:00:00,4.1,16.2,16.59999999999999,0
2024-12-02 14:00:00,1.0,17.2,17.39999999999999,0
2024-12-02 15:00:00,0.1,15.9,17.499999999999993,0
2024-12-02 16:00:00,0.3,12.0,17.799999999999994,0
2024-12-02 17:00:00,0.2,11.700000000000001,17.999999999999993,0
2024-12-02 18:00:00,1.4,7.1000000000000005,19.39999999999999,0
2024-12-02 19:00:00,0.1,3.100000000000001,19.39999999999999,0
2024-12-02 20:00:00,0.0,2.100000000000001,19.299999999999994,0
2024-12-02 21:00:00,0.0,2.000000000000001,19.299999999999994,0
2024-12-02 22:00:00,0.0,1.700000000000001,19.299999999999994,0
2024-12-02 23:00:00,0.0,1.5000000000000009,19.299999999999994,0
2024-12-03 00:00:00,0.0,0.1000000000000009,19.299999999999994,0
2024-12-03 01:00:00,0.0,0.0,19.299999999999994,0
2024-12-03 02:00:00,0.0,0.0,19.299999999999994,0
2024-12-03 03:00:00,0.0,0.0,19.299999999999994,0
2024-12-03 04:00:00,0.0,0.0,19.299999999999994,0
2024-12-03 05:00:00,0.0,0.0,19.299999999999994,0
2024-12-03 06:00:00,0.0,0.0,19.299999999999994,0
2024-12-03 07:00:00,0.0,0.0,19.299999999999994,0
2024-12-03 08:00:00,0.0,0.0,19.299999999999994,0
2024-12-03 09:00:00,0.0,0.0,17.89999999999999,0
2024-12-03 10:00:00,0.1,0.1000000000000009,13.799999999999992,0
2024-12-03 11:00:00,3.1,3.200000000000001,16.39999999999999,0
2024-12-03 12:00:00,1.6,4.800000000000001,11.999999999999993,0
2024-12-03 13:00:00,8.0,12.8,15.899999999999991,0
2024-12-03 14:00:00,2.3,15.100000000000001,17.199999999999992,0
2024-12-03 15:00:00,0.1,15.200000000000001,17.199999999999992,0
2024-12-03 16:00:00,0.2,15.3,17.099999999999994,0
2024-12-03 17:00:00,0.1,12.299999999999999,16.99999999999999,0
2024-12-03 18:00:00,0.0,10.7,15.599999999999993,0
2024-12-03 19:00:00,0.0,2.6999999999999997,15.499999999999993,0
2024-12-03 20:00:00,0.0,0.4,15.499999999999993,0
2024-12-03 21:00:00,0.0,0.30000000000000004,15.499999999999993,0
2024-12-03 22:00:00,0.0,0.1,15.499999999999993,0
2024-12-03 23:00:00,0.0,0.0,15.499999999999993,0
2024-12-04 00:00:00,0.0,0.0,15.499999999999993,0
2024-12-04 01:00:00,0.0,0.0,15.499999999999993,0
2024-12-04 02:00:00,0.0,0.0,15.499999999999993,0
2024-12-04 03:00:00,0.0,0.0,15.499999999999993,0
2024-12-04 04:00:00,0.0,0.0,15.499999999999993,0
2024-12-04 05:00:00,0.0,0.0,15.499999999999993,0
2024-12-04 06:00:00,0.0,0.0,15.499999999999993,0
2024-12-04 07:00:00,0.0,0.0,15.499999999999993,0
2024-12-04 08:00:00,0.0,0.0,15.499999999999993,0
2024-12-04 09:00:00,0.0,0.0,15.499999999999993,0
2024-12-04 10:00:00,0.0,0.0,15.399999999999993,0
2024-12-04 11:00:00,0.1,0.1,12.399999999999991,0
2024-12-04 12:00:00,0.3,0.4,11.099999999999993,0
2024-12-04 13:00:00,0.3,0.7,3.399999999999992,0
2024-12-04 14:00:00,0.1,0.7999999999999999,1.199999999999992,0
2024-12-04 15:00:00,0.1,0.8999999999999999,1.199999999999992,0
2024-12-04 16:00:00,0.0,0.8999999999999999,0.999999999999992,0
2024-12-04 17:00:00,0.1,0.9,0.999999999999992,0
2024-12-04 18:00:00,0.0,0.6,0.999999999999992,0
2024-12-04 19:00:00,0.0,0.29999999999999993,0.999999999999992,0
2024-12-04 20:00:00,0.0,0.19999999999999996,0.999999999999992,0
2024-12-04 21:00:00,0.0,0.09999999999999995,0.999999999999992,0
2024-12-04 22:00:00,0.0,0.09999999999999995,0.999999999999992,0
2024-12-04 23:00:00,0.0,0.0,0.999999999999992,0
2024-12-05 00:00:00,0.0,0.0,0.999999999999992,0
2024-12-05 01:00:00,0.0,0.0,0.999999999999992,0
2024-12-05 02:00:00,0.0,0.0,0.999999999999992,0
2024-12-05 03:00:00,0.0,0.0,0.999999999999992,0
2024-12-05 04:00:00,0.0,0.0,0.999999999999992,0
2024-12-05 05:00:00,0.0,0.0,0.999999999999992,0
2024-12-05 06:00:00,0.0,0.0,0.999999999999992,0
2024-12-05 07:00:00,0.0,0.0,0.999999999999992,0
2024-12-05 08:00:00,0.0,0.0,0.999999999999992,0
2024-12-05 09:00:00,0.2,0.19999999999999996,1.199999999999992,0
2024-12-05 10:00:00,0.1,0.29999999999999993,1.299999999999992,0
2024-12-05 11:00:00,0.1,0.39999999999999997,1.299999999999992,0
2024-12-05 12:00:00,0.0,0.39999999999999997,0.999999999999992,0
2024-12-05 13:00:00,0.0,0.39999999999999997,0.699999999999992,0
2024-12-05 14:00:00,0.0,0.39999999999999997,0.599999999999992,0
2024-12-05 15:00:00,0.0,0.19999999999999996,0.499999999999992,0
2024-12-05 16:00:00,0.0,0.09999999999999995,0.499999999999992,0
2024-12-05 17:00:00,0.0,0.0,0.39999999999999203,0
2024-12-05 18:00:00,0.0,0.0,0.39999999999999203,0
2024-12-05 19:00:00,0.0,0.0,0.39999999999999203,0
2024-12-05 20:00:00,0.0,0.0,0.39999999999999203,0
2024-12-05 21:00:00,0.0,0.0,0.39999999999999203,0
2024-12-05 22:00:00,0.0,0.0,0.39999999999999203,0
2024-12-05 23:00:00,0.0,0.0,0.39999999999999203,0
2024-12-06 00:00:00,0.0,0.0,0.39999999999999203,0
2024-12-06 01:00:00,0.0,0.0,0.39999999999999203,0
2024-12-06 02:00:00,0.0,0.0,0.39999999999999203,0
2024-12-06 03:00:00,0.7,0.7,1.099999999999992,0
2024-12-06 04:00:00,0.4,1.1,1.499999999999992,0
2024-12-06 05:00:00,0.0,1.1,1.499999999999992,0
2024-12-06 06:00:00,0.0,1.1,1.499999999999992,0
2024-12-06 07:00:00,0.0,1.1,1.499999999999992,0
2024-12-06 08:00:00,0.0,1.1,1.499999999999992,0
2024-12-06 09:00:00,0.9,1.3,2.199999999999992,0
2024-12-06 10:00:00,0.1,1.0,2.199999999999992,0
2024-12-06 11:00:00,1.4,2.4,3.499999999999992,0
2024-12-06 12:00:00,0.4,2.8,3.899999999999992,0
2024-12-06 13:00:00,0.1,2.9,3.999999999999992,0
2024-12-06 14:00:00,0.2,3.1,4.199999999999992,0
2024-12-06 15:00:00,0.5,2.7,4.699999999999992,0
2024-12-06 16:00:00,0.0,2.6,4.699999999999992,0
2024-12-06 17:00:00,0.0,1.2000000000000002,4.699999999999992,0
2024-12-06 18:00:00,0.0,0.8,4.699999999999992,0
2024-12-06 19:00:00,0.0,0.7000000000000001,4.699999999999992,0
2024-12-06 20:00:00,0.0,0.5,4.699999999999992,0
2024-12-06 21:00:00,0.0,0.0,4.699999999999992,0
2024-12-06 22:00:00,0.0,0.0,4.699999999999992,0
2024-12-06 23:00:00,0.0,0.0,4.699999999999992,0
2024-12-07 00:00:00,0.0,0.0,4.699999999999992,0
2024-12-07 01:00:00,0.0,0.0,4.699999999999992,0
2024-12-07 02:00:00,0.0,0.0,4.699999999999992,0
2024-12-07 03:00:00,0.0,0.0,3.999999999999992,0
2024-12-07 04:00:00,0.0,0.0,3.5999999999999917,0
2024-12-07 05:00:00,0.0,0.0,3.5999999999999917,0
2024-12-07 06:00:00,0.0,0.0,3.5999999999999917,0
2024-12-07 07:00:00,0.0,0.0,3.5999999999999917,0
2024-12-07 08:00:00,0.0,0.0,3.5999999999999917,0
2024-12-07 09:00:00,0.0,0.0,2.6999999999999917,0
2024-12-07 10:00:00,0.0,0.0,2.5999999999999917,0
2024-12-07 11:00:00,0.0,0.0,1.1999999999999922,0
2024-12-07 12:00:00,0.0,0.0,0.799999999999992,0
2024-12-07 13:00:00,0.1,0.1,0.799999999999992,0
2024-12-07 14:00:00,0.2,0.30000000000000004,0.799999999999992,0
2024-12-07 15:00:00,0.1,0.4,0.39999999999999203,0
2024-12-07 16:00:00,0.1,0.5,0.499999999999992,0
2024-12-07 17:00:00,0.1,0.6000000000000001,0.5999999999999921,0
2024-12-07 18:00:00,0.0,0.6000000000000001,0.5999999999999921,0
2024-12-07 19:00:00,0.0,0.5,0.5999999999999921,0
2024-12-07 20:00:00,0.0,0.3,0.5999999999999921,0
2024-12-07 21:00:00,0.0,0.2,0.5999999999999921,0
2024-12-07 22:00:00,0.0,0.1,0.5999999999999921,0
2024-12-07 23:00:00,0.0,0.0,0.5999999999999921,0
2024-12-08 00:00:00,0.0,0.0,0.5999999999999921,0
2024-12-08 01:00:00,0.0,0.0,0.5999999999999921,0
2024-12-08 02:00:00,0.0,0.0,0.5999999999999921,0
2024-12-08 03:00:00,0.0,0.0,0.5999999999999921,0
2024-12-08 04:00:00,0.0,0.0,0.5999999999999921,0
2024-12-08 05:00:00,0.0,0.0,0.5999999999999921,0
2024-12-08 06:00:00,0.0,0.0,0.5999999999999921,0
2024-12-08 07:00:00,0.0,0.0,0.5999999999999921,0
2024-12-08 08:00:00,0.0,0.0,0.5999999999999921,0
2024-12-08 09:00:00,0.0,0.0,0.5999999999999921,0
2024-12-08 10:00:00,0.0,0.0,0.5999999999999921,0
2024-12-08 11:00:00,0.2,0.2,0.799999999999992,0
2024-12-08 12:00:00,0.1,0.30000000000000004,0.899999999999992,0
2024-12-08 13:00:00,0.1,0.4,0.8999999999999921,0
2024-12-08 14:00:00,0.3,0.7,0.999999999999992,0
2024-12-08 15:00:00,0.1,0.8,0.999999999999992,0
2024-12-08 16:00:00,0.0,0.8,0.899999999999992,0
2024-12-08 17:00:00,0.0,0.6000000000000001,0.799999999999992,0
2024-12-08 18:00:00,0.0,0.5,0.799999999999992,0
2024-12-08 19:00:00,0.0,0.4,0.799999999999992,0
2024-12-08 20:00:00,0.0,0.1,0.799999999999992,0
2024-12-08 21:00:00,1.0,1.0,1.799999999999992,0
2024-12-08 22:00:00,0.1,1.1,1.8999999999999921,0
2024-12-08 23:00:00,0.1,1.2,1.999999999999992,0
2024-12-09 00:00:00,0.1,1.3,2.099999999999992,0
2024-12-09 01:00:00,0.1,1.4,2.199999999999992,0
2024-12-09 02:00:00,0.1,1.5,2.2999999999999923,0
2024-12-09 03:00:00,0.0,0.5,2.2999999999999923,0
2024-12-09 04:00:00,0.0,0.4,2.2999999999999923,0
2024-12-09 05:00:00,0.0,0.30000000000000004,2.2999999999999923,0
2024-12-09 06:00:00,0.0,0.2,2.2999999999999923,0
2024-12-09 07:00:00,0.0,0.1,2.2999999999999923,0
2024-12-09 08:00:00,0.0,0.0,2.2999999999999923,0
2024-12-09 09:00:00,1.2,1.2,3.499999999999992,0
2024-12-09 10:00:00,3.5,4.7,6.999999999999992,0
2024-12-09 11:00:00,1.1,5.800000000000001,7.8999999999999915,0
2024-12-09 12:00:00,1.4,7.2,9.199999999999992,0
2024-12-09 13:00:00,2.5,9.7,11.599999999999993,0
2024-12-09 14:00:00,0.8,10.5,12.099999999999993,0
2024-12-09 15:00:00,0.0,9.3,11.999999999999993,0
2024-12-09 16:00:00,0.1,5.9,12.099999999999993,0
2024-12-09 17:00:00,0.2,5.0,12.299999999999992,0
2024-12-09 18:00:00,0.1,3.7,12.399999999999991,0
2024-12-09 19:00:00,0.2,1.4000000000000001,12.599999999999993,0
2024-12-09 20:00:00,0.1,0.7000000000000001,12.699999999999992,0
2024-12-09 21:00:00,0.5,1.2000000000000002,12.199999999999992,0
2024-12-09 22:00:00,0.1,1.2,12.199999999999992,0
2024-12-09 23:00:00,0.0,1.0,12.09999999999999,0
2024-12-10 00:00:00,0.0,0.9,11.999999999999991,0
2024-12-10 01:00:00,0.0,0.7,11.899999999999991,0
2024-12-10 02:00:00,0.0,0.6,11.799999999999992,0
2024-12-10 03:00:00,0.0,0.1,11.799999999999992,0
2024-12-10 04:00:00,0.0,0.0,11.799999999999992,0
2024-12-10 05:00:00,0.0,0.0,11.799999999999992,0
2024-12-10 06:00:00,0.0,0.0,11.799999999999992,0
2024-12-10 07:00:00,0.0,0.0,11.799999999999992,0
2024-12-10 08:00:00,0.0,0.0,11.799999999999992,0
2024-12-10 09:00:00,0.0,0.0,10.59999999999999,0
2024-12-10 10:00:00,2.2,2.2,9.299999999999992,0
2024-12-10 11:00:00,0.1,2.3000000000000003,8.299999999999992,0
2024-12-10 12:00:00,0.3,2.6,7.199999999999992,0
2024-12-10 13:00:00,0.3,2.9000000000000004,4.999999999999992,0
2024-12-10 14:00:00,0.1,3.0,4.299999999999993,0
2024-12-10 15:00:00,0.2,3.2,4.499999999999993,0
2024-12-10 16:00:00,0.1,1.1,4.499999999999992,0
2024-12-10 17:00:00,0.1,1.0999999999999999,4.399999999999992,0
2024-12-10 18:00:00,0.1,0.9,4.399999999999992,0
2024-12-10 19:00:00,0.0,0.6000000000000001,4.199999999999992,0
2024-12-10 20:00:00,0.0,0.5,4.0999999999999925,0
2024-12-10 21:00:00,0.4,0.7000000000000001,3.9999999999999925,0
2024-12-10 22:00:00,0.0,0.6000000000000001,3.8999999999999924,0
2024-12-10 23:00:00,0.0,0.5,3.8999999999999924,0
2024-12-11 00:00:00,0.0,0.4,3.8999999999999924,0
2024-12-11 01:00:00,0.0,0.4,3.8999999999999924,0
2024-12-11 02:00:00,0.0,0.4,3.8999999999999924,0
2024-12-11 03:00:00,0.0,0.0,3.8999999999999924,0
2024-12-11 04:00:00,0.0,0.0,3.8999999999999924,0
2024-12-11 05:00:00,0.0,0.0,3.8999999999999924,0
2024-12-11 06:00:00,0.0,0.0,3.8999999999999924,0
2024-12-11 07:00:00,0.0,0.0,3.8999999999999924,0
2024-12-11 08:00:00,0.0,0.0,3.8999999999999924,0
2024-12-11 09:00:00,0.0,0.0,3.8999999999999924,0
2024-12-11 10:00:00,0.0,0.0,1.6999999999999922,0
2024-12-11 11:00:00,0.1,0.1,1.699999999999992,0
2024-12-11 12:00:00,0.2,0.30000000000000004,1.5999999999999919,0
2024-12-11 13:00:00,0.4,0.7000000000000001,1.6999999999999922,0
2024-12-11 14:00:00,0.1,0.8,1.6999999999999922,0
2024-12-11 15:00:00,0.0,0.8,1.4999999999999922,0
2024-12-11 16:00:00,0.0,0.8,1.3999999999999921,0
2024-12-11 17:00:00,0.0,0.7000000000000001,1.2999999999999923,0
2024-12-11 18:00:00,0.0,0.5,1.1999999999999922,0
2024-12-11 19:00:00,0.0,0.1,1.1999999999999922,0
2024-12-11 20:00:00,0.0,0.0,1.1999999999999922,0
2024-12-11 21:00:00,0.0,0.0,0.799999999999992,0
2024-12-11 22:00:00,0.0,0.0,0.799999999999992,0
2024-12-11 23:00:00,0.0,0.0,0.799999999999992,0
2024-12-12 00:00:00,0.0,0.0,0.799999999999992,0
2024-12-12 01:00:00,0.0,0.0,0.799999999999992,0
2024-12-12 02:00:00,0.0,0.0,0.799999999999992,0
2024-12-12 03:00:00,0.0,0.0,0.799999999999992,0
2024-12-12 04:00:00,0.0,0.0,0.799999999999992,0
2024-12-12 05:00:00,0.0,0.0,0.799999999999992,0
2024-12-12 06:00:00,0.0,0.0,0.799999999999992,0
2024-12-12 07:00:00,0.0,0.0,0.799999999999992,0
2024-12-12 08:00:00,0.5,0.5,1.299999999999992,0
2024-12-12 09:00:00,0.1,0.6,1.3999999999999921,0
2024-12-12 10:00:00,0.1,0.7,1.499999999999992,0
2024-12-12 11:00:00,0.4,1.1,1.799999999999992,0
2024-12-12 12:00:00,0.3,1.4,1.899999999999992,0
2024-12-12 13:00:00,1.5,2.9,2.999999999999992,0
2024-12-12 14:00:00,0.4,2.8,3.299999999999992,0
2024-12-12 15:00:00,0.1,2.8,3.399999999999992,0
2024-12-12 16:00:00,0.1,2.8,3.499999999999992,0
2024-12-12 17:00:00,0.7,3.0999999999999996,4.199999999999992,0
2024-12-12 18:00:00,0.2,3.0,4.399999999999992,0
2024-12-12 19:00:00,0.6,2.1,4.999999999999992,0
2024-12-12 20:00:00,1.3,3.0,6.299999999999992,0
2024-12-12 21:00:00,3.0,5.9,9.299999999999992,0
2024-12-12 22:00:00,0.1,5.9,9.399999999999991,0
2024-12-12 23:00:00,0.0,5.2,9.399999999999991,0
2024-12-13 00:00:00,0.0,5.0,9.399999999999991,0
2024-12-13 01:00:00,0.0,4.4,9.399999999999991,0
2024-12-13 02:00:00,0.0,3.0999999999999996,9.399999999999991,0
2024-12-13 03:00:00,0.0,0.09999999999999956,9.399999999999991,0
2024-12-13 04:00:00,0.0,0.0,9.399999999999991,0
2024-12-13 05:00:00,0.0,0.0,9.399999999999991,0
2024-12-13 06:00:00,0.0,0.0,9.399999999999991,0
2024-12-13 07:00:00,0.0,0.0,9.399999999999991,0
2024-12-13 08:00:00,0.0,0.0,8.899999999999991,0
2024-12-13 09:00:00,0.0,0.0,8.799999999999992,0
2024-12-13 10:00:00,0.0,0.0,8.699999999999992,0
2024-12-13 11:00:00,0.2,0.19999999999999957,8.499999999999993,0
2024-12-13 12:00:00,0.4,0.5999999999999996,8.59999999999999,0
2024-12-13 13:00:00,0.1,0.6999999999999996,7.199999999999991,0
2024-12-13 14:00:00,0.0,0.6999999999999996,6.799999999999992,0
2024-12-13 15:00:00,0.0,0.6999999999999996,6.699999999999991,0
2024-12-13 16:00:00,0.0,0.6999999999999996,6.599999999999992,0
2024-12-13 17:00:00,0.0,0.49999999999999956,5.8999999999999915,0
2024-12-13 18:00:00,0.0,0.09999999999999956,5.699999999999991,0
2024-12-13 19:00:00,0.0,0.0,5.099999999999992,0
2024-12-13 20:00:00,0.0,0.0,3.7999999999999923,0
2024-12-13 21:00:00,0.0,0.0,0.799999999999992,0
2024-12-13 22:00:00,0.0,0.0,0.6999999999999921,0
2024-12-13 23:00:00,0.0,0.0,0.6999999999999921,0
2024-12-14 00:00:00,0.1,0.09999999999999956,0.799999999999992,0
2024-12-14 01:00:00,0.2,0.2999999999999996,0.9999999999999921,0
2024-12-14 02:00:00,0.0,0.2999999999999996,0.9999999999999921,0
2024-12-14 03:00:00,0.0,0.2999999999999996,0.9999999999999921,0
2024-12-14 04:00:00,0.0,0.2999999999999996,0.9999999999999921,0
2024-12-14 05:00:00,0.0,0.2999999999999996,0.9999999999999921,0
2024-12-14 06:00:00,0.0,0.19999999999999957,0.9999999999999921,0
2024-12-14 07:00:00,0.0,0.0,0.9999999999999921,0
2024-12-14 08:00:00,0.0,0.0,0.9999999999999921,0
2024-12-14 09:00:00,0.0,0.0,0.9999999999999921,0
2024-12-14 10:00:00,0.0,0.0,0.9999999999999921,0
2024-12-14 11:00:00,0.2,0.19999999999999957,0.999999999999992,0
2024-12-14 12:00:00,0.2,0.3999999999999996,0.799999999999992,0
2024-12-14 13:00:00,0.5,0.8999999999999996,1.1999999999999922,0
2024-12-14 14:00:00,0.2,1.0999999999999996,1.3999999999999921,0
2024-12-14 15:00:00,0.4,1.4999999999999996,1.799999999999992,0
2024-12-14 16:00:00,0.1,1.5999999999999996,1.8999999999999921,0
2024-12-14 17:00:00,0.1,1.4999999999999996,1.999999999999992,0
2024-12-14 18:00:00,0.0,1.2999999999999994,1.999999999999992,0
2024-12-14 19:00:00,0.0,0.7999999999999996,1.999999999999992,0
2024-12-14 20:00:00,0.0,0.5999999999999996,1.999999999999992,0
2024-12-14 21:00:00,0.0,0.19999999999999957,1.999999999999992,0
2024-12-14 22:00:00,0.0,0.09999999999999956,1.999999999999992,0
2024-12-14 23:00:00,0.0,0.0,1.999999999999992,0
2024-12-15 00:00:00,0.0,0.0,1.899999999999992,0
2024-12-15 01:00:00,0.0,0.0,1.6999999999999922,0
2024-12-15 02:00:00,0.0,0.0,1.6999999999999922,0
2024-12-15 03:00:00,0.0,0.0,1.6999999999999922,0
2024-12-15 04:00:00,0.1,0.09999999999999956,1.799999999999992,0
2024-12-15 05:00:00,0.0,0.09999999999999956,1.799999999999992,0
2024-12-15 06:00:00,0.0,0.09999999999999956,1.799999999999992,0
2024-12-15 07:00:00,0.1,0.19999999999999957,1.8999999999999921,0
2024-12-15 08:00:00,0.0,0.19999999999999957,1.8999999999999921,0
2024-12-15 09:00:00,0.0,0.19999999999999957,1.8999999999999921,0
2024-12-15 10:00:00,0.2,0.2999999999999996,2.099999999999992,0
2024-12-15 11:00:00,0.1,0.3999999999999996,1.9999999999999922,0
2024-12-15 12:00:00,0.3,0.6999999999999995,2.099999999999992,0
2024-12-15 13:00:00,0.2,0.7999999999999996,1.7999999999999923,0
2024-12-15 14:00:00,0.1,0.8999999999999996,1.699999999999992,0
2024-12-15 15:00:00,0.1,0.9999999999999996,1.3999999999999921,0
2024-12-15 16:00:00,0.1,0.8999999999999996,1.3999999999999921,0
2024-12-15 17:00:00,0.1,0.8999999999999996,1.3999999999999921,0
2024-12-15 18:00:00,0.1,0.6999999999999996,1.499999999999992,0
2024-12-15 19:00:00,0.2,0.6999999999999996,1.699999999999992,0
2024-12-15 20:00:00,0.1,0.6999999999999996,1.7999999999999923,0
2024-12-15 21:00:00,0.0,0.5999999999999996,1.7999999999999923,0
2024-12-15 22:00:00,0.1,0.5999999999999995,1.8999999999999921,0
2024-12-15 23:00:00,0.0,0.49999999999999956,1.899999999999992,0
2024-12-16 00:00:00,0.0,0.3999999999999996,1.899999999999992,0
2024-12-16 01:00:00,0.0,0.19999999999999957,1.899999999999992,0
2024-12-16 02:00:00,0.0,0.09999999999999956,1.899999999999992,0
2024-12-16 03:00:00,0.0,0.09999999999999956,1.899999999999992,0
2024-12-16 04:00:00,0.0,0.0,1.799999999999992,0
2024-12-16 05:00:00,0.0,0.0,1.799999999999992,0
2024-12-16 06:00:00,0.0,0.0,1.799999999999992,0
2024-12-16 07:00:00,0.0,0.0,1.699999999999992,0
2024-12-16 08:00:00,0.0,0.0,1.699999999999992,0
2024-12-16 09:00:00,0.0,0.0,1.699999999999992,0
2024-12-16 10:00:00,0.0,0.0,1.499999999999992,0
2024-12-16 11:00:00,0.2,0.19999999999999957,1.599999999999992,0
2024-12-16 12:00:00,0.1,0.2999999999999996,1.3999999999999921,0
2024-12-16 13:00:00,0.2,0.49999999999999956,1.399999999999992,0
2024-12-16 14:00:00,0.2,0.6999999999999996,1.4999999999999922,0
2024-12-16 15:00:00,0.2,0.8999999999999996,1.599999999999992,0
2024-12-16 16:00:00,0.2,1.0999999999999996,1.699999999999992,0
2024-12-16 17:00:00,0.1,0.9999999999999997,1.6999999999999922,0
2024-12-16 18:00:00,0.0,0.8999999999999996,1.599999999999992,0
2024-12-16 19:00:00,0.0,0.6999999999999996,1.3999999999999921,0
2024-12-16 20:00:00,0.0,0.49999999999999956,1.299999999999992,0
2024-12-16 21:00:00,0.1,0.3999999999999996,1.399999999999992,0
2024-12-16 22:00:00,0.6,0.7999999999999995,1.8999999999999921,0
2024-12-16 23:00:00,1.0,1.6999999999999995,2.8999999999999924,0
2024-12-17 00:00:00,0.2,1.8999999999999995,3.099999999999992,0
2024-12-17 01:00:00,0.1,1.9999999999999996,3.199999999999992,0
2024-12-17 02:00:00,0.0,1.9999999999999996,3.199999999999992,0
2024-12-17 03:00:00,0.0,1.8999999999999995,3.199999999999992,0
2024-12-17 04:00:00,0.0,1.2999999999999996,3.199999999999992,0
2024-12-17 05:00:00,0.0,0.2999999999999996,3.199999999999992,0
2024-12-17 06:00:00,0.0,0.09999999999999956,3.199999999999992,0
2024-12-17 07:00:00,0.0,0.0,3.199999999999992,0
2024-12-17 08:00:00,0.0,0.0,3.199999999999992,0
2024-12-17 09:00:00,0.0,0.0,3.199999999999992,0
2024-12-17 10:00:00,0.1,0.09999999999999956,3.2999999999999923,0
2024-12-17 11:00:00,0.0,0.09999999999999956,3.099999999999992,0
2024-12-17 12:00:00,0.0,0.09999999999999956,2.999999999999992,0
2024-12-17 13:00:00,0.1,0.19999999999999957,2.8999999999999924,0
2024-12-17 14:00:00,0.0,0.19999999999999957,2.699999999999992,0
2024-12-17 15:00:00,0.1,0.2999999999999996,2.5999999999999917,0
2024-12-17 16:00:00,0.0,0.19999999999999957,2.399999999999992,0
2024-12-17 17:00:00,0.0,0.19999999999999957,2.299999999999992,0
2024-12-17 18:00:00,0.0,0.19999999999999957,2.299999999999992,0
2024-12-17 19:00:00,0.0,0.09999999999999956,2.299999999999992,0
2024-12-17 20:00:00,0.0,0.09999999999999956,2.299999999999992,0
2024-12-17 21:00:00,0.0,0.0,2.1999999999999917,0
2024-12-17 22:00:00,0.0,0.0,1.599999999999992,0
2024-12-17 23:00:00,0.0,0.0,0.5999999999999921,0
2024-12-18 00:00:00,0.0,0.0,0.39999999999999203,0
2024-12-18 01:00:00,0.0,0.0,0.29999999999999205,0
2024-12-18 02:00:00,0.0,0.0,0.29999999999999205,0
2024-12-18 03:00:00,0.0,0.0,0.29999999999999205,0
2024-12-18 04:00:00,0.0,0.0,0.29999999999999205,0
2024-12-18 05:00:00,0.0,0.0,0.29999999999999205,0
2024-12-18 06:00:00,0.0,0.0,0.29999999999999205,0
2024-12-18 07:00:00,0.0,0.0,0.29999999999999205,0
2024-12-18 08:00:00,0.1,0.09999999999999956,0.39999999999999203,0
2024-12-18 09:00:00,0.0,0.09999999999999956,0.39999999999999203,0
2024-12-18 10:00:00,0.4,0.49999999999999956,0.699999999999992,0
2024-12-18 11:00:00,0.6,1.0999999999999996,1.299999999999992,0
2024-12-18 12:00:00,0.3,1.3999999999999995,1.599999999999992,0
2024-12-18 13:00:00,0.5,1.8999999999999995,1.999999999999992,0
2024-12-18 14:00:00,0.1,1.8999999999999995,2.099999999999992,0
2024-12-18 15:00:00,0.3,2.1999999999999993,2.299999999999992,0
2024-12-18 16:00:00,0.3,2.0999999999999996,2.599999999999992,0
2024-12-18 17:00:00,0.1,1.5999999999999994,2.699999999999992,0
2024-12-18 18:00:00,0.1,1.3999999999999995,2.799999999999992,0
2024-12-18 19:00:00,0.0,0.8999999999999996,2.799999999999992,0
2024-12-18 20:00:00,0.1,0.8999999999999996,2.899999999999992,0
2024-12-18 21:00:00,0.1,0.6999999999999995,2.999999999999992,0
2024-12-18 22:00:00,0.0,0.3999999999999996,2.999999999999992,0
2024-12-18 23:00:00,0.1,0.3999999999999996,3.099999999999992,0
2024-12-19 00:00:00,0.1,0.3999999999999996,3.199999999999992,0
2024-12-19 01:00:00,0.1,0.49999999999999956,3.2999999999999923,0
2024-12-19 02:00:00,0.1,0.4999999999999996,3.399999999999992,0
2024-12-19 03:00:00,0.1,0.49999999999999956,3.499999999999992,0
2024-12-19 04:00:00,0.0,0.49999999999999956,3.499999999999992,0
2024-12-19 05:00:00,0.0,0.3999999999999996,3.499999999999992,0
2024-12-19 06:00:00,0.1,0.3999999999999996,3.599999999999992,0
2024-12-19 07:00:00,0.1,0.3999999999999996,3.699999999999992,0
2024-12-19 08:00:00,0.1,0.3999999999999996,3.699999999999992,0
2024-12-19 09:00:00,0.1,0.3999999999999996,3.799999999999992,0
2024-12-19 10:00:00,0.4,0.7999999999999996,3.7999999999999923,0
2024-12-19 11:00:00,0.6,1.3999999999999995,3.799999999999992,0
2024-12-19 12:00:00,0.6,1.8999999999999995,4.0999999999999925,0
2024-12-19 13:00:00,0.9,2.6999999999999997,4.499999999999992,0
2024-12-19 14:00:00,0.7,3.2999999999999994,5.099999999999992,0
2024-12-19 15:00:00,0.8,3.9999999999999996,5.599999999999992,0
2024-12-19 16:00:00,0.2,3.7999999999999994,5.499999999999992,0
2024-12-19 17:00:00,0.2,3.3999999999999995,5.5999999999999925,0
2024-12-19 18:00:00,0.3,3.0999999999999996,5.799999999999992,0
2024-12-19 19:00:00,0.3,2.4999999999999996,6.099999999999992,0
2024-12-19 20:00:00,0.2,1.9999999999999998,6.199999999999992,0
2024-12-19 21:00:00,0.3,1.4999999999999996,6.3999999999999915,0
2024-12-19 22:00:00,0.1,1.3999999999999995,6.499999999999992,0
2024-12-19 23:00:00,0.1,1.2999999999999996,6.499999999999992,0
2024-12-20 00:00:00,0.1,1.0999999999999994,6.499999999999991,0
2024-12-20 01:00:00,0.1,0.8999999999999996,6.499999999999992,0
2024-12-20 02:00:00,0.1,0.7999999999999995,6.499999999999992,0
2024-12-20 03:00:00,0.2,0.6999999999999996,6.599999999999992,0
2024-12-20 04:00:00,0.1,0.6999999999999996,6.699999999999992,0
2024-12-20 05:00:00,0.1,0.6999999999999996,6.799999999999992,0
2024-12-20 06:00:00,0.0,0.5999999999999995,6.699999999999992,0
2024-12-20 07:00:00,0.0,0.49999999999999956,6.599999999999992,0
2024-12-20 08:00:00,0.0,0.3999999999999996,6.499999999999992,0
2024-12-20 09:00:00,1.6,1.7999999999999996,7.999999999999993,0
2024-12-20 10:00:00,0.2,1.8999999999999995,7.799999999999992,0
2024-12-20 11:00:00,1.6,3.3999999999999995,8.799999999999992,0
2024-12-20 12:00:00,0.1,3.4999999999999996,8.299999999999994,0
2024-12-20 13:00:00,0.2,3.6999999999999997,7.5999999999999925,0
2024-12-20 14:00:00,0.1,3.8,6.999999999999992,0
2024-12-20 15:00:00,0.2,2.3999999999999995,6.399999999999992,0
2024-12-20 16:00:00,0.4,2.5999999999999996,6.5999999999999925,0
2024-12-20 17:00:00,0.2,1.1999999999999997,6.5999999999999925,0
2024-12-20 18:00:00,0.1,1.1999999999999995,6.399999999999992,0
2024-12-20 19:00:00,0.4,1.3999999999999995,6.499999999999993,0
2024-12-20 20:00:00,0.1,1.3999999999999995,6.399999999999992,0
2024-12-20 21:00:00,0.3,1.4999999999999996,6.399999999999992,0
2024-12-20 22:00:00,0.1,1.1999999999999997,6.399999999999992,0
2024-12-20 23:00:00,0.3,1.2999999999999996,6.5999999999999925,0
2024-12-21 00:00:00,1.2,2.3999999999999995,7.699999999999992,0
2024-12-21 01:00:00,0.4,2.3999999999999995,7.999999999999992,0
2024-12-21 02:00:00,0.3,2.5999999999999996,8.199999999999992,0
2024-12-21 03:00:00,1.0,3.3,8.999999999999993,0
2024-12-21 04:00:00,1.1,4.3,9.999999999999993,0
2024-12-21 05:00:00,0.2,4.2,10.09999999999999,0
2024-12-21 06:00:00,0.2,3.1999999999999997,10.299999999999992,0
2024-12-21 07:00:00,0.1,2.9,10.399999999999991,0
2024-12-21 08:00:00,0.1,2.6999999999999993,10.499999999999991,0
2024-12-21 09:00:00,0.1,1.7999999999999996,8.999999999999991,0
2024-12-21 10:00:00,0.3,0.9999999999999996,9.099999999999993,0
2024-12-21 11:00:00,0.1,0.8999999999999996,7.599999999999992,0
2024-12-21 12:00:00,0.4,1.0999999999999996,7.899999999999992,0
2024-12-21 13:00:00,0.4,1.3999999999999995,8.099999999999993,0
2024-12-21 14:00:00,1.4,2.6999999999999993,9.399999999999991,0
2024-12-21 15:00:00,0.6,3.1999999999999993,9.799999999999992,0
2024-12-21 16:00:00,0.2,3.099999999999999,9.599999999999993,0
2024-12-21 17:00:00,0.2,3.1999999999999993,9.59999999999999,0
2024-12-21 18:00:00,0.1,2.8999999999999995,9.599999999999993,0
2024-12-21 19:00:00,0.0,2.4999999999999996,9.199999999999992,0
2024-12-21 20:00:00,0.0,1.0999999999999996,9.099999999999993,0
2024-12-21 21:00:00,0.0,0.49999999999999956,8.799999999999992,0
2024-12-21 22:00:00,0.0,0.2999999999999996,8.699999999999992,0
2024-12-21 23:00:00,0.0,0.09999999999999956,8.399999999999993,0
2024-12-22 00:00:00,0.0,0.0,7.199999999999991,0
2024-12-22 01:00:00,0.0,0.0,6.799999999999992,0
2024-12-22 02:00:00,0.0,0.0,6.499999999999992,0
2024-12-22 03:00:00,0.0,0.0,5.499999999999992,0
2024-12-22 04:00:00,0.0,0.0,4.3999999999999915,0
2024-12-22 05:00:00,0.0,0.0,4.199999999999991,0
2024-12-22 06:00:00,0.0,0.0,3.999999999999992,0
2024-12-22 07:00:00,0.0,0.0,3.899999999999992,0
2024-12-22 08:00:00,0.0,0.0,3.7999999999999923,0
2024-12-22 09:00:00,0.0,0.0,3.699999999999992,0
2024-12-22 10:00:00,0.2,0.19999999999999957,3.599999999999992,0
2024-12-22 11:00:00,0.2,0.3999999999999996,3.699999999999992,0
2024-12-22 12:00:00,0.3,0.6999999999999995,3.5999999999999917,0
2024-12-22 13:00:00,1.4,2.0999999999999996,4.599999999999992,0
2024-12-22 14:00:00,0.3,2.3999999999999995,3.499999999999992,0
2024-12-22 15:00:00,0.2,2.5999999999999996,3.0999999999999917,0
2024-12-22 16:00:00,0.4,2.7999999999999994,3.2999999999999923,0
2024-12-22 17:00:00,0.3,2.8999999999999995,3.399999999999992,0
2024-12-22 18:00:00,0.4,2.999999999999999,3.6999999999999917,0
2024-12-22 19:00:00,5.9,7.5,9.599999999999993,0
2024-12-22 20:00:00,0.4,7.6000000000000005,9.999999999999993,0
2024-12-22 21:00:00,0.2,7.6,10.199999999999992,0
2024-12-22 22:00:00,1.4,8.6,11.599999999999993,0
2024-12-22 23:00:00,1.9,10.200000000000001,13.499999999999993,0
2024-12-23 00:00:00,0.1,9.9,13.599999999999993,0
2024-12-23 01:00:00,0.1,4.1,13.699999999999992,0
2024-12-23 02:00:00,0.1,3.8,13.799999999999992,0
2024-12-23 03:00:00,0.0,3.5999999999999996,13.799999999999992,0
2024-12-23 04:00:00,0.2,2.4,13.999999999999993,0
2024-12-23 05:00:00,0.1,0.6000000000000001,14.099999999999993,0
2024-12-23 06:00:00,0.3,0.8,14.399999999999993,0
2024-12-23 07:00:00,0.1,0.7999999999999999,14.499999999999993,0
2024-12-23 08:00:00,0.1,0.8,14.599999999999993,0
2024-12-23 09:00:00,0.4,1.2,14.999999999999993,0
2024-12-23 10:00:00,0.3,1.3,15.099999999999993,0
2024-12-23 11:00:00,0.1,1.3,14.999999999999993,0
2024-12-23 12:00:00,0.0,0.9999999999999999,14.699999999999994,0
2024-12-23 13:00:00,0.0,0.9,13.299999999999994,0
2024-12-23 14:00:00,0.0,0.8,12.999999999999993,0
2024-12-23 15:00:00,0.0,0.4,12.799999999999994,0
2024-12-23 16:00:00,0.0,0.1,12.399999999999993,0
2024-12-23 17:00:00,0.0,0.0,12.099999999999993,0
2024-12-23 18:00:00,0.0,0.0,11.699999999999994,0
2024-12-23 19:00:00,0.0,0.0,5.799999999999992,0
2024-12-23 20:00:00,0.0,0.0,5.3999999999999915,0
2024-12-23 21:00:00,0.1,0.1,5.299999999999993,0
2024-12-23 22:00:00,0.5,0.6,4.399999999999992,0
2024-12-23 23:00:00,1.1,1.7000000000000002,3.599999999999992,0
2024-12-24 00:00:00,1.6,3.3000000000000003,5.0999999999999925,0
2024-12-24 01:00:00,0.0,3.3000000000000003,4.999999999999993,0
2024-12-24 02:00:00,0.0,3.3000000000000003,4.8999999999999915,0
2024-12-24 03:00:00,0.0,3.2,4.8999999999999915,0
2024-12-24 04:00:00,0.0,2.7,4.699999999999992,0
2024-12-24 05:00:00,0.0,1.6,4.5999999999999925,0
2024-12-24 06:00:00,0.0,0.0,4.299999999999992,0
2024-12-24 07:00:00,0.0,0.0,4.199999999999992,0
2024-12-24 08:00:00,0.0,0.0,4.0999999999999925,0
2024-12-24 09:00:00,0.0,0.0,3.699999999999992,0
2024-12-24 10:00:00,0.0,0.0,3.3999999999999924,0
2024-12-24 11:00:00,0.1,0.1,3.3999999999999924,0
2024-12-24 12:00:00,6.1,6.199999999999999,9.499999999999993,0
2024-12-24 13:00:00,1.9,8.1,11.399999999999991,0
2024-12-24 14:00:00,0.2,8.299999999999999,11.599999999999993,0
2024-12-24 15:00:00,1.6,9.899999999999999,13.199999999999992,0
2024-12-24 16:00:00,2.7,12.6,15.899999999999991,0
2024-12-24 17:00:00,5.0,17.5,20.89999999999999,0
2024-12-24 18:00:00,0.3,11.700000000000001,21.199999999999992,0
2024-12-24 19:00:00,1.6,11.4,22.799999999999994,0
2024-12-24 20:00:00,0.5,11.700000000000001,23.299999999999994,0
2024-12-24 21:00:00,2.2,12.3,25.39999999999999,0
2024-12-24 22:00:00,1.7,11.3,26.59999999999999,0
2024-12-24 23:00:00,2.0,8.3,27.499999999999993,0
2024-12-25 00:00:00,0.9,8.9,26.799999999999994,0
2024-12-25 01:00:00,1.1,8.4,27.89999999999999,0
2024-12-25 02:00:00,1.2,9.1,29.09999999999999,0
2024-12-25 03:00:00,1.8,8.7,30.89999999999999,0
2024-12-25 04:00:00,2.9,9.9,33.79999999999999,0
2024-12-25 05:00:00,4.2,12.1,37.99999999999999,0
2024-12-25 06:00:00,2.2,13.399999999999999,40.199999999999996,0
2024-12-25 07:00:00,0.4,12.7,40.599999999999994,0
2024-12-25 08:00:00,0.1,11.600000000000001,40.699999999999996,0
2024-12-25 09:00:00,0.6,10.4,41.29999999999999,0
2024-12-25 10:00:00,1.3,8.799999999999999,42.599999999999994,0
2024-12-25 11:00:00,0.8,5.4,43.29999999999999,0
2024-12-25 12:00:00,1.8,5.0,38.99999999999999,0
2024-12-25 13:00:00,1.3,5.8999999999999995,38.39999999999999,0
2024-12-25 14:00:00,0.5,6.3,38.699999999999996,0
2024-12-25 15:00:00,0.3,6.0,37.39999999999999,0
2024-12-25 16:00:00,0.1,4.8,34.79999999999999,0
2024-12-25 17:00:00,0.1,4.1,29.89999999999999,0
2024-12-25 18:00:00,0.0,2.3,29.599999999999994,0
2024-12-25 19:00:00,0.0,1.0,27.999999999999993,0
2024-12-25 20:00:00,0.0,0.5,27.499999999999993,0
2024-12-25 21:00:00,0.0,0.2,25.299999999999994,0
2024-12-25 22:00:00,0.0,0.1,23.599999999999994,0
2024-12-25 23:00:00,0.0,0.0,21.599999999999994,0
2024-12-26 00:00:00,0.0,0.0,20.699999999999992,0
2024-12-26 01:00:00,0.0,0.0,19.599999999999994,0
2024-12-26 02:00:00,0.0,0.0,18.39999999999999,0
2024-12-26 03:00:00,0.0,0.0,16.599999999999994,0
2024-12-26 04:00:00,0.1,0.1,13.799999999999992,0
2024-12-26 05:00:00,0.0,0.1,9.599999999999993,0
2024-12-26 06:00:00,0.0,0.1,7.399999999999993,0
2024-12-26 07:00:00,0.0,0.1,6.999999999999993,0
2024-12-26 08:00:00,0.0,0.1,6.899999999999993,0
2024-12-26 09:00:00,0.0,0.1,6.299999999999994,0
2024-12-26 10:00:00,0.0,0.0,4.999999999999993,0
2024-12-26 11:00:00,0.0,0.0,4.199999999999993,0
2024-12-26 12:00:00,1.4,1.4,3.7999999999999927,0
2024-12-26 13:00:00,0.4,1.7999999999999998,2.8999999999999932,0
2024-12-26 14:00:00,0.6,2.4,2.999999999999993,0
2024-12-26 15:00:00,0.1,2.5,2.7999999999999927,0
2024-12-26 16:00:00,0.0,2.5,2.6999999999999926,0
2024-12-26 17:00:00,0.0,2.5,2.5999999999999925,0
2024-12-26 18:00:00,0.0,1.1,2.5999999999999925,0
2024-12-26 19:00:00,0.0,0.7,2.5999999999999925,0
2024-12-26 20:00:00,0.0,0.1,2.5999999999999925,0
2024-12-26 21:00:00,0.0,0.0,2.5999999999999925,0
2024-12-26 22:00:00,0.0,0.0,2.5999999999999925,0
2024-12-26 23:00:00,0.0,0.0,2.5999999999999925,0
2024-12-27 00:00:00,0.0,0.0,2.5999999999999925,0
2024-12-27 01:00:00,0.0,0.0,2.5999999999999925,0
2024-12-27 02:00:00,0.0,0.0,2.5999999999999925,0
2024-12-27 03:00:00,0.0,0.0,2.5999999999999925,0
2024-12-27 04:00:00,0.0,0.0,2.499999999999993,0
2024-12-27 05:00:00,0.0,0.0,2.499999999999993,0
2024-12-27 06:00:00,0.0,0.0,2.499999999999993,0
2024-12-27 07:00:00,0.0,0.0,2.499999999999993,0
2024-12-27 08:00:00,0.0,0.0,2.499999999999993,0
2024-12-27 09:00:00,0.0,0.0,2.499999999999993,0
2024-12-27 10:00:00,0.3,0.3,2.799999999999993,0
2024-12-27 11:00:00,0.4,0.7,3.199999999999993,0
2024-12-27 12:00:00,0.5,1.2,2.2999999999999927,0
2024-12-27 13:00:00,0.8,2.0,2.699999999999993,0
2024-12-27 14:00:00,1.3,3.3,3.3999999999999932,0
2024-12-27 15:00:00,1.0,4.3,4.299999999999993,0
2024-12-27 16:00:00,0.9,4.9,5.199999999999993,0
2024-12-27 17:00:00,0.8,5.3,5.999999999999993,0
2024-12-27 18:00:00,0.3,5.1,6.299999999999993,0
2024-12-27 19:00:00,0.0,4.3,6.299999999999993,0
2024-12-27 20:00:00,0.0,3.0000000000000004,6.299999999999993,0
2024-12-27 21:00:00,0.1,2.0999999999999996,6.399999999999993,0
2024-12-27 22:00:00,0.0,1.2,6.399999999999993,0
2024-12-27 23:00:00,0.0,0.4,6.399999999999993,0
2024-12-28 00:00:00,0.0,0.1,6.399999999999993,0
2024-12-28 01:00:00,0.0,0.1,6.399999999999993,0
2024-12-28 02:00:00,0.0,0.1,6.399999999999993,0
2024-12-28 03:00:00,0.0,0.0,6.399999999999993,0
2024-12-28 04:00:00,0.0,0.0,6.399999999999993,0
2024-12-28 05:00:00,0.0,0.0,6.399999999999993,0
2024-12-28 06:00:00,0.0,0.0,6.399999999999993,0
2024-12-28 07:00:00,0.0,0.0,6.399999999999993,0
2024-12-28 08:00:00,0.0,0.0,6.399999999999993,0
2024-12-28 09:00:00,0.0,0.0,6.399999999999993,0
2024-12-28 10:00:00,0.0,0.0,6.099999999999993,0
2024-12-28 11:00:00,0.0,0.0,5.699999999999993,0
2024-12-28 12:00:00,0.0,0.0,5.199999999999993,0
2024-12-28 13:00:00,0.0,0.0,4.399999999999993,0
2024-12-28 14:00:00,0.0,0.0,3.099999999999993,0
2024-12-28 15:00:00,0.0,0.0,2.0999999999999925,0
2024-12-28 16:00:00,0.0,0.0,1.1999999999999929,0
2024-12-28 17:00:00,0.0,0.0,0.3999999999999929,0
2024-12-28 18:00:00,0.0,0.0,0.0999999999999929,0
2024-12-28 19:00:00,0.0,0.0,0.0999999999999929,0
2024-12-28 20:00:00,0.0,0.0,0.0999999999999929,0
2024-12-28 21:00:00,0.0,0.0,0.0,0
2024-12-28 22:00:00,0.0,0.0,0.0,0
2024-12-28 23:00:00,1.9,1.9,1.8999999999999928,0
2024-12-29 00:00:00,0.6,2.5,2.499999999999993,0
2024-12-29 01:00:00,0.4,2.9,2.899999999999993,0
2024-12-29 02:00:00,0.7,3.5999999999999996,3.5999999999999925,0
2024-12-29 03:00:00,0.4,4.0,3.999999999999993,0
2024-12-29 04:00:00,0.5,4.5,4.499999999999993,0
2024-12-29 05:00:00,0.4,3.0,4.899999999999993,0
2024-12-29 06:00:00,0.4,2.8,5.299999999999993,0
2024-12-29 07:00:00,0.1,2.5,5.399999999999993,0
2024-12-29 08:00:00,0.0,1.8,5.399999999999993,0
2024-12-29 09:00:00,0.0,1.4,5.399999999999993,0
2024-12-29 10:00:00,0.0,0.9,5.399999999999993,0
2024-12-29 11:00:00,0.0,0.5,5.399999999999993,0
2024-12-29 12:00:00,0.1,0.2,5.499999999999993,0
2024-12-29 13:00:00,0.0,0.1,5.499999999999993,0
2024-12-29 14:00:00,0.0,0.1,5.499999999999993,0
2024-12-29 15:00:00,0.0,0.1,5.499999999999993,0
2024-12-29 16:00:00,0.0,0.1,5.499999999999993,0
2024-12-29 17:00:00,0.0,0.1,5.499999999999993,0
2024-12-29 18:00:00,0.0,0.0,5.499999999999993,0
2024-12-29 19:00:00,0.0,0.0,5.499999999999993,0
2024-12-29 20:00:00,0.0,0.0,5.499999999999993,0
2024-12-29 21:00:00,0.3,0.3,5.799999999999993,0
2024-12-29 22:00:00,0.5,0.8,6.299999999999993,0
2024-12-29 23:00:00,1.4,2.2,5.799999999999994,0
2024-12-30 00:00:00,0.1,2.3,5.299999999999993,0
2024-12-30 01:00:00,0.1,2.4,4.999999999999993,0
2024-12-30 02:00:00,0.0,2.4,4.299999999999993,0
2024-12-30 03:00:00,0.0,2.1,3.899999999999993,0
2024-12-30 04:00:00,0.0,1.5999999999999999,3.399999999999993,0
2024-12-30 05:00:00,0.0,0.2,2.999999999999993,0
2024-12-30 06:00:00,0.0,0.1,2.599999999999993,0
2024-12-30 07:00:00,0.0,0.0,2.499999999999993,0
2024-12-30 08:00:00,0.0,0.0,2.499999999999993,0
2024-12-30 09:00:00,0.1,0.1,2.5999999999999925,0
2024-12-30 10:00:00,0.2,0.30000000000000004,2.7999999999999927,0
2024-12-30 11:00:00,0.2,0.5,2.999999999999993,0
2024-12-30 12:00:00,0.2,0.7000000000000001,3.0999999999999925,0
2024-12-30 13:00:00,0.2,0.9,3.2999999999999927,0
2024-12-30 14:00:00,2.3,3.1999999999999997,5.5999999999999925,0
2024-12-30 15:00:00,1.0,4.1,6.5999999999999925,0
2024-12-30 16:00:00,1.1,5.0,7.699999999999992,0
2024-12-30 17:00:00,0.0,4.8,7.699999999999992,0
2024-12-30 18:00:00,0.0,4.6,7.699999999999992,0
2024-12-30 19:00:00,0.2,4.6,7.899999999999992,0
2024-12-30 20:00:00,1.5,3.8,9.399999999999993,0
2024-12-30 21:00:00,0.0,2.8,9.099999999999993,0
2024-12-30 22:00:00,0.0,1.7,8.599999999999993,0
2024-12-30 23:00:00,0.0,1.7,7.199999999999993,0
2024-12-31 00:00:00,0.0,1.7,7.0999999999999925,0
2024-12-31 01:00:00,0.0,1.5,6.999999999999993,0
2024-12-31 02:00:00,0.0,0.0,6.999999999999993,0
2024-12-31 03:00:00,0.0,0.0,6.999999999999993,0
2024-12-31 04:00:00,0.0,0.0,6.999999999999993,0
2024-12-31 05:00:00,0.0,0.0,6.999999999999993,0
2024-12-31 06:00:00,0.0,0.0,6.999999999999993,0
2024-12-31 07:00:00,0.0,0.0,6.999999999999993,0
2024-12-31 08:00:00,0.0,0.0,6.999999999999993,0
2024-12-31 09:00:00,0.0,0.0,6.899999999999992,0
2024-12-31 10:00:00,0.0,0.0,6.699999999999992,0
2024-12-31 11:00:00,0.0,0.0,6.499999999999993,0
2024-12-31 12:00:00,0.0,0.0,6.299999999999993,0
2024-12-31 13:00:00,0.3,0.3,6.399999999999992,0
2024-12-31 14:00:00,1.1,1.4000000000000001,5.199999999999993,0
2024-12-31 15:00:00,0.2,1.6,4.399999999999993,0
2024-12-31 16:00:00,0.3,1.9000000000000001,3.599999999999993,0
2024-12-31 17:00:00,0.0,1.9000000000000001,3.599999999999993,0
2024-12-31 18:00:00,0.1,2.0,3.699999999999993,0
2024-12-31 19:00:00,0.0,1.7000000000000002,3.499999999999993,0
2024-12-31 20:00:00,0.0,0.6,1.9999999999999931,0
2024-12-31 21:00:00,6.1,6.5,8.099999999999993,0
2024-12-31 22:00:00,4.2,10.4,12.299999999999994,0
2024-12-31 23:00:00,1.2,11.6,13.499999999999993,0
